user_id,age,country,education,interest,skill_level,preferred_platform,learning_goal,weekly_hours,completed_courses
U00001,32,Germany,Student,Cybersecurity,Intermediate,Skillshare,Certification,4,10
U00002,53,UK,Postgraduate,Programming,Advanced,LinkedIn Learning,College Project,21,1
U00003,53,Germany,Graduate,Web,Intermediate,Skillshare,Upskilling,14,17
U00004,28,UK,Postgraduate,Design,Intermediate,DataCamp,Certification,18,49
U00005,53,Canada,Graduate,Data Science,Beginner,LinkedIn Learning,Interview Prep,6,29
U00006,30,Canada,Graduate,Web,Beginner,Khan Academy,Interview Prep,27,8
U00007,35,Canada,Postgraduate,Design,Beginner,edX,College Project,22,2
U00008,23,UK,Graduate,Soft Skills,Beginner,Coursera,Upskilling,19,35
U00009,44,India,Student,Mobile,Advanced,Udemy,Career Switch,5,14
U00010,33,Australia,Postgraduate,Business,Advanced,DataCamp,Career Switch,12,0
U00011,45,Canada,Student,Soft Skills,Intermediate,DataCamp,Upskilling,17,1
U00012,40,USA,Student,Design,Intermediate,Udemy,Career Switch,9,31
U00013,32,USA,Postgraduate,Cybersecurity,Intermediate,edX,Career Switch,17,32
U00014,25,Canada,Graduate,Web,Beginner,Skillshare,Promotion,8,33
U00015,31,Canada,Postgraduate,Programming,Advanced,Coursera,Career Switch,13,8
U00016,42,Canada,Student,Business,Intermediate,LinkedIn Learning,Upskilling,4,18
U00017,23,Canada,Postgraduate,AI,Beginner,FutureLearn,Career Switch,5,22
U00018,34,Germany,Postgraduate,Business,Beginner,DataCamp,Career Switch,23,17
U00019,54,Germany,Student,Mobile,Advanced,LinkedIn Learning,Certification,2,16
U00020,44,Germany,Postgraduate,Soft Skills,Intermediate,LinkedIn Learning,Promotion,8,31
U00021,46,Australia,Postgraduate,Data Science,Intermediate,Udemy,College Project,20,40
U00022,35,UK,Graduate,Cybersecurity,Advanced,edX,Upskilling,29,35
U00023,45,Canada,Student,AI,Intermediate,Khan Academy,Certification,14,26
U00024,24,Australia,Graduate,Cybersecurity,Beginner,DataCamp,Promotion,29,30
U00025,55,USA,Graduate,Mobile,Intermediate,Khan Academy,Upskilling,7,28
U00026,27,Germany,Graduate,Design,Intermediate,edX,College Project,15,44
U00027,55,Germany,Graduate,Cloud,Advanced,LinkedIn Learning,Career Switch,28,31
U00028,38,Germany,Postgraduate,Business,Beginner,edX,Upskilling,23,5
U00029,47,USA,Postgraduate,Cloud,Beginner,edX,Promotion,26,3
U00030,21,Australia,Student,Design,Intermediate,Coursera,Interview Prep,19,20
U00031,21,Australia,Student,Data Science,Beginner,LinkedIn Learning,Certification,15,25
U00032,45,India,Student,Design,Beginner,LinkedIn Learning,Upskilling,4,4
U00033,30,UK,Graduate,Soft Skills,Beginner,edX,Promotion,25,29
U00034,29,Germany,Student,AI,Intermediate,Khan Academy,Interview Prep,14,42
U00035,51,USA,Graduate,Design,Intermediate,Skillshare,Interview Prep,25,13
U00036,28,India,Student,Cybersecurity,Intermediate,Khan Academy,Promotion,11,39
U00037,38,UK,Graduate,Web,Beginner,Udemy,Upskilling,10,37
U00038,33,UK,Postgraduate,Data Science,Advanced,Khan Academy,Certification,28,6
U00039,43,India,Postgraduate,Cloud,Beginner,LinkedIn Learning,College Project,13,45
U00040,19,Australia,Postgraduate,AI,Intermediate,edX,Upskilling,12,40
U00041,32,Germany,Postgraduate,Business,Beginner,Udemy,College Project,28,15
U00042,37,Germany,Graduate,Cybersecurity,Advanced,Udemy,Upskilling,12,48
U00043,53,Germany,Student,Design,Advanced,Khan Academy,College Project,11,16
U00044,31,Germany,Graduate,Programming,Beginner,Khan Academy,Upskilling,11,36
U00045,51,Canada,Postgraduate,Programming,Beginner,Coursera,Upskilling,30,48
U00046,42,Australia,Student,Cybersecurity,Beginner,LinkedIn Learning,College Project,28,24
U00047,33,Germany,Student,Data Science,Advanced,FutureLearn,Promotion,16,43
U00048,33,Australia,Postgraduate,Soft Skills,Advanced,FutureLearn,Promotion,6,33
U00049,38,UK,Postgraduate,Programming,Intermediate,DataCamp,Interview Prep,11,33
U00050,38,Germany,Postgraduate,Cybersecurity,Advanced,DataCamp,Interview Prep,22,2
U00051,47,UK,Student,AI,Intermediate,Coursera,Career Switch,29,0
U00052,54,India,Graduate,Design,Beginner,FutureLearn,Promotion,17,6
U00053,23,Germany,Postgraduate,AI,Advanced,Udemy,Promotion,19,46
U00054,29,Germany,Student,Web,Intermediate,FutureLearn,Interview Prep,11,4
U00055,21,Canada,Student,Programming,Advanced,DataCamp,Upskilling,17,28
U00056,19,Germany,Graduate,Mobile,Advanced,Skillshare,College Project,28,44
U00057,49,Canada,Postgraduate,Cybersecurity,Beginner,Khan Academy,Interview Prep,16,11
U00058,33,India,Graduate,Cloud,Beginner,LinkedIn Learning,College Project,24,48
U00059,49,Germany,Postgraduate,Cybersecurity,Intermediate,Coursera,College Project,28,21
U00060,53,UK,Graduate,AI,Advanced,Khan Academy,Upskilling,27,43
U00061,18,Canada,Postgraduate,Business,Advanced,edX,Career Switch,21,23
U00062,44,India,Graduate,Business,Advanced,LinkedIn Learning,Certification,26,13
U00063,18,Australia,Student,Web,Intermediate,Khan Academy,Career Switch,25,4
U00064,38,UK,Student,Business,Intermediate,edX,Certification,22,46
U00065,37,Germany,Student,Web,Intermediate,DataCamp,Certification,18,0
U00066,37,USA,Postgraduate,AI,Advanced,LinkedIn Learning,Career Switch,7,0
U00067,18,UK,Graduate,Cloud,Beginner,Coursera,Upskilling,5,8
U00068,22,Canada,Graduate,Programming,Advanced,LinkedIn Learning,Upskilling,26,25
U00069,24,Germany,Student,AI,Beginner,Udemy,Promotion,7,33
U00070,48,USA,Postgraduate,Mobile,Beginner,LinkedIn Learning,Upskilling,26,41
U00071,40,USA,Postgraduate,Mobile,Advanced,Udemy,Certification,14,0
U00072,21,UK,Student,Mobile,Beginner,Skillshare,College Project,26,32
U00073,21,USA,Postgraduate,Business,Beginner,Coursera,Certification,10,12
U00074,38,Canada,Graduate,AI,Intermediate,Coursera,Career Switch,13,4
U00075,39,Australia,Graduate,Web,Advanced,Skillshare,Career Switch,5,42
U00076,24,India,Postgraduate,Design,Advanced,FutureLearn,Upskilling,27,35
U00077,38,Australia,Postgraduate,Mobile,Beginner,Skillshare,Career Switch,14,13
U00078,27,Germany,Postgraduate,Soft Skills,Intermediate,DataCamp,Promotion,11,29
U00079,25,Canada,Postgraduate,Business,Intermediate,Skillshare,Upskilling,16,42
U00080,21,Australia,Graduate,Web,Advanced,LinkedIn Learning,College Project,30,29
U00081,50,Germany,Graduate,Cloud,Advanced,DataCamp,Career Switch,9,41
U00082,52,Germany,Postgraduate,Cloud,Intermediate,Khan Academy,Certification,23,7
U00083,38,UK,Graduate,Web,Advanced,DataCamp,Career Switch,13,3
U00084,33,USA,Postgraduate,Mobile,Beginner,Udemy,College Project,30,7
U00085,34,USA,Graduate,Mobile,Beginner,Skillshare,Interview Prep,15,49
U00086,21,Germany,Postgraduate,Cloud,Beginner,edX,Certification,15,23
U00087,37,Canada,Postgraduate,Mobile,Advanced,Khan Academy,College Project,24,46
U00088,37,India,Student,Programming,Advanced,edX,Promotion,6,41
U00089,36,India,Student,Web,Beginner,Udemy,Career Switch,5,45
U00090,21,Australia,Graduate,Mobile,Advanced,Skillshare,Promotion,16,28
U00091,37,Canada,Student,Data Science,Intermediate,Khan Academy,Certification,14,26
U00092,41,Australia,Student,Cybersecurity,Intermediate,Coursera,Promotion,11,28
U00093,25,Australia,Graduate,Data Science,Beginner,Udemy,College Project,9,30
U00094,40,USA,Graduate,Data Science,Intermediate,DataCamp,College Project,24,20
U00095,46,Canada,Postgraduate,Cloud,Intermediate,Skillshare,Promotion,15,5
U00096,18,Germany,Graduate,Design,Beginner,Khan Academy,College Project,25,10
U00097,39,UK,Graduate,Business,Intermediate,FutureLearn,Interview Prep,21,22
U00098,25,Germany,Student,Data Science,Advanced,Khan Academy,Interview Prep,6,48
U00099,48,India,Postgraduate,Business,Beginner,FutureLearn,Promotion,12,8
U00100,33,Canada,Graduate,Web,Beginner,Udemy,Promotion,10,8
U00101,24,Germany,Graduate,Design,Beginner,DataCamp,Interview Prep,18,47
U00102,24,India,Postgraduate,Cybersecurity,Intermediate,Coursera,Upskilling,7,0
U00103,49,UK,Graduate,AI,Intermediate,LinkedIn Learning,Interview Prep,2,5
U00104,45,UK,Graduate,Web,Advanced,Khan Academy,Upskilling,3,15
U00105,34,USA,Graduate,Soft Skills,Advanced,Coursera,College Project,13,8
U00106,33,Germany,Graduate,Soft Skills,Advanced,DataCamp,Promotion,9,27
U00107,54,Germany,Postgraduate,Programming,Intermediate,edX,Career Switch,17,26
U00108,40,India,Student,Programming,Intermediate,FutureLearn,College Project,11,26
U00109,49,USA,Graduate,Data Science,Intermediate,Skillshare,Promotion,22,10
U00110,26,Germany,Graduate,Mobile,Beginner,edX,College Project,3,26
U00111,49,India,Graduate,Web,Advanced,Khan Academy,Interview Prep,14,50
U00112,26,Canada,Student,Soft Skills,Beginner,Coursera,Certification,27,50
U00113,39,USA,Graduate,Design,Intermediate,Udemy,Career Switch,19,30
U00114,36,India,Graduate,Data Science,Advanced,Udemy,Promotion,12,25
U00115,25,Germany,Postgraduate,AI,Beginner,Coursera,Promotion,19,23
U00116,43,India,Postgraduate,Cybersecurity,Intermediate,Khan Academy,Upskilling,3,19
U00117,39,Canada,Graduate,Programming,Intermediate,Khan Academy,Interview Prep,29,14
U00118,32,Australia,Graduate,Programming,Beginner,edX,College Project,23,13
U00119,47,Australia,Student,Cybersecurity,Advanced,FutureLearn,College Project,27,47
U00120,34,Germany,Student,Cloud,Intermediate,Udemy,Upskilling,3,10
U00121,19,USA,Student,Design,Intermediate,LinkedIn Learning,Interview Prep,8,9
U00122,40,Canada,Graduate,Design,Advanced,Udemy,College Project,11,14
U00123,43,USA,Postgraduate,Cloud,Advanced,DataCamp,Promotion,10,48
U00124,41,India,Postgraduate,Web,Intermediate,edX,College Project,8,50
U00125,36,USA,Graduate,AI,Intermediate,LinkedIn Learning,Certification,22,26
U00126,22,UK,Graduate,Soft Skills,Beginner,Coursera,College Project,23,11
U00127,44,UK,Graduate,Mobile,Intermediate,FutureLearn,Career Switch,23,1
U00128,19,Germany,Student,Programming,Advanced,Udemy,Certification,8,32
U00129,22,Germany,Postgraduate,AI,Advanced,Udemy,College Project,8,9
U00130,44,India,Student,Web,Intermediate,Udemy,Certification,11,44
U00131,27,Canada,Postgraduate,Cloud,Beginner,Coursera,Promotion,13,43
U00132,32,UK,Student,Design,Intermediate,Skillshare,Promotion,18,6
U00133,31,USA,Student,Data Science,Intermediate,DataCamp,Certification,23,4
U00134,42,UK,Student,Web,Intermediate,Khan Academy,Promotion,23,29
U00135,22,Germany,Graduate,Mobile,Intermediate,Udemy,Upskilling,4,30
U00136,39,Germany,Postgraduate,Web,Beginner,Udemy,Upskilling,7,44
U00137,38,UK,Postgraduate,AI,Advanced,Skillshare,College Project,3,31
U00138,37,Germany,Graduate,Soft Skills,Advanced,FutureLearn,Upskilling,19,28
U00139,36,Canada,Postgraduate,Business,Beginner,LinkedIn Learning,College Project,26,39
U00140,47,UK,Student,Design,Beginner,LinkedIn Learning,Career Switch,25,33
U00141,21,UK,Student,Data Science,Intermediate,Udemy,College Project,23,0
U00142,32,Australia,Postgraduate,Soft Skills,Beginner,Coursera,College Project,28,2
U00143,32,USA,Graduate,Soft Skills,Advanced,Skillshare,Upskilling,13,15
U00144,20,Germany,Student,Cybersecurity,Beginner,edX,Career Switch,28,5
U00145,32,UK,Graduate,Data Science,Beginner,FutureLearn,Certification,3,16
U00146,21,Canada,Student,Programming,Advanced,Khan Academy,Interview Prep,16,18
U00147,20,Canada,Graduate,Business,Advanced,Khan Academy,Upskilling,15,0
U00148,53,Germany,Graduate,Cybersecurity,Beginner,FutureLearn,College Project,11,41
U00149,39,Australia,Student,Web,Beginner,LinkedIn Learning,Interview Prep,4,43
U00150,43,Australia,Graduate,Design,Beginner,Udemy,Certification,26,40
U00151,46,Australia,Postgraduate,Cybersecurity,Intermediate,Coursera,Career Switch,4,9
U00152,42,USA,Graduate,Soft Skills,Intermediate,Udemy,Upskilling,26,26
U00153,55,USA,Graduate,Business,Advanced,Khan Academy,College Project,29,21
U00154,53,India,Graduate,Soft Skills,Intermediate,edX,Promotion,27,26
U00155,53,UK,Graduate,Design,Beginner,Udemy,Career Switch,25,19
U00156,24,USA,Graduate,Cybersecurity,Intermediate,Udemy,College Project,26,4
U00157,30,USA,Graduate,Design,Intermediate,Coursera,Promotion,27,8
U00158,32,Canada,Postgraduate,Mobile,Advanced,DataCamp,College Project,8,7
U00159,29,UK,Student,AI,Advanced,Coursera,Interview Prep,27,45
U00160,22,Australia,Graduate,Web,Intermediate,DataCamp,Promotion,30,14
U00161,55,Canada,Graduate,Business,Beginner,Coursera,Promotion,14,45
U00162,40,UK,Student,Mobile,Beginner,edX,Promotion,16,49
U00163,30,Australia,Postgraduate,Cloud,Beginner,FutureLearn,Interview Prep,7,21
U00164,28,Germany,Student,Business,Advanced,Coursera,Upskilling,22,1
U00165,28,Germany,Graduate,Design,Advanced,Coursera,Upskilling,20,5
U00166,25,Australia,Graduate,Cybersecurity,Beginner,Khan Academy,Certification,5,17
U00167,44,UK,Graduate,Mobile,Beginner,DataCamp,Upskilling,27,12
U00168,30,Australia,Postgraduate,Soft Skills,Advanced,FutureLearn,Promotion,14,46
U00169,37,USA,Graduate,Data Science,Beginner,Udemy,Promotion,24,49
U00170,46,India,Student,Data Science,Intermediate,DataCamp,Career Switch,11,30
U00171,52,USA,Student,Cybersecurity,Advanced,edX,Certification,7,47
U00172,35,India,Student,Data Science,Intermediate,DataCamp,Career Switch,13,40
U00173,51,Germany,Graduate,Design,Intermediate,edX,Upskilling,14,43
U00174,50,India,Graduate,Web,Advanced,edX,Interview Prep,16,26
U00175,34,Germany,Graduate,Programming,Beginner,LinkedIn Learning,College Project,6,20
U00176,21,USA,Graduate,Design,Advanced,Udemy,Certification,28,10
U00177,22,Canada,Postgraduate,Programming,Intermediate,Skillshare,College Project,17,40
U00178,46,UK,Student,Data Science,Intermediate,LinkedIn Learning,Promotion,14,21
U00179,29,Canada,Student,Mobile,Advanced,Udemy,Interview Prep,15,3
U00180,44,India,Graduate,Cloud,Beginner,DataCamp,Interview Prep,12,34
U00181,54,USA,Student,Soft Skills,Advanced,DataCamp,Career Switch,2,3
U00182,45,Australia,Student,Cloud,Advanced,edX,Career Switch,16,12
U00183,42,Germany,Graduate,Cloud,Beginner,edX,Certification,18,22
U00184,54,India,Student,Mobile,Advanced,LinkedIn Learning,Promotion,21,18
U00185,20,UK,Student,Cybersecurity,Beginner,LinkedIn Learning,Interview Prep,8,42
U00186,40,Germany,Postgraduate,Cloud,Beginner,Skillshare,Certification,14,4
U00187,25,UK,Graduate,Data Science,Beginner,FutureLearn,Career Switch,22,21
U00188,50,UK,Student,AI,Intermediate,FutureLearn,College Project,13,39
U00189,29,UK,Student,Web,Intermediate,Udemy,Career Switch,15,42
U00190,26,India,Postgraduate,Web,Advanced,Udemy,Certification,19,34
U00191,27,Australia,Student,Data Science,Advanced,LinkedIn Learning,Interview Prep,26,16
U00192,18,UK,Postgraduate,AI,Advanced,Udemy,College Project,26,26
U00193,49,UK,Student,Design,Advanced,FutureLearn,Career Switch,5,15
U00194,45,USA,Student,AI,Advanced,DataCamp,Promotion,18,38
U00195,38,UK,Student,Soft Skills,Intermediate,FutureLearn,College Project,5,49
U00196,35,Germany,Postgraduate,Data Science,Beginner,Skillshare,Upskilling,16,13
U00197,19,Germany,Student,Soft Skills,Beginner,Coursera,College Project,8,9
U00198,38,USA,Student,Design,Intermediate,Skillshare,Upskilling,20,7
U00199,38,Australia,Postgraduate,Cybersecurity,Advanced,DataCamp,Upskilling,9,45
U00200,39,USA,Graduate,Design,Advanced,FutureLearn,College Project,10,47
U00201,39,Australia,Student,Programming,Advanced,Coursera,College Project,2,9
U00202,23,India,Graduate,Business,Beginner,DataCamp,Interview Prep,13,28
U00203,26,Canada,Graduate,Web,Beginner,FutureLearn,Certification,16,8
U00204,47,Canada,Postgraduate,Mobile,Beginner,Udemy,College Project,24,40
U00205,55,UK,Student,Cybersecurity,Intermediate,DataCamp,Career Switch,15,26
U00206,46,Germany,Student,Mobile,Beginner,Coursera,Promotion,10,39
U00207,26,Canada,Student,Web,Beginner,LinkedIn Learning,Career Switch,25,50
U00208,23,Australia,Graduate,Design,Advanced,Khan Academy,Upskilling,10,44
U00209,26,Germany,Postgraduate,Mobile,Beginner,LinkedIn Learning,Upskilling,5,14
U00210,35,Germany,Graduate,Programming,Intermediate,FutureLearn,Promotion,7,12
U00211,46,Australia,Graduate,Soft Skills,Advanced,edX,Interview Prep,22,28
U00212,43,Australia,Graduate,Web,Advanced,Udemy,College Project,29,15
U00213,20,India,Student,Cybersecurity,Beginner,Coursera,College Project,11,20
U00214,45,UK,Postgraduate,Cloud,Intermediate,LinkedIn Learning,Career Switch,15,10
U00215,27,Germany,Postgraduate,Soft Skills,Advanced,Khan Academy,Interview Prep,17,29
U00216,51,UK,Student,Cybersecurity,Beginner,Udemy,Promotion,22,5
U00217,42,Australia,Graduate,Cybersecurity,Advanced,FutureLearn,Interview Prep,30,25
U00218,44,Canada,Postgraduate,Soft Skills,Advanced,Khan Academy,Career Switch,18,42
U00219,35,Canada,Graduate,Soft Skills,Beginner,Khan Academy,Promotion,23,21
U00220,37,Germany,Student,Cloud,Intermediate,edX,Interview Prep,25,6
U00221,24,Canada,Postgraduate,AI,Beginner,Khan Academy,Career Switch,10,33
U00222,46,Germany,Graduate,Programming,Intermediate,Coursera,Interview Prep,20,42
U00223,24,USA,Student,Data Science,Intermediate,Skillshare,Promotion,16,10
U00224,39,Canada,Graduate,AI,Beginner,LinkedIn Learning,Certification,4,14
U00225,54,Australia,Student,Data Science,Beginner,Coursera,Upskilling,25,38
U00226,43,Canada,Postgraduate,Mobile,Beginner,LinkedIn Learning,Interview Prep,14,8
U00227,24,Canada,Postgraduate,Cloud,Intermediate,DataCamp,Promotion,13,14
U00228,42,UK,Graduate,Data Science,Advanced,Udemy,College Project,21,39
U00229,24,Canada,Postgraduate,Mobile,Advanced,DataCamp,Certification,10,34
U00230,53,Canada,Graduate,Cybersecurity,Intermediate,DataCamp,Interview Prep,23,49
U00231,36,India,Postgraduate,Soft Skills,Advanced,FutureLearn,Career Switch,11,18
U00232,49,UK,Student,Design,Advanced,FutureLearn,Certification,21,48
U00233,24,UK,Graduate,Cloud,Beginner,DataCamp,Interview Prep,17,8
U00234,21,Canada,Postgraduate,AI,Intermediate,Udemy,College Project,5,1
U00235,51,Australia,Postgraduate,Cloud,Intermediate,DataCamp,Career Switch,10,28
U00236,34,India,Graduate,AI,Beginner,Khan Academy,Promotion,26,38
U00237,47,Canada,Student,Web,Intermediate,FutureLearn,Career Switch,10,7
U00238,52,Australia,Student,AI,Beginner,Udemy,Interview Prep,23,46
U00239,40,USA,Postgraduate,Programming,Advanced,Coursera,Promotion,25,22
U00240,28,Australia,Student,Web,Intermediate,LinkedIn Learning,Promotion,6,27
U00241,21,Germany,Graduate,Data Science,Intermediate,Udemy,Certification,5,11
U00242,41,Germany,Student,Soft Skills,Beginner,FutureLearn,College Project,29,3
U00243,28,UK,Postgraduate,Web,Intermediate,FutureLearn,Promotion,29,33
U00244,20,Australia,Postgraduate,Mobile,Intermediate,Coursera,Career Switch,24,23
U00245,27,USA,Graduate,Web,Intermediate,Coursera,Promotion,25,18
U00246,37,India,Graduate,Mobile,Beginner,edX,Promotion,10,13
U00247,40,Germany,Student,Soft Skills,Beginner,DataCamp,Upskilling,23,7
U00248,53,Australia,Graduate,Programming,Beginner,Udemy,Certification,26,17
U00249,32,Australia,Student,Cybersecurity,Advanced,FutureLearn,Promotion,8,7
U00250,20,Canada,Student,Design,Intermediate,Udemy,Certification,8,46
U00251,37,India,Student,Mobile,Intermediate,Khan Academy,Promotion,11,13
U00252,52,Germany,Postgraduate,Cloud,Beginner,Khan Academy,Upskilling,29,34
U00253,51,Canada,Postgraduate,Soft Skills,Advanced,Coursera,Career Switch,9,29
U00254,25,Germany,Student,Cloud,Advanced,DataCamp,College Project,21,40
U00255,19,Germany,Student,Mobile,Beginner,Khan Academy,Promotion,5,15
U00256,50,USA,Student,Soft Skills,Advanced,FutureLearn,Certification,29,5
U00257,43,Germany,Student,Soft Skills,Intermediate,Khan Academy,Promotion,6,19
U00258,21,USA,Graduate,Design,Advanced,Khan Academy,Career Switch,17,46
U00259,46,USA,Student,Cloud,Beginner,Coursera,Certification,22,39
U00260,38,India,Postgraduate,Programming,Advanced,Khan Academy,Upskilling,20,13
U00261,51,Canada,Student,Web,Intermediate,Khan Academy,College Project,5,1
U00262,35,USA,Student,Business,Intermediate,FutureLearn,Career Switch,22,14
U00263,22,Canada,Student,Programming,Advanced,LinkedIn Learning,Promotion,25,3
U00264,48,India,Student,Business,Beginner,LinkedIn Learning,Interview Prep,6,15
U00265,35,UK,Student,Design,Advanced,DataCamp,Promotion,25,22
U00266,20,Australia,Graduate,Data Science,Advanced,FutureLearn,Promotion,10,43
U00267,49,USA,Student,AI,Intermediate,LinkedIn Learning,Promotion,15,32
U00268,42,Germany,Postgraduate,Soft Skills,Intermediate,Skillshare,Certification,24,17
U00269,18,India,Student,Mobile,Intermediate,Coursera,Certification,19,49
U00270,45,Australia,Student,Cybersecurity,Intermediate,Skillshare,Interview Prep,23,14
U00271,32,USA,Graduate,Cybersecurity,Intermediate,FutureLearn,Interview Prep,20,21
U00272,33,India,Postgraduate,Data Science,Intermediate,Khan Academy,Career Switch,18,45
U00273,52,UK,Student,Mobile,Intermediate,Khan Academy,Promotion,8,31
U00274,36,UK,Postgraduate,Soft Skills,Intermediate,Coursera,College Project,18,13
U00275,40,UK,Student,Business,Intermediate,Skillshare,Upskilling,16,20
U00276,49,India,Postgraduate,Programming,Advanced,Udemy,Career Switch,17,32
U00277,39,USA,Postgraduate,Cloud,Beginner,Coursera,College Project,19,21
U00278,44,Australia,Postgraduate,Design,Intermediate,Coursera,College Project,27,16
U00279,21,USA,Student,Data Science,Advanced,Coursera,College Project,3,40
U00280,49,India,Graduate,Mobile,Beginner,LinkedIn Learning,Upskilling,9,48
U00281,18,India,Student,Business,Beginner,Coursera,Certification,25,36
U00282,29,Germany,Student,Mobile,Intermediate,Coursera,College Project,6,7
U00283,50,Germany,Postgraduate,Web,Beginner,Coursera,Promotion,16,8
U00284,39,India,Postgraduate,Soft Skills,Intermediate,edX,College Project,7,31
U00285,31,Australia,Postgraduate,AI,Intermediate,Udemy,College Project,23,12
U00286,27,USA,Graduate,Cloud,Intermediate,Udemy,Upskilling,13,39
U00287,32,India,Graduate,Web,Beginner,DataCamp,Career Switch,27,5
U00288,48,Canada,Graduate,AI,Beginner,Skillshare,Interview Prep,13,31
U00289,28,Germany,Graduate,Design,Advanced,DataCamp,Certification,17,33
U00290,37,India,Graduate,Cybersecurity,Advanced,Skillshare,Promotion,7,50
U00291,34,Germany,Postgraduate,Data Science,Advanced,edX,Career Switch,2,4
U00292,38,UK,Student,Data Science,Advanced,Udemy,Interview Prep,22,8
U00293,30,Australia,Student,Design,Beginner,Udemy,College Project,24,8
U00294,29,Australia,Graduate,Mobile,Advanced,Coursera,Certification,11,11
U00295,26,Germany,Postgraduate,AI,Beginner,DataCamp,College Project,20,8
U00296,46,UK,Graduate,Mobile,Intermediate,DataCamp,Interview Prep,16,44
U00297,25,UK,Graduate,Cybersecurity,Intermediate,Khan Academy,Career Switch,23,34
U00298,47,India,Student,Business,Advanced,FutureLearn,Promotion,19,18
U00299,35,USA,Student,Soft Skills,Intermediate,Udemy,Certification,30,30
U00300,42,India,Graduate,Web,Intermediate,Khan Academy,Career Switch,16,12
U00301,31,UK,Student,Cybersecurity,Intermediate,Udemy,Promotion,7,40
U00302,24,Germany,Graduate,Programming,Intermediate,LinkedIn Learning,Interview Prep,19,17
U00303,27,Australia,Graduate,Design,Advanced,Coursera,Certification,3,22
U00304,41,Australia,Postgraduate,AI,Beginner,DataCamp,Certification,29,35
U00305,32,Germany,Postgraduate,Business,Beginner,Khan Academy,College Project,17,17
U00306,32,Germany,Student,Data Science,Intermediate,DataCamp,Career Switch,26,12
U00307,28,Germany,Student,AI,Beginner,Udemy,Certification,21,42
U00308,37,UK,Postgraduate,Cybersecurity,Intermediate,DataCamp,College Project,29,3
U00309,30,Germany,Graduate,Web,Advanced,LinkedIn Learning,Career Switch,21,25
U00310,45,Canada,Graduate,Web,Beginner,DataCamp,Interview Prep,2,38
U00311,36,Germany,Student,Mobile,Advanced,LinkedIn Learning,Interview Prep,17,18
U00312,44,Canada,Student,Programming,Advanced,LinkedIn Learning,Certification,6,29
U00313,47,Canada,Postgraduate,Business,Advanced,edX,Certification,18,46
U00314,54,UK,Graduate,AI,Advanced,Coursera,Interview Prep,12,38
U00315,41,India,Student,Web,Advanced,Khan Academy,Interview Prep,13,16
U00316,53,Germany,Graduate,Cybersecurity,Intermediate,edX,Promotion,3,47
U00317,42,Australia,Postgraduate,Programming,Beginner,Khan Academy,Promotion,12,46
U00318,23,Australia,Graduate,AI,Beginner,edX,College Project,9,14
U00319,38,India,Postgraduate,Soft Skills,Advanced,Khan Academy,Interview Prep,22,22
U00320,27,Canada,Postgraduate,Soft Skills,Advanced,Udemy,College Project,19,0
U00321,44,UK,Graduate,Soft Skills,Advanced,Khan Academy,Promotion,7,14
U00322,28,India,Postgraduate,Programming,Intermediate,Udemy,Career Switch,22,36
U00323,28,UK,Graduate,Cybersecurity,Beginner,Skillshare,College Project,19,46
U00324,29,Australia,Student,Cloud,Beginner,Skillshare,Promotion,6,29
U00325,35,India,Student,Data Science,Beginner,FutureLearn,College Project,6,5
U00326,43,Canada,Postgraduate,Cloud,Advanced,LinkedIn Learning,Promotion,17,6
U00327,50,India,Student,AI,Beginner,Udemy,Certification,18,43
U00328,36,Germany,Graduate,Cloud,Advanced,Coursera,Interview Prep,3,3
U00329,30,USA,Graduate,Business,Intermediate,Coursera,Interview Prep,24,14
U00330,28,Canada,Postgraduate,Data Science,Advanced,Skillshare,Upskilling,24,22
U00331,35,Australia,Graduate,Cloud,Beginner,Coursera,College Project,16,10
U00332,18,UK,Postgraduate,Business,Beginner,FutureLearn,Promotion,2,27
U00333,41,Germany,Graduate,Mobile,Advanced,LinkedIn Learning,Upskilling,8,3
U00334,53,UK,Postgraduate,Mobile,Beginner,Udemy,Career Switch,12,9
U00335,30,USA,Student,Soft Skills,Intermediate,Udemy,Upskilling,29,25
U00336,50,UK,Graduate,Mobile,Beginner,FutureLearn,Interview Prep,28,25
U00337,52,USA,Student,Data Science,Intermediate,Khan Academy,College Project,2,25
U00338,29,USA,Postgraduate,AI,Intermediate,DataCamp,Upskilling,25,25
U00339,48,Germany,Graduate,Programming,Beginner,LinkedIn Learning,Career Switch,19,45
U00340,45,Germany,Postgraduate,Web,Intermediate,Coursera,Certification,27,28
U00341,38,Germany,Student,Cybersecurity,Beginner,DataCamp,College Project,15,33
U00342,46,UK,Postgraduate,AI,Advanced,FutureLearn,Promotion,19,34
U00343,48,USA,Graduate,AI,Intermediate,FutureLearn,Career Switch,11,37
U00344,45,USA,Student,Soft Skills,Beginner,edX,Upskilling,21,46
U00345,32,Germany,Graduate,Mobile,Beginner,LinkedIn Learning,Promotion,15,8
U00346,36,Germany,Graduate,Cybersecurity,Beginner,LinkedIn Learning,Certification,11,3
U00347,42,Australia,Graduate,Soft Skills,Beginner,FutureLearn,Career Switch,21,39
U00348,28,Australia,Postgraduate,Data Science,Beginner,Skillshare,Certification,15,32
U00349,31,Canada,Graduate,Data Science,Intermediate,Udemy,Career Switch,19,46
U00350,36,India,Student,Cybersecurity,Beginner,LinkedIn Learning,Career Switch,22,27
U00351,43,Australia,Postgraduate,Cloud,Intermediate,Khan Academy,College Project,10,28
U00352,47,UK,Student,Cloud,Beginner,Skillshare,Career Switch,4,14
U00353,33,India,Postgraduate,Data Science,Beginner,FutureLearn,College Project,8,36
U00354,36,USA,Postgraduate,Cybersecurity,Intermediate,Udemy,College Project,15,46
U00355,42,USA,Postgraduate,Mobile,Intermediate,DataCamp,Promotion,24,9
U00356,19,USA,Student,Design,Advanced,FutureLearn,Career Switch,19,12
U00357,54,Australia,Postgraduate,Design,Beginner,Coursera,College Project,11,17
U00358,28,Canada,Graduate,Soft Skills,Intermediate,Coursera,Career Switch,14,18
U00359,43,Canada,Student,Design,Beginner,Udemy,Upskilling,26,36
U00360,36,Germany,Postgraduate,Mobile,Beginner,Khan Academy,College Project,12,42
U00361,50,USA,Graduate,AI,Intermediate,Khan Academy,Upskilling,27,34
U00362,42,Australia,Graduate,Web,Intermediate,edX,Career Switch,28,42
U00363,48,UK,Postgraduate,Data Science,Beginner,FutureLearn,Career Switch,16,44
U00364,36,Canada,Student,Programming,Intermediate,Khan Academy,Promotion,4,42
U00365,25,Australia,Postgraduate,AI,Intermediate,Khan Academy,Career Switch,26,23
U00366,52,Canada,Graduate,Programming,Intermediate,Coursera,Interview Prep,14,5
U00367,49,India,Graduate,Cybersecurity,Advanced,Khan Academy,College Project,4,50
U00368,55,Germany,Graduate,Programming,Beginner,DataCamp,Promotion,8,44
U00369,24,Australia,Student,AI,Beginner,LinkedIn Learning,Upskilling,25,38
U00370,33,India,Graduate,Cloud,Beginner,Skillshare,Interview Prep,24,39
U00371,45,Australia,Graduate,Data Science,Beginner,Coursera,Promotion,7,18
U00372,32,India,Postgraduate,Business,Intermediate,LinkedIn Learning,Certification,5,25
U00373,44,Germany,Student,Cloud,Advanced,LinkedIn Learning,Upskilling,18,41
U00374,20,USA,Student,Cloud,Advanced,FutureLearn,Promotion,24,49
U00375,34,Canada,Postgraduate,Business,Advanced,FutureLearn,Certification,29,37
U00376,43,USA,Student,Cloud,Intermediate,Udemy,Career Switch,15,47
U00377,22,Germany,Postgraduate,Design,Beginner,Udemy,Promotion,27,42
U00378,43,Australia,Student,Programming,Advanced,DataCamp,Career Switch,4,30
U00379,21,India,Student,Cloud,Beginner,Udemy,College Project,9,39
U00380,44,Germany,Postgraduate,Business,Intermediate,Coursera,Certification,28,33
U00381,46,Canada,Student,Programming,Beginner,edX,Promotion,29,44
U00382,28,Germany,Postgraduate,Programming,Advanced,FutureLearn,Career Switch,24,7
U00383,50,Australia,Postgraduate,Business,Advanced,Coursera,Interview Prep,12,36
U00384,21,Australia,Student,AI,Intermediate,Udemy,Career Switch,8,43
U00385,41,India,Postgraduate,Web,Advanced,DataCamp,Promotion,2,7
U00386,24,Australia,Postgraduate,Mobile,Beginner,edX,Promotion,19,49
U00387,21,Canada,Postgraduate,Cybersecurity,Intermediate,FutureLearn,Certification,8,15
U00388,26,Canada,Student,Cloud,Beginner,DataCamp,Promotion,19,18
U00389,40,Germany,Graduate,Soft Skills,Intermediate,Khan Academy,Promotion,10,7
U00390,48,UK,Graduate,Cloud,Intermediate,LinkedIn Learning,Career Switch,5,10
U00391,35,Germany,Student,AI,Advanced,DataCamp,Career Switch,3,30
U00392,40,USA,Postgraduate,Web,Intermediate,Khan Academy,Upskilling,27,26
U00393,50,Australia,Postgraduate,Data Science,Advanced,edX,Certification,23,43
U00394,33,India,Postgraduate,Business,Beginner,Udemy,Promotion,5,39
U00395,46,Canada,Postgraduate,Cybersecurity,Advanced,LinkedIn Learning,College Project,11,30
U00396,50,India,Postgraduate,Business,Beginner,edX,Certification,25,29
U00397,37,India,Student,AI,Advanced,LinkedIn Learning,Interview Prep,17,49
U00398,51,India,Postgraduate,Design,Intermediate,Skillshare,Career Switch,19,34
U00399,38,USA,Graduate,Data Science,Intermediate,Skillshare,Career Switch,10,15
U00400,48,India,Graduate,Design,Advanced,Skillshare,Promotion,3,10
U00401,51,India,Postgraduate,Soft Skills,Beginner,edX,Certification,3,43
U00402,51,Germany,Graduate,Business,Intermediate,Coursera,Certification,10,6
U00403,54,Canada,Graduate,Business,Beginner,FutureLearn,Career Switch,29,42
U00404,38,Germany,Graduate,Web,Intermediate,FutureLearn,Upskilling,27,47
U00405,21,USA,Student,AI,Beginner,Udemy,Upskilling,8,33
U00406,35,India,Postgraduate,Mobile,Beginner,FutureLearn,Upskilling,9,33
U00407,19,India,Graduate,Design,Intermediate,LinkedIn Learning,Career Switch,5,27
U00408,51,India,Graduate,Cybersecurity,Advanced,edX,Promotion,26,8
U00409,42,Australia,Student,Data Science,Beginner,edX,Upskilling,2,6
U00410,55,Germany,Student,Design,Beginner,FutureLearn,Career Switch,22,34
U00411,24,Germany,Student,Mobile,Intermediate,DataCamp,Interview Prep,27,6
U00412,41,USA,Student,Web,Beginner,DataCamp,Interview Prep,23,3
U00413,54,Canada,Postgraduate,Programming,Advanced,FutureLearn,Upskilling,29,10
U00414,22,USA,Student,AI,Advanced,FutureLearn,Certification,27,32
U00415,21,UK,Graduate,Data Science,Advanced,Skillshare,Interview Prep,28,20
U00416,37,USA,Graduate,Business,Advanced,edX,Career Switch,30,13
U00417,31,Germany,Graduate,Data Science,Intermediate,DataCamp,Interview Prep,28,48
U00418,19,UK,Student,Programming,Intermediate,Skillshare,Career Switch,6,6
U00419,36,Australia,Student,Data Science,Advanced,Skillshare,Promotion,25,13
U00420,54,Canada,Postgraduate,Mobile,Intermediate,Skillshare,Interview Prep,25,3
U00421,27,India,Postgraduate,Programming,Advanced,Coursera,Upskilling,17,47
U00422,21,India,Student,Cybersecurity,Advanced,LinkedIn Learning,Promotion,12,50
U00423,23,Germany,Student,Mobile,Advanced,Khan Academy,Upskilling,7,6
U00424,37,Canada,Graduate,Web,Intermediate,LinkedIn Learning,College Project,21,23
U00425,53,UK,Graduate,Data Science,Intermediate,Skillshare,Certification,19,31
U00426,22,UK,Graduate,Business,Intermediate,DataCamp,College Project,18,46
U00427,19,Australia,Postgraduate,Cloud,Intermediate,Udemy,Interview Prep,21,9
U00428,47,Canada,Postgraduate,Programming,Intermediate,Coursera,College Project,20,24
U00429,46,USA,Graduate,Business,Advanced,FutureLearn,Certification,23,39
U00430,19,UK,Student,Business,Intermediate,Khan Academy,Career Switch,15,48
U00431,20,Germany,Postgraduate,Data Science,Beginner,Skillshare,Certification,6,38
U00432,49,USA,Graduate,Soft Skills,Advanced,Udemy,College Project,17,38
U00433,52,UK,Student,Web,Beginner,Skillshare,College Project,5,21
U00434,19,Australia,Postgraduate,Data Science,Advanced,Skillshare,College Project,9,4
U00435,54,UK,Postgraduate,Cybersecurity,Beginner,LinkedIn Learning,Promotion,20,46
U00436,49,India,Graduate,Mobile,Beginner,LinkedIn Learning,Upskilling,27,7
U00437,41,Australia,Graduate,Soft Skills,Beginner,Coursera,Career Switch,21,45
U00438,52,Germany,Student,Web,Beginner,LinkedIn Learning,Upskilling,8,28
U00439,51,UK,Student,Soft Skills,Advanced,LinkedIn Learning,Interview Prep,12,12
U00440,18,India,Postgraduate,Mobile,Beginner,LinkedIn Learning,Career Switch,8,49
U00441,25,UK,Postgraduate,Web,Intermediate,Khan Academy,Certification,13,17
U00442,42,Canada,Student,Design,Advanced,edX,Promotion,26,12
U00443,22,Germany,Postgraduate,Programming,Beginner,Khan Academy,Upskilling,13,7
U00444,21,Australia,Student,Data Science,Advanced,Khan Academy,Career Switch,22,46
U00445,39,Germany,Postgraduate,Soft Skills,Beginner,Skillshare,College Project,29,39
U00446,40,UK,Graduate,Business,Beginner,Coursera,Career Switch,21,30
U00447,38,India,Graduate,Business,Intermediate,Coursera,College Project,14,7
U00448,42,UK,Student,Soft Skills,Intermediate,edX,Upskilling,9,32
U00449,53,Germany,Postgraduate,Cybersecurity,Advanced,Udemy,Promotion,22,4
U00450,30,USA,Graduate,Cloud,Intermediate,FutureLearn,College Project,27,30
U00451,36,Australia,Postgraduate,Business,Advanced,DataCamp,College Project,30,10
U00452,21,Canada,Student,AI,Beginner,DataCamp,College Project,3,35
U00453,44,Canada,Postgraduate,Data Science,Intermediate,LinkedIn Learning,Interview Prep,16,45
U00454,33,Canada,Postgraduate,Cloud,Intermediate,Khan Academy,Promotion,6,16
U00455,55,Germany,Postgraduate,Mobile,Intermediate,FutureLearn,College Project,15,14
U00456,42,UK,Student,Programming,Advanced,FutureLearn,Career Switch,13,11
U00457,49,India,Student,Cloud,Advanced,Coursera,Promotion,23,31
U00458,30,USA,Postgraduate,Mobile,Intermediate,edX,Upskilling,25,1
U00459,50,UK,Graduate,Business,Beginner,edX,College Project,18,10
U00460,19,USA,Student,Cloud,Beginner,Khan Academy,Promotion,10,39
U00461,53,Canada,Student,Mobile,Advanced,Coursera,Career Switch,11,43
U00462,21,India,Postgraduate,AI,Advanced,FutureLearn,College Project,17,40
U00463,41,Canada,Student,Design,Intermediate,edX,Interview Prep,9,25
U00464,28,Australia,Graduate,AI,Beginner,Udemy,Certification,16,27
U00465,33,Australia,Postgraduate,Cloud,Beginner,DataCamp,Interview Prep,15,44
U00466,23,USA,Graduate,Soft Skills,Intermediate,LinkedIn Learning,Interview Prep,11,40
U00467,37,UK,Student,Business,Intermediate,Udemy,Career Switch,6,44
U00468,34,USA,Graduate,Data Science,Beginner,LinkedIn Learning,Upskilling,29,34
U00469,43,UK,Student,Data Science,Beginner,DataCamp,Career Switch,29,20
U00470,46,India,Postgraduate,Business,Beginner,edX,Career Switch,24,46
U00471,42,Australia,Graduate,Cloud,Intermediate,edX,Upskilling,11,45
U00472,50,UK,Postgraduate,Web,Beginner,Coursera,College Project,13,23
U00473,52,India,Postgraduate,Cloud,Intermediate,Khan Academy,Interview Prep,13,5
U00474,51,USA,Student,Business,Advanced,Skillshare,Certification,20,5
U00475,32,Australia,Graduate,AI,Intermediate,DataCamp,Upskilling,5,36
U00476,40,UK,Postgraduate,Cloud,Intermediate,Coursera,Promotion,13,26
U00477,42,India,Student,Programming,Advanced,Coursera,Career Switch,8,14
U00478,39,Australia,Graduate,Cloud,Beginner,LinkedIn Learning,Interview Prep,12,41
U00479,44,Germany,Student,Programming,Intermediate,Coursera,Upskilling,6,2
U00480,29,Australia,Student,Web,Beginner,edX,College Project,27,49
U00481,29,India,Postgraduate,Data Science,Intermediate,edX,Career Switch,6,18
U00482,28,Australia,Student,Cybersecurity,Intermediate,Khan Academy,Interview Prep,4,10
U00483,47,India,Postgraduate,Cloud,Beginner,DataCamp,College Project,9,38
U00484,50,Canada,Postgraduate,Data Science,Intermediate,Coursera,Certification,2,36
U00485,21,UK,Student,AI,Beginner,Skillshare,Interview Prep,12,18
U00486,40,USA,Student,Programming,Intermediate,LinkedIn Learning,Promotion,18,45
U00487,26,USA,Student,Mobile,Intermediate,edX,Career Switch,16,36
U00488,29,India,Student,Mobile,Intermediate,Khan Academy,Upskilling,3,45
U00489,39,USA,Graduate,Soft Skills,Intermediate,FutureLearn,Certification,4,22
U00490,45,Germany,Postgraduate,Cloud,Beginner,FutureLearn,Career Switch,3,3
U00491,50,Australia,Graduate,Cybersecurity,Advanced,Skillshare,Career Switch,21,3
U00492,21,Australia,Graduate,Data Science,Advanced,Udemy,Career Switch,23,20
U00493,54,Canada,Graduate,AI,Advanced,Khan Academy,Upskilling,29,24
U00494,46,USA,Postgraduate,Cybersecurity,Beginner,DataCamp,Interview Prep,23,30
U00495,32,Australia,Student,Programming,Beginner,DataCamp,Career Switch,18,16
U00496,27,India,Student,Mobile,Intermediate,Skillshare,Career Switch,16,32
U00497,27,UK,Postgraduate,Data Science,Advanced,Skillshare,Interview Prep,22,17
U00498,42,India,Student,Programming,Beginner,DataCamp,Certification,13,0
U00499,30,USA,Graduate,Data Science,Intermediate,edX,Upskilling,5,41
U00500,28,UK,Student,Programming,Advanced,LinkedIn Learning,Interview Prep,13,47
U00501,42,USA,Postgraduate,Web,Intermediate,LinkedIn Learning,Upskilling,15,29
U00502,40,Australia,Student,Cybersecurity,Intermediate,Coursera,Certification,13,30
U00503,37,India,Graduate,Soft Skills,Beginner,LinkedIn Learning,Promotion,8,11
U00504,51,Canada,Graduate,Programming,Beginner,DataCamp,College Project,6,23
U00505,37,India,Postgraduate,Design,Advanced,Udemy,Promotion,7,49
U00506,25,Canada,Student,Soft Skills,Advanced,LinkedIn Learning,Interview Prep,10,20
U00507,33,Germany,Graduate,Business,Beginner,edX,Interview Prep,8,9
U00508,38,Germany,Student,AI,Beginner,Khan Academy,Interview Prep,20,48
U00509,41,India,Graduate,Soft Skills,Beginner,LinkedIn Learning,Upskilling,29,37
U00510,50,UK,Graduate,Mobile,Intermediate,Coursera,Career Switch,15,18
U00511,35,USA,Graduate,Business,Beginner,edX,Career Switch,25,41
U00512,47,Canada,Student,Soft Skills,Beginner,FutureLearn,Promotion,2,24
U00513,46,USA,Graduate,AI,Beginner,Coursera,Upskilling,19,43
U00514,48,Australia,Postgraduate,Web,Advanced,DataCamp,Career Switch,24,11
U00515,28,UK,Student,Design,Beginner,Skillshare,Interview Prep,16,20
U00516,53,Australia,Postgraduate,Mobile,Intermediate,Skillshare,College Project,13,50
U00517,52,Canada,Postgraduate,Web,Advanced,FutureLearn,Upskilling,20,34
U00518,28,UK,Student,Programming,Beginner,Skillshare,Certification,17,26
U00519,53,USA,Postgraduate,Business,Beginner,Coursera,Career Switch,13,5
U00520,46,Australia,Student,Business,Advanced,Khan Academy,Upskilling,29,11
U00521,47,UK,Graduate,Business,Advanced,LinkedIn Learning,Career Switch,9,5
U00522,53,UK,Postgraduate,Design,Beginner,edX,College Project,16,18
U00523,41,Australia,Graduate,Mobile,Beginner,Udemy,Upskilling,29,7
U00524,34,Australia,Graduate,AI,Intermediate,Khan Academy,Promotion,11,1
U00525,27,USA,Postgraduate,Cybersecurity,Intermediate,Khan Academy,Upskilling,24,27
U00526,31,Germany,Student,Programming,Advanced,LinkedIn Learning,Career Switch,21,12
U00527,52,Canada,Postgraduate,AI,Advanced,edX,College Project,16,23
U00528,31,India,Student,Soft Skills,Advanced,FutureLearn,Interview Prep,24,20
U00529,18,Australia,Graduate,Design,Beginner,Khan Academy,Promotion,8,12
U00530,33,Germany,Student,Soft Skills,Beginner,edX,Promotion,5,8
U00531,46,USA,Postgraduate,AI,Intermediate,LinkedIn Learning,Interview Prep,23,25
U00532,53,Germany,Student,Cloud,Advanced,Khan Academy,Career Switch,16,31
U00533,53,Australia,Postgraduate,Soft Skills,Advanced,LinkedIn Learning,Career Switch,10,12
U00534,26,India,Graduate,Cybersecurity,Advanced,LinkedIn Learning,Promotion,10,47
U00535,29,Germany,Student,Cybersecurity,Intermediate,LinkedIn Learning,Promotion,13,13
U00536,43,USA,Graduate,Programming,Beginner,Khan Academy,Interview Prep,15,39
U00537,46,UK,Student,Cybersecurity,Beginner,edX,Career Switch,2,43
U00538,36,Germany,Student,Data Science,Advanced,LinkedIn Learning,College Project,19,15
U00539,19,Canada,Student,Programming,Intermediate,LinkedIn Learning,Certification,18,37
U00540,30,UK,Graduate,Design,Beginner,edX,Certification,12,49
U00541,29,India,Postgraduate,AI,Beginner,Coursera,Career Switch,2,45
U00542,24,USA,Postgraduate,Web,Intermediate,Skillshare,Promotion,22,25
U00543,50,Germany,Student,Mobile,Advanced,Skillshare,Career Switch,23,29
U00544,21,India,Student,Data Science,Intermediate,Skillshare,Interview Prep,2,2
U00545,18,India,Student,Business,Intermediate,Skillshare,Career Switch,25,0
U00546,24,UK,Postgraduate,Mobile,Beginner,Coursera,Certification,25,46
U00547,51,Australia,Postgraduate,Business,Advanced,Khan Academy,Upskilling,17,14
U00548,28,USA,Student,AI,Beginner,Coursera,Certification,4,13
U00549,23,Australia,Student,Cybersecurity,Intermediate,Udemy,Promotion,11,31
U00550,25,Australia,Graduate,Business,Intermediate,Udemy,Upskilling,9,11
U00551,19,UK,Graduate,AI,Advanced,LinkedIn Learning,Interview Prep,28,46
U00552,51,USA,Postgraduate,Design,Advanced,Khan Academy,Certification,10,25
U00553,25,India,Postgraduate,Data Science,Intermediate,edX,Career Switch,2,14
U00554,51,Australia,Graduate,Data Science,Beginner,Khan Academy,College Project,12,29
U00555,40,Canada,Postgraduate,Web,Intermediate,Coursera,Upskilling,24,22
U00556,52,Germany,Postgraduate,Programming,Beginner,edX,College Project,17,7
U00557,55,Germany,Student,Programming,Beginner,Udemy,Career Switch,18,49
U00558,34,USA,Graduate,Programming,Advanced,Coursera,College Project,28,3
U00559,40,UK,Postgraduate,Soft Skills,Beginner,edX,Upskilling,3,16
U00560,20,UK,Graduate,Data Science,Intermediate,Udemy,Interview Prep,21,25
U00561,35,UK,Student,Programming,Advanced,Udemy,Promotion,7,2
U00562,47,Germany,Graduate,Cloud,Advanced,edX,College Project,25,35
U00563,54,USA,Graduate,AI,Intermediate,Coursera,Promotion,7,17
U00564,32,India,Graduate,Design,Intermediate,Coursera,Upskilling,20,39
U00565,33,Australia,Graduate,Cloud,Beginner,Khan Academy,Promotion,20,13
U00566,20,UK,Postgraduate,Cybersecurity,Advanced,LinkedIn Learning,Interview Prep,9,37
U00567,23,India,Student,Mobile,Intermediate,Skillshare,Promotion,14,37
U00568,46,India,Student,Business,Beginner,Coursera,Career Switch,27,12
U00569,21,Australia,Graduate,Cybersecurity,Intermediate,Khan Academy,Career Switch,4,37
U00570,39,Australia,Graduate,Web,Beginner,Udemy,College Project,20,32
U00571,24,India,Graduate,Business,Beginner,Coursera,Certification,8,44
U00572,48,Germany,Graduate,Web,Beginner,DataCamp,Interview Prep,19,28
U00573,18,India,Student,AI,Advanced,Khan Academy,Promotion,12,45
U00574,22,USA,Graduate,Mobile,Beginner,Skillshare,Certification,25,39
U00575,42,India,Postgraduate,Programming,Beginner,edX,Interview Prep,21,18
U00576,46,Germany,Postgraduate,AI,Intermediate,Skillshare,Certification,30,38
U00577,30,UK,Graduate,Cloud,Intermediate,DataCamp,College Project,21,31
U00578,23,Australia,Student,Mobile,Beginner,LinkedIn Learning,College Project,3,15
U00579,53,Australia,Postgraduate,Data Science,Intermediate,Coursera,College Project,24,24
U00580,42,Germany,Student,Cloud,Beginner,LinkedIn Learning,Interview Prep,15,43
U00581,33,UK,Graduate,Business,Advanced,Skillshare,College Project,14,25
U00582,35,Canada,Graduate,Data Science,Intermediate,LinkedIn Learning,Upskilling,20,36
U00583,19,UK,Student,Business,Beginner,DataCamp,Certification,26,7
U00584,46,UK,Graduate,Web,Beginner,Udemy,Promotion,10,13
U00585,26,USA,Postgraduate,Cybersecurity,Intermediate,Khan Academy,Promotion,26,4
U00586,34,USA,Postgraduate,AI,Advanced,FutureLearn,Promotion,12,21
U00587,52,Australia,Postgraduate,Programming,Advanced,Skillshare,Interview Prep,7,38
U00588,18,Canada,Student,Web,Beginner,DataCamp,College Project,15,44
U00589,41,USA,Graduate,Cloud,Intermediate,LinkedIn Learning,Certification,5,12
U00590,36,UK,Student,Web,Intermediate,FutureLearn,Upskilling,4,1
U00591,31,Germany,Graduate,Design,Intermediate,Skillshare,Interview Prep,16,6
U00592,53,UK,Student,Cloud,Advanced,FutureLearn,Career Switch,17,19
U00593,53,Canada,Postgraduate,Cybersecurity,Intermediate,LinkedIn Learning,Promotion,10,39
U00594,45,UK,Graduate,Cloud,Advanced,Skillshare,Upskilling,29,5
U00595,47,Germany,Postgraduate,Design,Advanced,Skillshare,Promotion,23,37
U00596,34,Germany,Postgraduate,AI,Beginner,DataCamp,Career Switch,3,8
U00597,53,Germany,Student,Cloud,Intermediate,LinkedIn Learning,Career Switch,24,16
U00598,39,Australia,Student,Soft Skills,Intermediate,Coursera,Career Switch,13,7
U00599,29,Australia,Student,Data Science,Intermediate,Udemy,Career Switch,6,44
U00600,38,India,Postgraduate,Cloud,Advanced,edX,Interview Prep,18,13
U00601,45,USA,Student,Cloud,Advanced,Khan Academy,Interview Prep,5,31
U00602,25,USA,Postgraduate,Business,Beginner,Khan Academy,Promotion,7,23
U00603,51,India,Student,Programming,Intermediate,Coursera,Interview Prep,3,35
U00604,27,Germany,Student,Cybersecurity,Intermediate,FutureLearn,College Project,8,36
U00605,43,Germany,Postgraduate,Soft Skills,Intermediate,Khan Academy,Certification,15,37
U00606,54,Canada,Student,Business,Intermediate,FutureLearn,Promotion,28,10
U00607,35,USA,Postgraduate,Cybersecurity,Advanced,Skillshare,College Project,16,37
U00608,51,Canada,Postgraduate,Design,Intermediate,Udemy,Promotion,23,8
U00609,33,Germany,Graduate,Data Science,Intermediate,Skillshare,Promotion,26,35
U00610,46,India,Postgraduate,Soft Skills,Advanced,Khan Academy,Promotion,9,18
U00611,19,USA,Postgraduate,Soft Skills,Intermediate,DataCamp,Upskilling,6,33
U00612,37,Canada,Student,AI,Beginner,Coursera,Upskilling,27,11
U00613,25,Canada,Graduate,Data Science,Beginner,Khan Academy,Career Switch,5,7
U00614,19,India,Student,Design,Intermediate,FutureLearn,Interview Prep,11,46
U00615,40,India,Postgraduate,Programming,Beginner,FutureLearn,Certification,16,42
U00616,53,Germany,Graduate,Data Science,Intermediate,Khan Academy,College Project,21,27
U00617,39,India,Postgraduate,Soft Skills,Beginner,DataCamp,Career Switch,26,18
U00618,41,Germany,Postgraduate,Soft Skills,Intermediate,DataCamp,Upskilling,16,18
U00619,34,UK,Graduate,Data Science,Intermediate,edX,Certification,15,38
U00620,37,Canada,Student,Data Science,Beginner,Coursera,Career Switch,5,33
U00621,40,Canada,Graduate,Business,Beginner,Udemy,Certification,27,40
U00622,47,Germany,Student,Business,Advanced,LinkedIn Learning,Upskilling,10,14
U00623,51,UK,Graduate,Data Science,Intermediate,FutureLearn,Interview Prep,12,28
U00624,26,Australia,Graduate,Programming,Beginner,edX,College Project,17,8
U00625,38,India,Postgraduate,Cloud,Beginner,Udemy,College Project,10,2
U00626,36,Germany,Graduate,Soft Skills,Intermediate,LinkedIn Learning,Interview Prep,10,25
U00627,30,India,Postgraduate,Web,Intermediate,FutureLearn,College Project,3,4
U00628,18,Germany,Graduate,Design,Beginner,Skillshare,Career Switch,12,28
U00629,53,Canada,Graduate,Programming,Advanced,edX,Upskilling,10,26
U00630,43,USA,Student,AI,Intermediate,Coursera,College Project,3,14
U00631,50,Australia,Graduate,Business,Advanced,DataCamp,Promotion,12,46
U00632,30,USA,Postgraduate,Cybersecurity,Beginner,Skillshare,College Project,24,21
U00633,19,UK,Student,Data Science,Beginner,Udemy,Certification,8,25
U00634,43,USA,Graduate,Design,Intermediate,DataCamp,Career Switch,12,49
U00635,38,USA,Graduate,Data Science,Advanced,Udemy,Career Switch,11,28
U00636,43,Australia,Postgraduate,Data Science,Advanced,Khan Academy,Certification,5,41
U00637,28,UK,Student,Cybersecurity,Beginner,FutureLearn,Promotion,2,16
U00638,31,USA,Postgraduate,Mobile,Advanced,Khan Academy,Upskilling,17,50
U00639,22,UK,Student,AI,Beginner,DataCamp,Career Switch,25,29
U00640,37,Canada,Postgraduate,Cloud,Intermediate,edX,Promotion,2,10
U00641,30,Canada,Student,Data Science,Advanced,Coursera,College Project,15,37
U00642,50,Canada,Student,Web,Beginner,edX,Certification,2,29
U00643,44,Australia,Graduate,Business,Advanced,Skillshare,Upskilling,6,31
U00644,42,USA,Graduate,Mobile,Beginner,FutureLearn,Interview Prep,23,7
U00645,29,USA,Student,Cloud,Intermediate,Udemy,College Project,24,42
U00646,23,USA,Postgraduate,Business,Beginner,Coursera,College Project,15,26
U00647,22,UK,Graduate,Cybersecurity,Advanced,Skillshare,Career Switch,4,41
U00648,42,UK,Student,Programming,Intermediate,Khan Academy,Promotion,17,0
U00649,18,India,Graduate,Design,Intermediate,Coursera,Certification,6,19
U00650,32,USA,Student,Mobile,Advanced,LinkedIn Learning,Upskilling,22,1
U00651,18,Germany,Graduate,Cloud,Intermediate,edX,Promotion,18,41
U00652,24,India,Student,Mobile,Beginner,Udemy,Interview Prep,30,36
U00653,48,UK,Student,Design,Advanced,Khan Academy,Promotion,12,13
U00654,52,Germany,Student,Cloud,Advanced,Skillshare,Upskilling,28,25
U00655,45,India,Postgraduate,AI,Intermediate,Udemy,Certification,25,40
U00656,18,Germany,Postgraduate,Web,Beginner,FutureLearn,Certification,28,45
U00657,18,India,Postgraduate,Cybersecurity,Advanced,LinkedIn Learning,Career Switch,7,15
U00658,43,UK,Postgraduate,Cloud,Advanced,Udemy,Promotion,7,31
U00659,34,Germany,Graduate,Cloud,Beginner,Skillshare,Career Switch,7,27
U00660,18,Australia,Postgraduate,Web,Advanced,Skillshare,College Project,20,40
U00661,55,Canada,Postgraduate,Cloud,Beginner,Skillshare,Interview Prep,21,38
U00662,34,Germany,Graduate,Web,Beginner,DataCamp,Certification,17,45
U00663,20,India,Postgraduate,Data Science,Intermediate,Udemy,Career Switch,17,11
U00664,18,Germany,Postgraduate,Web,Advanced,Coursera,College Project,7,0
U00665,52,USA,Postgraduate,Business,Beginner,Skillshare,Upskilling,13,49
U00666,52,India,Postgraduate,Cloud,Advanced,Khan Academy,Certification,29,45
U00667,41,Germany,Graduate,Cloud,Advanced,LinkedIn Learning,Promotion,10,47
U00668,49,Australia,Student,Cybersecurity,Advanced,Khan Academy,College Project,29,36
U00669,49,UK,Postgraduate,Design,Beginner,Coursera,Interview Prep,3,19
U00670,39,India,Graduate,Programming,Intermediate,Skillshare,Interview Prep,29,1
U00671,46,Canada,Postgraduate,Data Science,Beginner,Skillshare,Upskilling,21,22
U00672,27,India,Postgraduate,Programming,Advanced,Coursera,Career Switch,20,5
U00673,33,India,Student,Soft Skills,Beginner,edX,Promotion,8,19
U00674,47,Canada,Student,AI,Beginner,Udemy,Upskilling,24,27
U00675,18,Germany,Postgraduate,Programming,Beginner,FutureLearn,Promotion,16,23
U00676,44,Germany,Student,Cybersecurity,Advanced,Skillshare,Promotion,24,22
U00677,36,Germany,Postgraduate,Data Science,Intermediate,Udemy,Promotion,16,27
U00678,49,Canada,Student,Cybersecurity,Beginner,DataCamp,Interview Prep,20,45
U00679,52,USA,Student,Mobile,Advanced,edX,Career Switch,25,4
U00680,27,Canada,Student,Data Science,Advanced,FutureLearn,Interview Prep,27,15
U00681,18,Australia,Student,Web,Beginner,Khan Academy,College Project,29,30
U00682,36,Germany,Graduate,Design,Intermediate,Coursera,Interview Prep,9,16
U00683,52,India,Graduate,Cybersecurity,Beginner,FutureLearn,Promotion,11,2
U00684,36,India,Postgraduate,Soft Skills,Beginner,LinkedIn Learning,Promotion,2,29
U00685,18,India,Graduate,AI,Beginner,Khan Academy,Certification,9,15
U00686,54,Australia,Student,Soft Skills,Intermediate,DataCamp,Career Switch,30,6
U00687,52,USA,Graduate,AI,Advanced,DataCamp,Promotion,6,37
U00688,39,UK,Graduate,Design,Advanced,Udemy,Career Switch,22,23
U00689,50,Germany,Postgraduate,Web,Intermediate,Khan Academy,Promotion,5,48
U00690,38,UK,Student,Programming,Intermediate,edX,Certification,19,45
U00691,41,Australia,Postgraduate,Business,Intermediate,Skillshare,Promotion,23,23
U00692,48,Canada,Postgraduate,Programming,Intermediate,LinkedIn Learning,Career Switch,3,6
U00693,30,Canada,Graduate,Web,Beginner,Udemy,Promotion,22,25
U00694,47,USA,Graduate,Mobile,Advanced,Khan Academy,Interview Prep,12,45
U00695,21,India,Student,Design,Intermediate,Khan Academy,Interview Prep,13,14
U00696,40,USA,Student,Data Science,Advanced,LinkedIn Learning,College Project,20,34
U00697,43,Canada,Postgraduate,Design,Intermediate,edX,Interview Prep,7,23
U00698,35,Germany,Student,Web,Advanced,LinkedIn Learning,Certification,7,14
U00699,51,Australia,Graduate,AI,Advanced,LinkedIn Learning,Certification,14,15
U00700,27,Australia,Graduate,Mobile,Intermediate,edX,Certification,13,10
U00701,35,India,Graduate,Programming,Advanced,Khan Academy,Interview Prep,13,8
U00702,54,USA,Graduate,Soft Skills,Beginner,Udemy,Certification,29,18
U00703,55,USA,Postgraduate,Cloud,Intermediate,DataCamp,Upskilling,13,7
U00704,46,UK,Student,Soft Skills,Intermediate,LinkedIn Learning,Upskilling,8,21
U00705,18,Canada,Graduate,Soft Skills,Intermediate,LinkedIn Learning,Certification,28,47
U00706,34,Australia,Postgraduate,Cybersecurity,Advanced,Coursera,Career Switch,27,27
U00707,22,India,Graduate,Programming,Advanced,LinkedIn Learning,College Project,26,5
U00708,45,India,Graduate,Programming,Advanced,DataCamp,Interview Prep,11,28
U00709,18,Germany,Graduate,Cybersecurity,Intermediate,DataCamp,Career Switch,28,35
U00710,38,UK,Student,Cybersecurity,Advanced,LinkedIn Learning,Promotion,19,27
U00711,27,UK,Graduate,Data Science,Beginner,LinkedIn Learning,Career Switch,10,34
U00712,38,Australia,Graduate,Data Science,Advanced,Udemy,Career Switch,25,42
U00713,41,India,Postgraduate,Mobile,Beginner,FutureLearn,Certification,24,48
U00714,45,India,Graduate,Design,Advanced,Coursera,Interview Prep,18,20
U00715,20,India,Postgraduate,Data Science,Advanced,LinkedIn Learning,College Project,5,19
U00716,33,Australia,Postgraduate,Design,Intermediate,Udemy,Interview Prep,24,26
U00717,18,India,Postgraduate,Soft Skills,Intermediate,LinkedIn Learning,Promotion,16,5
U00718,24,UK,Graduate,Business,Beginner,DataCamp,College Project,3,15
U00719,37,Australia,Student,Business,Intermediate,LinkedIn Learning,Promotion,18,27
U00720,54,UK,Graduate,Data Science,Beginner,edX,College Project,29,8
U00721,39,Canada,Student,Cloud,Intermediate,DataCamp,Promotion,20,46
U00722,49,UK,Graduate,Mobile,Advanced,Udemy,College Project,17,24
U00723,49,USA,Graduate,Programming,Intermediate,Khan Academy,Career Switch,27,20
U00724,41,USA,Student,Business,Intermediate,edX,Career Switch,14,27
U00725,18,Australia,Graduate,AI,Advanced,FutureLearn,Upskilling,11,1
U00726,26,USA,Postgraduate,Cybersecurity,Intermediate,Skillshare,Promotion,14,31
U00727,43,Australia,Postgraduate,Business,Beginner,Udemy,Certification,8,34
U00728,36,Australia,Graduate,AI,Intermediate,LinkedIn Learning,Certification,6,30
U00729,33,UK,Graduate,Mobile,Beginner,FutureLearn,College Project,17,46
U00730,24,Australia,Student,Cloud,Beginner,Khan Academy,Promotion,8,49
U00731,25,Germany,Graduate,Programming,Intermediate,DataCamp,Promotion,17,29
U00732,50,USA,Student,Web,Beginner,Skillshare,Upskilling,5,29
U00733,36,Canada,Graduate,Design,Intermediate,Khan Academy,College Project,9,50
U00734,35,Canada,Graduate,Design,Beginner,Coursera,Promotion,19,8
U00735,42,Canada,Student,AI,Advanced,LinkedIn Learning,College Project,21,24
U00736,32,Canada,Student,Data Science,Intermediate,FutureLearn,Upskilling,10,37
U00737,40,Germany,Student,Business,Intermediate,Coursera,Certification,30,39
U00738,54,USA,Postgraduate,Data Science,Advanced,Coursera,College Project,8,14
U00739,49,Australia,Student,Web,Intermediate,Khan Academy,College Project,19,18
U00740,19,USA,Graduate,Soft Skills,Advanced,DataCamp,Promotion,23,50
U00741,44,Germany,Postgraduate,Mobile,Intermediate,Coursera,Promotion,17,2
U00742,44,India,Graduate,Business,Intermediate,DataCamp,Interview Prep,24,26
U00743,19,India,Student,Design,Beginner,Khan Academy,Certification,14,22
U00744,46,Germany,Student,Design,Beginner,Khan Academy,Interview Prep,25,3
U00745,22,Canada,Graduate,Web,Advanced,DataCamp,Certification,5,40
U00746,52,Germany,Postgraduate,Web,Beginner,Khan Academy,Certification,13,7
U00747,54,India,Postgraduate,Soft Skills,Intermediate,FutureLearn,Certification,2,39
U00748,34,Canada,Graduate,Business,Beginner,Udemy,Promotion,14,22
U00749,55,Canada,Graduate,Web,Advanced,Coursera,Certification,14,47
U00750,33,UK,Student,Programming,Beginner,Khan Academy,Certification,8,17
U00751,50,Germany,Postgraduate,Mobile,Advanced,FutureLearn,Career Switch,18,2
U00752,43,Germany,Graduate,Web,Advanced,DataCamp,College Project,7,5
U00753,45,Canada,Postgraduate,Cybersecurity,Beginner,DataCamp,Upskilling,22,21
U00754,18,USA,Graduate,Cloud,Intermediate,Coursera,Career Switch,6,17
U00755,31,Canada,Student,Mobile,Advanced,FutureLearn,Career Switch,2,25
U00756,37,India,Graduate,Data Science,Intermediate,Skillshare,College Project,6,24
U00757,26,Germany,Postgraduate,Soft Skills,Advanced,LinkedIn Learning,Promotion,19,27
U00758,28,Australia,Student,Programming,Advanced,LinkedIn Learning,Promotion,2,37
U00759,19,Canada,Postgraduate,Cloud,Advanced,LinkedIn Learning,Promotion,10,13
U00760,28,UK,Postgraduate,Mobile,Advanced,Udemy,Career Switch,7,24
U00761,42,India,Postgraduate,Soft Skills,Intermediate,DataCamp,College Project,15,47
U00762,40,Canada,Student,AI,Intermediate,DataCamp,Interview Prep,17,50
U00763,28,Germany,Student,Programming,Intermediate,Khan Academy,Interview Prep,17,42
U00764,27,Canada,Student,Mobile,Advanced,Khan Academy,College Project,6,32
U00765,53,Canada,Graduate,Cloud,Intermediate,FutureLearn,Upskilling,14,27
U00766,47,UK,Graduate,Cloud,Beginner,Skillshare,Certification,28,29
U00767,29,India,Postgraduate,Mobile,Advanced,Udemy,Certification,26,29
U00768,29,Germany,Postgraduate,Soft Skills,Advanced,DataCamp,Certification,25,26
U00769,53,Canada,Student,Data Science,Intermediate,Coursera,Career Switch,7,2
U00770,39,USA,Graduate,Programming,Advanced,LinkedIn Learning,Upskilling,3,39
U00771,36,Canada,Student,Business,Advanced,Skillshare,College Project,21,10
U00772,53,India,Graduate,Mobile,Beginner,LinkedIn Learning,Interview Prep,18,20
U00773,41,India,Postgraduate,Soft Skills,Advanced,Skillshare,Upskilling,30,4
U00774,28,Germany,Student,Mobile,Advanced,DataCamp,Interview Prep,17,34
U00775,34,Germany,Postgraduate,Design,Beginner,Coursera,Career Switch,27,29
U00776,21,Canada,Student,Cloud,Beginner,FutureLearn,Upskilling,9,18
U00777,34,UK,Postgraduate,Cybersecurity,Intermediate,DataCamp,Certification,4,28
U00778,27,UK,Student,Data Science,Intermediate,edX,Career Switch,24,14
U00779,41,Germany,Student,Business,Intermediate,edX,Promotion,13,46
U00780,31,UK,Postgraduate,AI,Beginner,DataCamp,Upskilling,19,47
U00781,25,USA,Graduate,Soft Skills,Beginner,Khan Academy,Certification,9,10
U00782,26,UK,Student,Web,Advanced,FutureLearn,Certification,20,30
U00783,33,USA,Postgraduate,Programming,Intermediate,Khan Academy,Certification,17,23
U00784,30,Canada,Graduate,Programming,Beginner,DataCamp,Interview Prep,6,37
U00785,30,Canada,Postgraduate,Web,Intermediate,Skillshare,Promotion,24,0
U00786,44,India,Graduate,Cybersecurity,Beginner,Udemy,Career Switch,7,31
U00787,19,India,Graduate,Cloud,Intermediate,Udemy,Career Switch,5,24
U00788,47,Australia,Student,Design,Beginner,Skillshare,Interview Prep,30,33
U00789,28,USA,Postgraduate,Cybersecurity,Intermediate,edX,Promotion,24,44
U00790,51,India,Graduate,Cloud,Intermediate,Udemy,College Project,23,23
U00791,46,Germany,Graduate,Mobile,Intermediate,edX,College Project,17,32
U00792,51,Australia,Graduate,Design,Advanced,LinkedIn Learning,College Project,26,35
U00793,45,India,Student,Cloud,Beginner,Skillshare,College Project,16,29
U00794,35,Canada,Postgraduate,Soft Skills,Beginner,Udemy,Career Switch,7,44
U00795,32,UK,Postgraduate,Cybersecurity,Advanced,edX,Upskilling,16,3
U00796,20,UK,Graduate,Design,Advanced,DataCamp,Promotion,28,13
U00797,39,USA,Student,AI,Advanced,LinkedIn Learning,College Project,24,14
U00798,46,UK,Graduate,Business,Beginner,DataCamp,College Project,19,26
U00799,23,USA,Student,Programming,Advanced,FutureLearn,Promotion,22,30
U00800,43,USA,Postgraduate,Cybersecurity,Advanced,Skillshare,Certification,5,13
U00801,43,UK,Postgraduate,Programming,Intermediate,DataCamp,Career Switch,27,25
U00802,39,USA,Student,AI,Beginner,edX,College Project,9,16
U00803,20,Canada,Postgraduate,Programming,Advanced,LinkedIn Learning,College Project,13,44
U00804,55,Canada,Student,Cloud,Beginner,Skillshare,Promotion,20,15
U00805,53,USA,Graduate,Cybersecurity,Advanced,Khan Academy,Certification,18,48
U00806,46,USA,Postgraduate,Soft Skills,Beginner,edX,Career Switch,8,19
U00807,32,Canada,Graduate,Data Science,Advanced,Skillshare,Interview Prep,30,44
U00808,31,Canada,Student,Mobile,Advanced,Udemy,Interview Prep,19,37
U00809,45,UK,Student,Business,Beginner,LinkedIn Learning,College Project,27,46
U00810,46,UK,Graduate,Data Science,Beginner,Coursera,Certification,8,7
U00811,43,Australia,Graduate,Programming,Intermediate,Udemy,Career Switch,14,49
U00812,47,UK,Student,Data Science,Beginner,DataCamp,Certification,30,40
U00813,33,India,Postgraduate,Cloud,Advanced,LinkedIn Learning,Certification,28,37
U00814,45,USA,Postgraduate,AI,Beginner,Udemy,Career Switch,9,11
U00815,36,Australia,Postgraduate,Business,Beginner,LinkedIn Learning,Promotion,30,10
U00816,37,India,Graduate,Cybersecurity,Advanced,Khan Academy,Career Switch,10,32
U00817,25,Australia,Student,Soft Skills,Beginner,LinkedIn Learning,College Project,22,6
U00818,33,Canada,Postgraduate,Data Science,Beginner,Khan Academy,Certification,28,29
U00819,31,Germany,Graduate,AI,Advanced,LinkedIn Learning,College Project,12,49
U00820,44,Canada,Student,Mobile,Beginner,Skillshare,Upskilling,23,18
U00821,19,India,Student,Web,Advanced,Udemy,Promotion,6,47
U00822,28,USA,Graduate,Business,Intermediate,LinkedIn Learning,College Project,24,22
U00823,20,USA,Student,Web,Intermediate,LinkedIn Learning,Career Switch,20,50
U00824,38,Germany,Postgraduate,Business,Advanced,Skillshare,Career Switch,19,12
U00825,52,Australia,Postgraduate,Cloud,Beginner,Khan Academy,Career Switch,16,50
U00826,42,Canada,Postgraduate,Mobile,Intermediate,edX,Career Switch,21,12
U00827,51,Australia,Postgraduate,Mobile,Intermediate,LinkedIn Learning,Certification,8,42
U00828,24,USA,Postgraduate,Web,Intermediate,Udemy,Promotion,11,13
U00829,45,Canada,Student,Cloud,Intermediate,FutureLearn,Promotion,26,37
U00830,33,USA,Graduate,Data Science,Intermediate,DataCamp,Certification,27,14
U00831,44,Australia,Student,Soft Skills,Beginner,Skillshare,College Project,9,50
U00832,21,UK,Student,AI,Intermediate,LinkedIn Learning,Interview Prep,3,34
U00833,23,Australia,Student,Cybersecurity,Beginner,DataCamp,College Project,9,11
U00834,20,India,Student,Cybersecurity,Beginner,Khan Academy,College Project,19,17
U00835,30,UK,Postgraduate,Data Science,Beginner,Udemy,Promotion,23,6
U00836,34,Canada,Graduate,Mobile,Beginner,DataCamp,Certification,14,21
U00837,38,UK,Graduate,Cloud,Intermediate,LinkedIn Learning,College Project,16,48
U00838,28,Australia,Graduate,Programming,Advanced,Khan Academy,Upskilling,5,32
U00839,36,India,Graduate,Soft Skills,Intermediate,Khan Academy,Interview Prep,26,38
U00840,21,UK,Postgraduate,Cloud,Beginner,Coursera,Certification,22,25
U00841,37,USA,Postgraduate,Cloud,Intermediate,Coursera,Interview Prep,7,27
U00842,38,USA,Graduate,Web,Advanced,edX,College Project,29,50
U00843,39,USA,Student,Cybersecurity,Intermediate,Udemy,Upskilling,2,31
U00844,51,USA,Graduate,Design,Intermediate,LinkedIn Learning,Certification,5,19
U00845,40,Australia,Graduate,Business,Intermediate,LinkedIn Learning,Upskilling,7,24
U00846,33,Canada,Graduate,Web,Beginner,LinkedIn Learning,Career Switch,14,19
U00847,43,India,Student,Web,Intermediate,Khan Academy,College Project,25,2
U00848,33,UK,Student,Soft Skills,Advanced,FutureLearn,College Project,2,24
U00849,45,UK,Postgraduate,Mobile,Advanced,FutureLearn,College Project,14,22
U00850,54,USA,Graduate,Cloud,Intermediate,Udemy,College Project,18,33
U00851,36,Germany,Postgraduate,Cloud,Beginner,edX,Promotion,24,48
U00852,23,Canada,Graduate,Cloud,Intermediate,Khan Academy,College Project,15,22
U00853,44,India,Graduate,Soft Skills,Intermediate,Skillshare,Interview Prep,23,8
U00854,39,Canada,Graduate,Web,Advanced,Udemy,Interview Prep,3,23
U00855,35,Canada,Graduate,AI,Beginner,edX,Interview Prep,24,44
U00856,49,Canada,Postgraduate,AI,Beginner,Udemy,Interview Prep,27,35
U00857,31,USA,Postgraduate,AI,Advanced,edX,Certification,7,38
U00858,35,USA,Graduate,AI,Intermediate,FutureLearn,Promotion,28,33
U00859,42,Germany,Graduate,Programming,Advanced,Udemy,Certification,11,24
U00860,23,Australia,Postgraduate,Cloud,Intermediate,DataCamp,Promotion,28,32
U00861,51,USA,Graduate,Mobile,Beginner,Coursera,Promotion,2,18
U00862,18,UK,Postgraduate,Design,Intermediate,FutureLearn,Interview Prep,10,44
U00863,20,Australia,Student,Web,Beginner,FutureLearn,College Project,14,36
U00864,42,Australia,Postgraduate,Mobile,Beginner,Coursera,Interview Prep,21,46
U00865,36,Canada,Graduate,Cybersecurity,Beginner,Coursera,Certification,5,28
U00866,42,Australia,Graduate,Design,Beginner,edX,Promotion,3,0
U00867,20,UK,Graduate,Cybersecurity,Advanced,Udemy,Career Switch,14,13
U00868,33,India,Graduate,Business,Beginner,edX,Upskilling,27,41
U00869,35,India,Postgraduate,Business,Intermediate,edX,Interview Prep,4,23
U00870,53,Germany,Graduate,Web,Beginner,DataCamp,Career Switch,11,49
U00871,46,Germany,Student,Data Science,Advanced,Coursera,Promotion,21,6
U00872,25,Canada,Student,AI,Beginner,Skillshare,College Project,15,29
U00873,31,India,Student,Soft Skills,Intermediate,DataCamp,Promotion,3,47
U00874,30,USA,Graduate,Soft Skills,Beginner,FutureLearn,College Project,26,23
U00875,30,Australia,Postgraduate,Programming,Beginner,LinkedIn Learning,Interview Prep,21,25
U00876,50,Australia,Postgraduate,Cybersecurity,Intermediate,DataCamp,College Project,17,25
U00877,18,India,Graduate,Mobile,Advanced,Khan Academy,Career Switch,23,6
U00878,34,India,Postgraduate,Mobile,Beginner,Coursera,Certification,10,18
U00879,55,UK,Student,AI,Advanced,Udemy,Career Switch,13,0
U00880,32,Australia,Graduate,Cloud,Beginner,Khan Academy,Upskilling,6,44
U00881,23,Canada,Graduate,Cybersecurity,Beginner,DataCamp,Certification,5,41
U00882,52,USA,Student,Design,Advanced,DataCamp,Career Switch,11,31
U00883,46,India,Student,Programming,Intermediate,edX,College Project,28,32
U00884,31,Canada,Postgraduate,Design,Beginner,Coursera,Upskilling,24,19
U00885,35,India,Graduate,Programming,Advanced,Coursera,Interview Prep,11,24
U00886,45,Australia,Graduate,Soft Skills,Advanced,edX,Promotion,16,24
U00887,27,Germany,Graduate,Business,Beginner,edX,College Project,14,24
U00888,37,Australia,Graduate,Mobile,Intermediate,Udemy,Upskilling,29,13
U00889,41,UK,Postgraduate,Programming,Beginner,Coursera,Career Switch,16,16
U00890,25,Australia,Graduate,Programming,Intermediate,Coursera,Interview Prep,4,13
U00891,32,Germany,Graduate,Mobile,Intermediate,Skillshare,Certification,7,10
U00892,54,Australia,Graduate,Mobile,Advanced,edX,College Project,12,7
U00893,18,India,Student,Business,Intermediate,edX,Promotion,4,39
U00894,45,Canada,Graduate,Soft Skills,Intermediate,DataCamp,Promotion,15,21
U00895,37,India,Graduate,Cloud,Intermediate,Khan Academy,Certification,22,30
U00896,39,UK,Graduate,Design,Beginner,FutureLearn,Interview Prep,30,41
U00897,32,USA,Postgraduate,Soft Skills,Beginner,DataCamp,Certification,19,1
U00898,34,Germany,Postgraduate,Web,Intermediate,DataCamp,Promotion,2,33
U00899,34,UK,Postgraduate,Business,Advanced,LinkedIn Learning,Upskilling,12,29
U00900,20,Germany,Student,Mobile,Beginner,Khan Academy,Interview Prep,14,29
U00901,40,USA,Graduate,Soft Skills,Intermediate,LinkedIn Learning,College Project,17,16
U00902,37,India,Postgraduate,Data Science,Beginner,Khan Academy,Interview Prep,16,24
U00903,43,Germany,Graduate,Web,Advanced,FutureLearn,Upskilling,20,26
U00904,22,Canada,Graduate,AI,Intermediate,Udemy,Certification,16,25
U00905,36,USA,Graduate,Web,Intermediate,Skillshare,Certification,16,28
U00906,44,Australia,Graduate,Soft Skills,Beginner,FutureLearn,Promotion,8,25
U00907,41,Canada,Student,Cybersecurity,Intermediate,Udemy,Upskilling,26,34
U00908,31,USA,Student,Cybersecurity,Beginner,Khan Academy,Interview Prep,4,2
U00909,22,Germany,Postgraduate,Soft Skills,Intermediate,Coursera,College Project,25,16
U00910,48,India,Postgraduate,Cloud,Beginner,Skillshare,Certification,23,5
U00911,47,Canada,Student,AI,Beginner,Udemy,Promotion,28,32
U00912,26,Germany,Graduate,Programming,Intermediate,Khan Academy,Certification,4,29
U00913,30,Canada,Graduate,Business,Beginner,Khan Academy,Promotion,6,47
U00914,54,USA,Graduate,Web,Advanced,Khan Academy,Certification,9,28
U00915,40,USA,Student,Programming,Intermediate,LinkedIn Learning,Interview Prep,24,8
U00916,49,Germany,Graduate,Soft Skills,Beginner,LinkedIn Learning,College Project,9,18
U00917,25,UK,Graduate,Programming,Beginner,FutureLearn,Career Switch,13,45
U00918,45,USA,Postgraduate,Data Science,Advanced,Skillshare,Certification,24,35
U00919,53,USA,Postgraduate,Web,Advanced,DataCamp,Upskilling,5,45
U00920,29,India,Student,Mobile,Intermediate,DataCamp,Interview Prep,6,23
U00921,43,Australia,Graduate,Cybersecurity,Advanced,LinkedIn Learning,Promotion,27,47
U00922,20,UK,Graduate,Cloud,Advanced,edX,Upskilling,19,44
U00923,48,USA,Postgraduate,Cybersecurity,Beginner,Coursera,College Project,30,40
U00924,18,Australia,Graduate,Web,Advanced,Coursera,Career Switch,23,10
U00925,27,UK,Student,Design,Intermediate,Coursera,Promotion,22,31
U00926,46,Germany,Graduate,Cybersecurity,Intermediate,Coursera,Certification,5,22
U00927,49,UK,Student,Design,Beginner,Khan Academy,Career Switch,29,43
U00928,46,USA,Student,Programming,Intermediate,FutureLearn,Career Switch,20,39
U00929,45,Canada,Student,Data Science,Advanced,DataCamp,Certification,11,21
U00930,45,UK,Student,AI,Advanced,LinkedIn Learning,Upskilling,24,10
U00931,36,Australia,Student,Web,Beginner,Khan Academy,Upskilling,22,3
U00932,20,Germany,Postgraduate,Programming,Advanced,Coursera,Certification,16,27
U00933,48,USA,Postgraduate,Cloud,Intermediate,LinkedIn Learning,Certification,13,1
U00934,23,Canada,Graduate,Soft Skills,Beginner,Coursera,Interview Prep,27,33
U00935,47,USA,Student,Cloud,Intermediate,Udemy,Interview Prep,13,10
U00936,44,Australia,Student,Web,Intermediate,Skillshare,Interview Prep,16,49
U00937,35,India,Student,AI,Intermediate,Udemy,Certification,7,2
U00938,29,UK,Graduate,AI,Beginner,FutureLearn,Promotion,9,11
U00939,34,Australia,Graduate,Business,Intermediate,FutureLearn,Promotion,10,43
U00940,52,Germany,Student,Mobile,Intermediate,DataCamp,College Project,22,10
U00941,21,UK,Postgraduate,Data Science,Beginner,LinkedIn Learning,Interview Prep,15,37
U00942,55,UK,Student,Business,Advanced,Udemy,College Project,21,23
U00943,46,UK,Graduate,Data Science,Intermediate,Khan Academy,Interview Prep,29,24
U00944,39,Canada,Graduate,Programming,Beginner,FutureLearn,Interview Prep,29,33
U00945,37,USA,Postgraduate,Programming,Beginner,LinkedIn Learning,Upskilling,19,29
U00946,42,India,Postgraduate,AI,Beginner,Skillshare,College Project,26,11
U00947,40,UK,Postgraduate,Design,Intermediate,Skillshare,College Project,2,32
U00948,31,Australia,Postgraduate,Data Science,Beginner,Skillshare,College Project,28,38
U00949,20,USA,Student,Mobile,Intermediate,DataCamp,College Project,23,23
U00950,45,Canada,Student,Cybersecurity,Advanced,Coursera,Certification,5,37
U00951,20,India,Student,Programming,Advanced,Coursera,Promotion,15,21
U00952,18,USA,Graduate,Data Science,Beginner,FutureLearn,Interview Prep,8,27
U00953,37,Australia,Graduate,Business,Intermediate,Skillshare,Career Switch,24,16
U00954,21,UK,Postgraduate,Design,Intermediate,Khan Academy,Certification,28,24
U00955,42,USA,Postgraduate,Programming,Intermediate,Coursera,Career Switch,8,32
U00956,27,USA,Student,Design,Advanced,edX,Upskilling,24,40
U00957,20,Canada,Graduate,Cybersecurity,Advanced,Coursera,Upskilling,15,30
U00958,32,Australia,Student,Cloud,Intermediate,Udemy,Career Switch,17,20
U00959,19,UK,Graduate,Data Science,Advanced,edX,College Project,7,17
U00960,20,USA,Postgraduate,Cloud,Intermediate,DataCamp,Upskilling,2,35
U00961,47,USA,Graduate,Cloud,Intermediate,Udemy,Promotion,10,9
U00962,30,UK,Student,Web,Intermediate,edX,Certification,7,10
U00963,45,USA,Postgraduate,Data Science,Advanced,Coursera,Promotion,17,9
U00964,52,UK,Student,Cloud,Intermediate,DataCamp,Promotion,26,37
U00965,28,Canada,Postgraduate,Cybersecurity,Intermediate,edX,Certification,7,31
U00966,50,Germany,Student,AI,Beginner,Coursera,Career Switch,18,35
U00967,49,India,Student,Programming,Intermediate,LinkedIn Learning,Certification,21,36
U00968,19,Canada,Student,Programming,Beginner,Skillshare,Interview Prep,14,30
U00969,29,USA,Postgraduate,Cybersecurity,Advanced,Udemy,Promotion,5,10
U00970,27,USA,Postgraduate,Cloud,Intermediate,DataCamp,Career Switch,25,31
U00971,24,USA,Postgraduate,Cloud,Intermediate,LinkedIn Learning,Certification,9,22
U00972,24,UK,Graduate,Business,Intermediate,Khan Academy,Upskilling,7,1
U00973,41,UK,Student,Web,Intermediate,DataCamp,Interview Prep,9,23
U00974,29,India,Student,Business,Intermediate,Khan Academy,Promotion,15,42
U00975,52,UK,Student,Programming,Beginner,DataCamp,Promotion,16,28
U00976,26,Germany,Postgraduate,Data Science,Beginner,Skillshare,Promotion,4,38
U00977,33,Canada,Graduate,Cybersecurity,Beginner,FutureLearn,College Project,18,17
U00978,19,Canada,Postgraduate,Cybersecurity,Intermediate,FutureLearn,College Project,5,20
U00979,51,Australia,Postgraduate,Web,Advanced,FutureLearn,Upskilling,6,26
U00980,38,Germany,Postgraduate,Data Science,Advanced,LinkedIn Learning,Certification,29,38
U00981,44,India,Postgraduate,Web,Beginner,LinkedIn Learning,Certification,18,46
U00982,42,UK,Postgraduate,Cybersecurity,Beginner,LinkedIn Learning,Promotion,21,31
U00983,23,India,Student,Business,Beginner,Coursera,College Project,16,4
U00984,39,UK,Student,Business,Intermediate,Coursera,College Project,20,38
U00985,48,Australia,Student,Cloud,Beginner,Khan Academy,Promotion,9,46
U00986,36,USA,Postgraduate,Business,Intermediate,Khan Academy,College Project,20,27
U00987,25,Canada,Student,Cybersecurity,Beginner,Khan Academy,Upskilling,4,27
U00988,18,Germany,Student,Web,Intermediate,LinkedIn Learning,Interview Prep,18,20
U00989,25,India,Postgraduate,Cybersecurity,Advanced,Skillshare,Promotion,18,44
U00990,48,USA,Graduate,Programming,Advanced,Udemy,Promotion,5,18
U00991,43,USA,Student,AI,Beginner,FutureLearn,Career Switch,21,44
U00992,19,India,Postgraduate,Web,Intermediate,FutureLearn,Career Switch,16,32
U00993,43,Canada,Postgraduate,Programming,Beginner,Coursera,Upskilling,24,45
U00994,35,Germany,Postgraduate,Business,Intermediate,Khan Academy,Upskilling,9,15
U00995,26,Germany,Student,AI,Advanced,Coursera,Interview Prep,27,35
U00996,19,Germany,Graduate,Cloud,Beginner,DataCamp,Interview Prep,26,6
U00997,24,India,Graduate,Programming,Intermediate,FutureLearn,Interview Prep,11,13
U00998,33,Canada,Student,Programming,Intermediate,Skillshare,Certification,20,25
U00999,41,Canada,Postgraduate,Business,Intermediate,edX,Career Switch,25,37
U01000,52,Australia,Student,Programming,Intermediate,Udemy,Upskilling,17,26
U01001,21,Canada,Postgraduate,Programming,Beginner,Udemy,Upskilling,9,17
U01002,26,Australia,Postgraduate,Mobile,Intermediate,LinkedIn Learning,College Project,10,3
U01003,42,India,Student,Mobile,Advanced,edX,Interview Prep,15,19
U01004,31,India,Postgraduate,Business,Beginner,Khan Academy,Certification,8,14
U01005,38,USA,Postgraduate,Cybersecurity,Beginner,Udemy,College Project,12,2
U01006,28,Canada,Postgraduate,Cybersecurity,Beginner,Udemy,Promotion,9,4
U01007,55,USA,Graduate,Data Science,Beginner,DataCamp,Promotion,30,10
U01008,34,Australia,Graduate,Soft Skills,Advanced,Coursera,College Project,21,49
U01009,43,Canada,Student,Mobile,Advanced,edX,Promotion,11,20
U01010,21,USA,Postgraduate,Design,Advanced,Skillshare,College Project,15,14
U01011,48,India,Postgraduate,Mobile,Intermediate,Khan Academy,Upskilling,15,4
U01012,48,Australia,Student,Programming,Intermediate,Udemy,College Project,30,49
U01013,47,Germany,Postgraduate,Data Science,Intermediate,FutureLearn,College Project,19,33
U01014,49,USA,Postgraduate,Programming,Intermediate,FutureLearn,Upskilling,11,0
U01015,28,Australia,Postgraduate,AI,Intermediate,edX,Career Switch,25,18
U01016,44,UK,Graduate,Cloud,Beginner,Khan Academy,Career Switch,12,23
U01017,41,Canada,Graduate,Cloud,Intermediate,Khan Academy,Interview Prep,2,25
U01018,48,India,Student,Design,Advanced,Coursera,Upskilling,10,8
U01019,21,India,Student,Soft Skills,Intermediate,Khan Academy,Interview Prep,19,30
U01020,35,Germany,Student,Soft Skills,Beginner,LinkedIn Learning,College Project,20,44
U01021,40,USA,Postgraduate,AI,Beginner,DataCamp,Certification,9,31
U01022,49,India,Postgraduate,Cybersecurity,Beginner,Skillshare,Certification,20,48
U01023,40,India,Graduate,Mobile,Advanced,Skillshare,Promotion,30,50
U01024,23,Germany,Postgraduate,Business,Intermediate,Skillshare,Promotion,14,38
U01025,34,Germany,Student,Design,Beginner,LinkedIn Learning,Upskilling,18,9
U01026,27,Australia,Student,Mobile,Intermediate,FutureLearn,Certification,29,38
U01027,24,Australia,Graduate,Data Science,Advanced,FutureLearn,Certification,28,28
U01028,44,UK,Student,Design,Beginner,LinkedIn Learning,Interview Prep,14,37
U01029,28,UK,Postgraduate,Cybersecurity,Advanced,Udemy,Career Switch,4,9
U01030,51,Germany,Postgraduate,Soft Skills,Advanced,Khan Academy,Promotion,9,24
U01031,25,Australia,Student,Business,Intermediate,edX,College Project,28,44
U01032,23,USA,Graduate,Business,Advanced,FutureLearn,Certification,29,47
U01033,40,UK,Student,Cybersecurity,Advanced,Udemy,Certification,24,49
U01034,46,USA,Postgraduate,Mobile,Advanced,Coursera,Upskilling,21,47
U01035,32,Australia,Graduate,Business,Advanced,LinkedIn Learning,Upskilling,11,32
U01036,21,India,Student,Design,Advanced,Udemy,Upskilling,19,36
U01037,47,Germany,Postgraduate,Design,Beginner,Udemy,College Project,3,34
U01038,18,UK,Graduate,Cloud,Intermediate,DataCamp,Interview Prep,20,48
U01039,48,India,Graduate,Cloud,Advanced,LinkedIn Learning,Promotion,9,42
U01040,29,Germany,Student,Programming,Beginner,FutureLearn,Upskilling,7,2
U01041,38,India,Postgraduate,Data Science,Intermediate,Skillshare,College Project,10,26
U01042,44,UK,Student,Mobile,Beginner,Khan Academy,Interview Prep,23,36
U01043,18,Germany,Student,Business,Beginner,Coursera,Career Switch,18,49
U01044,50,Australia,Student,Cybersecurity,Intermediate,Coursera,College Project,27,13
U01045,28,Canada,Postgraduate,Cybersecurity,Beginner,LinkedIn Learning,Upskilling,5,42
U01046,55,UK,Student,Web,Beginner,LinkedIn Learning,Interview Prep,24,50
U01047,22,Germany,Graduate,Business,Advanced,Khan Academy,Promotion,30,47
U01048,32,Australia,Postgraduate,Soft Skills,Beginner,DataCamp,Upskilling,28,4
U01049,30,USA,Postgraduate,Programming,Intermediate,DataCamp,College Project,24,30
U01050,42,UK,Graduate,Mobile,Advanced,DataCamp,Upskilling,16,10
U01051,29,India,Postgraduate,Data Science,Beginner,Skillshare,Certification,17,26
U01052,23,Canada,Postgraduate,Data Science,Intermediate,Udemy,Certification,29,49
U01053,32,Germany,Student,Mobile,Beginner,Udemy,Promotion,30,14
U01054,25,Canada,Postgraduate,AI,Beginner,Khan Academy,Promotion,22,47
U01055,25,Australia,Graduate,Data Science,Advanced,Skillshare,Interview Prep,21,8
U01056,31,UK,Student,Mobile,Beginner,LinkedIn Learning,Promotion,2,35
U01057,40,Australia,Postgraduate,Cloud,Advanced,Khan Academy,Career Switch,21,20
U01058,33,Canada,Postgraduate,Mobile,Intermediate,Coursera,Upskilling,15,34
U01059,41,Germany,Graduate,Web,Beginner,Skillshare,Career Switch,6,21
U01060,27,Germany,Student,Programming,Intermediate,Khan Academy,Promotion,22,1
U01061,34,Canada,Postgraduate,Cloud,Beginner,Udemy,College Project,7,7
U01062,47,Germany,Postgraduate,Cybersecurity,Advanced,Coursera,Career Switch,5,6
U01063,37,Australia,Postgraduate,Programming,Advanced,Khan Academy,Interview Prep,29,0
U01064,40,Australia,Student,Web,Advanced,Skillshare,Promotion,27,15
U01065,36,Germany,Student,Data Science,Beginner,Skillshare,Upskilling,3,16
U01066,48,USA,Student,Soft Skills,Beginner,LinkedIn Learning,Career Switch,17,40
U01067,24,Canada,Postgraduate,Web,Advanced,Udemy,Upskilling,20,2
U01068,34,Canada,Student,AI,Intermediate,Coursera,College Project,24,2
U01069,23,USA,Postgraduate,Mobile,Beginner,FutureLearn,Promotion,15,15
U01070,33,Canada,Graduate,Cybersecurity,Intermediate,Coursera,Interview Prep,6,16
U01071,40,USA,Student,Programming,Advanced,LinkedIn Learning,Promotion,8,19
U01072,24,UK,Student,Cloud,Advanced,Skillshare,Career Switch,10,42
U01073,25,India,Graduate,Mobile,Advanced,LinkedIn Learning,Certification,17,31
U01074,47,India,Student,Soft Skills,Beginner,edX,Upskilling,14,30
U01075,36,India,Graduate,Cybersecurity,Beginner,Udemy,Promotion,8,49
U01076,47,USA,Student,Cybersecurity,Advanced,DataCamp,Promotion,10,7
U01077,20,Canada,Student,Design,Advanced,FutureLearn,Interview Prep,24,39
U01078,26,Germany,Graduate,Soft Skills,Intermediate,DataCamp,Career Switch,28,46
U01079,30,Australia,Student,Cloud,Advanced,LinkedIn Learning,Promotion,19,29
U01080,45,Australia,Postgraduate,Cybersecurity,Advanced,Skillshare,Upskilling,25,24
U01081,23,Australia,Student,Soft Skills,Advanced,LinkedIn Learning,Career Switch,22,1
U01082,33,USA,Student,Mobile,Advanced,Coursera,College Project,19,25
U01083,50,Germany,Graduate,Cloud,Advanced,Coursera,Career Switch,23,6
U01084,34,USA,Postgraduate,Web,Beginner,DataCamp,Upskilling,10,8
U01085,25,UK,Graduate,Web,Beginner,LinkedIn Learning,Upskilling,18,40
U01086,47,USA,Student,Programming,Beginner,edX,Promotion,2,18
U01087,50,Canada,Student,Web,Intermediate,Coursera,Certification,24,17
U01088,40,India,Graduate,Cloud,Intermediate,DataCamp,Promotion,26,35
U01089,19,Germany,Graduate,Soft Skills,Intermediate,DataCamp,Promotion,3,12
U01090,55,India,Postgraduate,Mobile,Intermediate,Coursera,Interview Prep,6,30
U01091,18,Canada,Student,Soft Skills,Advanced,Skillshare,Interview Prep,7,4
U01092,47,India,Student,Business,Intermediate,Khan Academy,Promotion,17,35
U01093,23,UK,Student,Soft Skills,Beginner,Skillshare,Upskilling,9,23
U01094,40,Australia,Postgraduate,AI,Advanced,edX,Upskilling,15,19
U01095,54,Germany,Postgraduate,Data Science,Intermediate,Udemy,Promotion,25,48
U01096,22,India,Postgraduate,Soft Skills,Intermediate,LinkedIn Learning,College Project,14,43
U01097,53,Germany,Student,Design,Advanced,Coursera,Career Switch,3,34
U01098,21,India,Postgraduate,Programming,Intermediate,edX,Promotion,30,24
U01099,53,Canada,Postgraduate,Design,Beginner,LinkedIn Learning,Certification,13,36
U01100,18,Germany,Student,AI,Intermediate,DataCamp,Promotion,18,50
U01101,30,Canada,Postgraduate,Cybersecurity,Intermediate,Khan Academy,Career Switch,14,21
U01102,19,Australia,Student,AI,Beginner,FutureLearn,Career Switch,7,42
U01103,23,UK,Student,Design,Beginner,DataCamp,Upskilling,16,23
U01104,18,Germany,Student,Design,Beginner,Coursera,Career Switch,27,33
U01105,23,Germany,Postgraduate,Cybersecurity,Beginner,edX,College Project,3,50
U01106,47,Germany,Student,Data Science,Beginner,DataCamp,Career Switch,20,40
U01107,18,India,Postgraduate,Cloud,Intermediate,Coursera,Upskilling,26,38
U01108,33,Germany,Student,Programming,Intermediate,Coursera,Promotion,9,23
U01109,23,UK,Student,Cybersecurity,Beginner,FutureLearn,Interview Prep,18,37
U01110,25,Australia,Postgraduate,Soft Skills,Intermediate,edX,Upskilling,11,35
U01111,23,USA,Postgraduate,AI,Intermediate,FutureLearn,Career Switch,24,36
U01112,28,USA,Student,AI,Advanced,Coursera,Upskilling,30,35
U01113,29,UK,Postgraduate,Mobile,Beginner,Coursera,Upskilling,2,22
U01114,37,USA,Postgraduate,Programming,Intermediate,Udemy,Upskilling,9,9
U01115,36,USA,Graduate,Cybersecurity,Advanced,Skillshare,Promotion,21,9
U01116,28,UK,Graduate,Data Science,Beginner,Khan Academy,Promotion,5,5
U01117,21,UK,Student,Design,Intermediate,Khan Academy,Interview Prep,21,30
U01118,54,USA,Graduate,Mobile,Intermediate,edX,Certification,15,30
U01119,23,UK,Student,Design,Advanced,Udemy,Certification,30,45
U01120,18,USA,Postgraduate,Data Science,Advanced,Skillshare,College Project,17,11
U01121,34,Germany,Graduate,Design,Intermediate,Skillshare,Promotion,21,11
U01122,47,UK,Postgraduate,Web,Advanced,FutureLearn,Upskilling,8,28
U01123,35,Australia,Postgraduate,Cybersecurity,Beginner,FutureLearn,Career Switch,17,32
U01124,29,Germany,Postgraduate,Business,Beginner,LinkedIn Learning,College Project,5,40
U01125,25,Australia,Graduate,AI,Intermediate,edX,College Project,27,11
U01126,27,Australia,Student,Programming,Beginner,Khan Academy,Career Switch,13,21
U01127,45,USA,Student,Design,Intermediate,DataCamp,Upskilling,14,20
U01128,52,Australia,Student,Design,Advanced,FutureLearn,College Project,27,10
U01129,21,UK,Student,Soft Skills,Beginner,FutureLearn,Interview Prep,18,7
U01130,55,Australia,Postgraduate,Programming,Advanced,LinkedIn Learning,Interview Prep,15,2
U01131,18,India,Postgraduate,Design,Beginner,Khan Academy,College Project,18,17
U01132,47,Canada,Postgraduate,Cloud,Advanced,edX,Promotion,5,46
U01133,45,UK,Student,Business,Intermediate,Khan Academy,Interview Prep,11,48
U01134,47,Germany,Student,Cybersecurity,Intermediate,DataCamp,Upskilling,27,14
U01135,20,Canada,Graduate,Programming,Intermediate,DataCamp,College Project,18,13
U01136,28,USA,Student,Design,Beginner,edX,Interview Prep,2,31
U01137,23,Germany,Graduate,Business,Advanced,DataCamp,Certification,18,27
U01138,26,Canada,Student,Programming,Beginner,Udemy,Upskilling,14,1
U01139,42,Canada,Student,Business,Beginner,LinkedIn Learning,Certification,25,18
U01140,40,Australia,Graduate,Soft Skills,Intermediate,FutureLearn,Career Switch,24,25
U01141,49,USA,Graduate,Business,Beginner,Skillshare,Upskilling,16,12
U01142,42,Canada,Graduate,Programming,Beginner,Skillshare,Upskilling,24,6
U01143,18,Germany,Student,Data Science,Beginner,Skillshare,Upskilling,27,31
U01144,29,UK,Graduate,Mobile,Beginner,LinkedIn Learning,Career Switch,7,10
U01145,45,UK,Postgraduate,Web,Beginner,Khan Academy,College Project,5,36
U01146,47,USA,Student,Mobile,Advanced,Khan Academy,Interview Prep,7,15
U01147,40,Canada,Student,Cloud,Advanced,DataCamp,College Project,30,23
U01148,19,Australia,Graduate,Web,Beginner,Khan Academy,Promotion,26,25
U01149,50,USA,Postgraduate,Cloud,Advanced,FutureLearn,College Project,8,18
U01150,39,Canada,Student,Web,Intermediate,Coursera,Upskilling,9,15
U01151,26,India,Graduate,AI,Intermediate,Coursera,Interview Prep,24,21
U01152,39,Australia,Student,Web,Beginner,Khan Academy,Promotion,9,0
U01153,43,Canada,Student,Soft Skills,Intermediate,FutureLearn,College Project,5,19
U01154,53,Australia,Postgraduate,Data Science,Beginner,FutureLearn,Certification,24,35
U01155,23,USA,Graduate,AI,Advanced,DataCamp,College Project,14,8
U01156,31,UK,Graduate,Mobile,Advanced,Udemy,Certification,16,3
U01157,55,India,Student,Data Science,Intermediate,FutureLearn,Upskilling,24,28
U01158,44,India,Student,Soft Skills,Intermediate,DataCamp,Upskilling,8,31
U01159,21,Australia,Graduate,Data Science,Advanced,edX,College Project,23,43
U01160,40,Germany,Graduate,Programming,Beginner,Skillshare,Certification,26,29
U01161,36,Canada,Postgraduate,Design,Advanced,Coursera,College Project,5,38
U01162,45,Canada,Student,AI,Beginner,edX,Interview Prep,18,30
U01163,32,USA,Postgraduate,AI,Advanced,Skillshare,Interview Prep,2,9
U01164,37,Australia,Student,Design,Beginner,Skillshare,Certification,26,6
U01165,19,India,Student,Data Science,Intermediate,FutureLearn,Promotion,3,14
U01166,37,India,Graduate,Mobile,Advanced,Skillshare,Certification,9,0
U01167,24,Canada,Graduate,Cybersecurity,Intermediate,LinkedIn Learning,Interview Prep,27,2
U01168,54,USA,Graduate,Cloud,Advanced,Coursera,College Project,28,47
U01169,52,Germany,Postgraduate,Design,Beginner,edX,Certification,12,43
U01170,53,Australia,Graduate,AI,Advanced,FutureLearn,Upskilling,9,37
U01171,31,India,Postgraduate,Cloud,Intermediate,edX,Interview Prep,18,35
U01172,47,India,Graduate,Cloud,Intermediate,Skillshare,Certification,29,47
U01173,23,Canada,Student,Cloud,Advanced,edX,Career Switch,24,34
U01174,20,India,Postgraduate,Cloud,Advanced,DataCamp,College Project,24,40
U01175,34,UK,Postgraduate,Cloud,Advanced,FutureLearn,College Project,20,11
U01176,33,Australia,Graduate,Data Science,Intermediate,edX,Certification,28,4
U01177,30,Canada,Graduate,Data Science,Intermediate,Khan Academy,Promotion,19,33
U01178,37,Germany,Student,Web,Intermediate,DataCamp,Interview Prep,9,3
U01179,54,USA,Graduate,Cloud,Beginner,FutureLearn,Career Switch,29,46
U01180,33,UK,Postgraduate,Data Science,Advanced,Skillshare,Promotion,26,13
U01181,43,Australia,Graduate,Data Science,Intermediate,Coursera,Interview Prep,2,20
U01182,29,Germany,Postgraduate,Data Science,Intermediate,Skillshare,Interview Prep,9,2
U01183,19,Australia,Postgraduate,Data Science,Beginner,DataCamp,Upskilling,22,16
U01184,54,UK,Postgraduate,Mobile,Advanced,LinkedIn Learning,College Project,14,25
U01185,36,Australia,Postgraduate,AI,Intermediate,DataCamp,Interview Prep,8,5
U01186,37,India,Postgraduate,Business,Beginner,LinkedIn Learning,College Project,6,41
U01187,30,Australia,Postgraduate,Data Science,Beginner,DataCamp,Career Switch,5,17
U01188,23,Australia,Student,AI,Beginner,edX,Certification,29,48
U01189,38,Canada,Postgraduate,Web,Beginner,Udemy,Interview Prep,4,42
U01190,21,UK,Graduate,Business,Intermediate,Udemy,Career Switch,29,50
U01191,43,India,Graduate,Cloud,Intermediate,DataCamp,Certification,8,24
U01192,21,India,Student,Mobile,Beginner,FutureLearn,College Project,14,29
U01193,28,Australia,Graduate,AI,Intermediate,edX,Upskilling,6,3
U01194,45,India,Graduate,Web,Advanced,Udemy,College Project,4,41
U01195,20,Australia,Student,Data Science,Beginner,Coursera,Interview Prep,24,37
U01196,51,Canada,Postgraduate,Data Science,Intermediate,Udemy,Certification,25,0
U01197,44,UK,Graduate,Web,Intermediate,edX,Career Switch,17,4
U01198,46,Germany,Postgraduate,Web,Intermediate,Udemy,Career Switch,26,16
U01199,35,Canada,Student,Mobile,Beginner,Khan Academy,College Project,20,42
U01200,18,UK,Student,Programming,Intermediate,Skillshare,Certification,6,32
U01201,26,UK,Student,Mobile,Advanced,Khan Academy,Career Switch,7,25
U01202,29,UK,Student,Cloud,Intermediate,Khan Academy,Career Switch,15,7
U01203,41,Australia,Postgraduate,AI,Beginner,DataCamp,College Project,2,21
U01204,38,USA,Student,AI,Beginner,Skillshare,College Project,27,47
U01205,45,UK,Student,Business,Advanced,Skillshare,Certification,2,49
U01206,42,Canada,Postgraduate,Mobile,Advanced,Udemy,Promotion,23,30
U01207,51,UK,Graduate,Soft Skills,Intermediate,Coursera,Interview Prep,24,17
U01208,23,Australia,Student,Soft Skills,Intermediate,Coursera,Interview Prep,8,21
U01209,19,Australia,Graduate,Web,Beginner,Khan Academy,Interview Prep,29,6
U01210,32,UK,Graduate,Design,Beginner,DataCamp,Upskilling,16,13
U01211,33,India,Graduate,AI,Beginner,DataCamp,Upskilling,11,24
U01212,30,India,Graduate,Cybersecurity,Beginner,Udemy,College Project,12,8
U01213,29,UK,Student,Cybersecurity,Beginner,Skillshare,Upskilling,21,34
U01214,37,USA,Graduate,AI,Advanced,Skillshare,College Project,17,49
U01215,55,India,Postgraduate,Mobile,Beginner,Coursera,Career Switch,21,40
U01216,51,Germany,Graduate,Design,Advanced,edX,Career Switch,24,15
U01217,47,UK,Student,Programming,Advanced,Coursera,Interview Prep,11,40
U01218,22,India,Student,Design,Beginner,Coursera,Certification,13,39
U01219,20,USA,Student,Cybersecurity,Intermediate,edX,Career Switch,4,16
U01220,40,Canada,Student,Design,Intermediate,DataCamp,Career Switch,12,11
U01221,40,UK,Student,Programming,Advanced,FutureLearn,College Project,23,36
U01222,54,Australia,Graduate,Web,Intermediate,Coursera,Career Switch,18,49
U01223,54,Australia,Postgraduate,Design,Beginner,Skillshare,Interview Prep,16,26
U01224,26,India,Student,Cybersecurity,Beginner,DataCamp,College Project,21,29
U01225,33,USA,Student,Mobile,Beginner,Udemy,Certification,26,15
U01226,48,Germany,Student,Data Science,Beginner,Udemy,College Project,10,9
U01227,44,India,Graduate,Web,Beginner,FutureLearn,College Project,6,7
U01228,52,India,Student,Soft Skills,Intermediate,edX,Upskilling,19,1
U01229,39,Canada,Graduate,Programming,Beginner,Udemy,Interview Prep,18,28
U01230,46,USA,Graduate,Business,Beginner,Khan Academy,Promotion,24,31
U01231,29,Australia,Postgraduate,Web,Beginner,DataCamp,Career Switch,9,11
U01232,28,Australia,Postgraduate,Web,Intermediate,LinkedIn Learning,Promotion,16,18
U01233,46,Australia,Postgraduate,Programming,Beginner,Skillshare,Upskilling,22,21
U01234,19,UK,Postgraduate,Web,Advanced,FutureLearn,Certification,7,19
U01235,47,Germany,Postgraduate,Web,Advanced,edX,Certification,10,50
U01236,20,Germany,Graduate,Cloud,Intermediate,Udemy,Upskilling,17,45
U01237,43,USA,Graduate,Soft Skills,Advanced,LinkedIn Learning,Career Switch,7,28
U01238,38,Germany,Postgraduate,Programming,Advanced,Khan Academy,Certification,12,1
U01239,53,USA,Postgraduate,Mobile,Intermediate,edX,Upskilling,27,20
U01240,32,USA,Graduate,Mobile,Beginner,Coursera,Certification,14,44
U01241,32,Australia,Postgraduate,Soft Skills,Advanced,Khan Academy,Certification,17,38
U01242,49,USA,Postgraduate,Data Science,Advanced,Udemy,Promotion,6,43
U01243,19,Australia,Postgraduate,Programming,Intermediate,DataCamp,College Project,29,34
U01244,42,USA,Postgraduate,Mobile,Advanced,Udemy,Upskilling,30,49
U01245,35,UK,Postgraduate,Design,Intermediate,Coursera,Certification,18,29
U01246,24,USA,Postgraduate,Programming,Intermediate,Skillshare,College Project,5,27
U01247,19,Canada,Student,Soft Skills,Beginner,Skillshare,Career Switch,6,17
U01248,32,USA,Postgraduate,Soft Skills,Beginner,DataCamp,Interview Prep,27,42
U01249,49,Canada,Postgraduate,Data Science,Advanced,edX,College Project,18,0
U01250,21,India,Student,Business,Advanced,Udemy,Career Switch,14,40
U01251,54,Australia,Postgraduate,Mobile,Advanced,Khan Academy,Upskilling,19,9
U01252,49,Canada,Student,Business,Intermediate,Udemy,College Project,12,22
U01253,29,UK,Student,Mobile,Intermediate,Udemy,Interview Prep,28,22
U01254,49,UK,Graduate,Data Science,Advanced,Skillshare,Upskilling,17,7
U01255,40,Australia,Postgraduate,Soft Skills,Intermediate,Udemy,College Project,17,36
U01256,28,India,Graduate,Data Science,Intermediate,Skillshare,Upskilling,15,48
U01257,37,Germany,Postgraduate,AI,Beginner,LinkedIn Learning,Upskilling,9,46
U01258,49,Germany,Graduate,Mobile,Beginner,Udemy,Upskilling,8,34
U01259,50,Australia,Student,Data Science,Intermediate,Coursera,Career Switch,15,7
U01260,30,UK,Postgraduate,Design,Beginner,edX,Interview Prep,7,38
U01261,51,Australia,Student,Mobile,Intermediate,LinkedIn Learning,College Project,7,44
U01262,53,Australia,Graduate,AI,Advanced,Coursera,Upskilling,28,13
U01263,55,Canada,Postgraduate,Cloud,Beginner,DataCamp,Upskilling,15,9
U01264,52,Germany,Graduate,Cybersecurity,Beginner,Udemy,Upskilling,25,15
U01265,42,USA,Student,Cybersecurity,Beginner,FutureLearn,Promotion,20,25
U01266,35,Australia,Student,Soft Skills,Beginner,LinkedIn Learning,College Project,17,6
U01267,50,Canada,Graduate,Data Science,Beginner,Khan Academy,Certification,25,18
U01268,46,USA,Student,Mobile,Beginner,LinkedIn Learning,College Project,15,7
U01269,25,Germany,Postgraduate,Cloud,Advanced,Skillshare,Career Switch,15,6
U01270,30,USA,Postgraduate,Business,Advanced,Coursera,College Project,5,45
U01271,53,India,Postgraduate,Programming,Intermediate,Skillshare,Upskilling,26,27
U01272,44,Canada,Graduate,Data Science,Beginner,FutureLearn,Interview Prep,4,7
U01273,37,Australia,Student,Cybersecurity,Intermediate,FutureLearn,Certification,19,19
U01274,37,UK,Student,Data Science,Advanced,FutureLearn,Upskilling,27,5
U01275,38,Canada,Graduate,Cloud,Beginner,DataCamp,College Project,24,22
U01276,26,Australia,Student,AI,Advanced,Skillshare,Promotion,20,36
U01277,29,Germany,Postgraduate,Cloud,Intermediate,Skillshare,College Project,18,17
U01278,52,Germany,Student,Soft Skills,Advanced,DataCamp,Promotion,5,32
U01279,44,UK,Student,Data Science,Advanced,Udemy,Career Switch,22,44
U01280,25,UK,Student,Soft Skills,Intermediate,LinkedIn Learning,College Project,14,45
U01281,33,UK,Student,Programming,Intermediate,Udemy,Career Switch,28,31
U01282,20,Germany,Student,Mobile,Beginner,LinkedIn Learning,Upskilling,11,31
U01283,18,Canada,Graduate,AI,Advanced,Coursera,Promotion,11,37
U01284,54,Germany,Student,Cloud,Advanced,Skillshare,Promotion,27,3
U01285,18,UK,Graduate,Data Science,Intermediate,edX,Upskilling,10,23
U01286,27,USA,Postgraduate,Web,Advanced,edX,Certification,26,0
U01287,29,Australia,Student,Programming,Beginner,edX,Promotion,5,27
U01288,34,UK,Student,Data Science,Intermediate,Udemy,College Project,3,37
U01289,53,USA,Postgraduate,Business,Advanced,Udemy,Career Switch,5,29
U01290,32,India,Student,Cybersecurity,Intermediate,Coursera,Certification,9,25
U01291,44,Germany,Student,AI,Beginner,LinkedIn Learning,Certification,13,21
U01292,28,UK,Student,Cloud,Intermediate,Skillshare,Interview Prep,22,3
U01293,36,USA,Graduate,Mobile,Beginner,edX,College Project,24,43
U01294,26,Germany,Postgraduate,Mobile,Intermediate,Khan Academy,College Project,28,2
U01295,20,Australia,Postgraduate,Programming,Beginner,edX,Certification,4,44
U01296,49,India,Student,Cloud,Beginner,Khan Academy,College Project,27,21
U01297,54,UK,Graduate,Business,Beginner,LinkedIn Learning,Upskilling,15,42
U01298,34,Germany,Graduate,Web,Beginner,Udemy,Certification,7,23
U01299,25,UK,Student,Cybersecurity,Beginner,Khan Academy,Upskilling,22,26
U01300,28,USA,Student,Mobile,Beginner,Khan Academy,College Project,18,45
U01301,54,Canada,Postgraduate,Design,Intermediate,FutureLearn,Promotion,4,28
U01302,25,USA,Postgraduate,Business,Intermediate,Khan Academy,Promotion,19,30
U01303,40,UK,Graduate,Business,Advanced,edX,Certification,24,46
U01304,19,Australia,Graduate,Design,Beginner,Skillshare,Career Switch,11,33
U01305,55,USA,Student,Web,Beginner,Coursera,Career Switch,10,39
U01306,26,Germany,Postgraduate,Design,Beginner,edX,Interview Prep,20,30
U01307,27,Australia,Postgraduate,Web,Beginner,Coursera,Career Switch,17,17
U01308,49,Germany,Graduate,Business,Beginner,edX,Certification,13,35
U01309,40,UK,Postgraduate,Data Science,Advanced,Udemy,Upskilling,22,11
U01310,55,USA,Student,Programming,Beginner,edX,Interview Prep,11,31
U01311,36,Germany,Postgraduate,Design,Advanced,Coursera,College Project,2,4
U01312,47,USA,Student,Soft Skills,Intermediate,Khan Academy,Promotion,13,35
U01313,42,USA,Graduate,Mobile,Beginner,Udemy,College Project,27,10
U01314,32,India,Graduate,Data Science,Beginner,Udemy,Promotion,28,3
U01315,22,Germany,Graduate,Soft Skills,Beginner,Skillshare,Interview Prep,19,21
U01316,44,Canada,Student,Mobile,Intermediate,FutureLearn,Interview Prep,9,50
U01317,37,Germany,Graduate,Web,Intermediate,DataCamp,Promotion,18,49
U01318,28,UK,Postgraduate,Soft Skills,Intermediate,LinkedIn Learning,Promotion,14,6
U01319,54,Germany,Student,Cybersecurity,Advanced,Coursera,Interview Prep,11,21
U01320,27,Canada,Postgraduate,Mobile,Beginner,Coursera,Promotion,28,43
U01321,44,Canada,Student,Cybersecurity,Advanced,FutureLearn,Promotion,3,30
U01322,42,USA,Student,Business,Beginner,DataCamp,Promotion,9,45
U01323,22,Germany,Student,Mobile,Intermediate,FutureLearn,Interview Prep,25,15
U01324,50,USA,Postgraduate,Design,Beginner,DataCamp,Certification,13,14
U01325,38,India,Student,Soft Skills,Advanced,DataCamp,Certification,15,34
U01326,35,Canada,Graduate,Programming,Intermediate,Skillshare,College Project,26,31
U01327,47,USA,Graduate,AI,Beginner,LinkedIn Learning,Certification,9,43
U01328,20,UK,Postgraduate,Cybersecurity,Advanced,FutureLearn,Interview Prep,3,43
U01329,53,Canada,Student,Design,Beginner,Udemy,Certification,30,3
U01330,22,Australia,Student,Business,Beginner,Skillshare,Interview Prep,10,9
U01331,34,USA,Graduate,Programming,Intermediate,Coursera,Promotion,13,21
U01332,34,India,Graduate,Web,Beginner,Skillshare,Certification,21,3
U01333,54,USA,Student,Business,Advanced,FutureLearn,College Project,24,20
U01334,21,Germany,Student,Cybersecurity,Intermediate,LinkedIn Learning,Certification,5,3
U01335,24,Germany,Student,Data Science,Intermediate,LinkedIn Learning,College Project,22,21
U01336,39,Canada,Student,Cloud,Beginner,DataCamp,Career Switch,22,25
U01337,49,Australia,Graduate,Soft Skills,Beginner,edX,Interview Prep,11,16
U01338,38,USA,Graduate,Mobile,Intermediate,Udemy,Career Switch,15,42
U01339,30,Canada,Graduate,Soft Skills,Intermediate,LinkedIn Learning,College Project,30,24
U01340,33,UK,Student,Data Science,Advanced,Coursera,Upskilling,2,22
U01341,36,UK,Postgraduate,Mobile,Intermediate,FutureLearn,Certification,17,21
U01342,53,UK,Student,Cloud,Beginner,DataCamp,Interview Prep,19,37
U01343,21,UK,Postgraduate,AI,Beginner,FutureLearn,Interview Prep,29,48
U01344,34,USA,Student,Soft Skills,Advanced,Khan Academy,Upskilling,18,43
U01345,40,USA,Graduate,Web,Beginner,Skillshare,Career Switch,15,1
U01346,41,Germany,Graduate,Cybersecurity,Intermediate,LinkedIn Learning,Certification,6,41
U01347,33,Australia,Postgraduate,Web,Beginner,DataCamp,Promotion,6,24
U01348,40,Australia,Student,Business,Beginner,Udemy,Promotion,3,46
U01349,29,India,Graduate,Web,Intermediate,LinkedIn Learning,Upskilling,15,28
U01350,31,USA,Postgraduate,Business,Beginner,edX,Promotion,21,34
U01351,45,Australia,Postgraduate,Cloud,Beginner,Udemy,Upskilling,26,25
U01352,20,USA,Graduate,Design,Advanced,edX,Promotion,20,38
U01353,19,Germany,Postgraduate,Data Science,Intermediate,edX,Interview Prep,29,45
U01354,20,Australia,Postgraduate,Web,Beginner,LinkedIn Learning,Certification,26,23
U01355,37,India,Student,Design,Beginner,Khan Academy,College Project,24,34
U01356,46,UK,Student,Cloud,Beginner,FutureLearn,Career Switch,22,6
U01357,55,USA,Postgraduate,Mobile,Beginner,Skillshare,Career Switch,13,23
U01358,53,USA,Graduate,Programming,Beginner,LinkedIn Learning,Career Switch,2,29
U01359,21,India,Graduate,Data Science,Advanced,Udemy,Career Switch,22,30
U01360,31,Australia,Postgraduate,Cybersecurity,Intermediate,Coursera,Promotion,10,4
U01361,21,India,Student,Soft Skills,Intermediate,Khan Academy,Career Switch,21,21
U01362,28,India,Graduate,Web,Beginner,Coursera,College Project,26,47
U01363,31,UK,Student,AI,Advanced,Khan Academy,Upskilling,6,34
U01364,52,Germany,Postgraduate,Web,Beginner,DataCamp,Interview Prep,16,22
U01365,34,USA,Graduate,Design,Advanced,LinkedIn Learning,Career Switch,9,19
U01366,34,UK,Student,AI,Beginner,Khan Academy,Promotion,17,44
U01367,30,USA,Student,Web,Advanced,LinkedIn Learning,Certification,9,47
U01368,44,Australia,Postgraduate,Cybersecurity,Advanced,Udemy,Career Switch,27,41
U01369,52,Australia,Graduate,Web,Intermediate,Udemy,Upskilling,26,49
U01370,55,India,Student,Design,Beginner,Khan Academy,Career Switch,16,5
U01371,48,Canada,Graduate,Mobile,Intermediate,Skillshare,Interview Prep,24,0
U01372,25,UK,Graduate,Soft Skills,Advanced,Coursera,Career Switch,17,50
U01373,43,India,Student,Business,Advanced,FutureLearn,Interview Prep,23,33
U01374,21,UK,Graduate,Data Science,Intermediate,Skillshare,Interview Prep,24,44
U01375,35,Germany,Postgraduate,Cybersecurity,Beginner,Skillshare,Upskilling,15,34
U01376,31,India,Graduate,Mobile,Beginner,DataCamp,Certification,9,35
U01377,22,USA,Graduate,Mobile,Beginner,Khan Academy,College Project,6,0
U01378,51,India,Student,Programming,Intermediate,Skillshare,Interview Prep,20,39
U01379,40,Canada,Postgraduate,AI,Beginner,FutureLearn,Career Switch,23,46
U01380,36,Canada,Graduate,Programming,Advanced,FutureLearn,College Project,23,29
U01381,55,USA,Student,Data Science,Intermediate,DataCamp,Certification,30,8
U01382,37,Germany,Student,Design,Beginner,DataCamp,Career Switch,16,1
U01383,24,UK,Postgraduate,Web,Beginner,LinkedIn Learning,Promotion,24,18
U01384,42,UK,Postgraduate,Business,Advanced,Udemy,Interview Prep,8,8
U01385,30,Australia,Postgraduate,Cybersecurity,Advanced,Coursera,Career Switch,13,40
U01386,43,Germany,Graduate,Data Science,Advanced,Skillshare,Promotion,10,1
U01387,29,Canada,Student,Data Science,Beginner,DataCamp,Certification,5,36
U01388,51,India,Student,Business,Beginner,Coursera,Certification,29,42
U01389,48,Canada,Graduate,Web,Beginner,DataCamp,College Project,27,34
U01390,53,Germany,Postgraduate,Programming,Beginner,edX,Interview Prep,21,25
U01391,51,Australia,Postgraduate,Programming,Beginner,FutureLearn,Career Switch,26,34
U01392,33,Australia,Postgraduate,Programming,Intermediate,LinkedIn Learning,College Project,26,30
U01393,34,UK,Graduate,Cybersecurity,Beginner,Khan Academy,Career Switch,9,2
U01394,26,Australia,Postgraduate,AI,Advanced,Udemy,Certification,15,21
U01395,19,Germany,Graduate,Programming,Advanced,DataCamp,College Project,11,48
U01396,45,India,Graduate,Design,Beginner,DataCamp,Promotion,3,25
U01397,40,USA,Graduate,Business,Advanced,LinkedIn Learning,College Project,21,39
U01398,30,USA,Student,Programming,Intermediate,Udemy,College Project,14,27
U01399,47,UK,Student,Design,Advanced,edX,Career Switch,2,0
U01400,21,USA,Graduate,Cybersecurity,Advanced,edX,Interview Prep,16,38
U01401,52,Australia,Student,Cloud,Beginner,Skillshare,Promotion,5,27
U01402,55,UK,Graduate,Business,Beginner,Khan Academy,Certification,6,41
U01403,23,India,Graduate,Web,Intermediate,edX,Promotion,26,27
U01404,47,Australia,Postgraduate,Business,Advanced,edX,Upskilling,9,5
U01405,25,India,Student,Data Science,Beginner,DataCamp,Certification,9,35
U01406,31,Germany,Graduate,Cloud,Intermediate,Khan Academy,Upskilling,29,25
U01407,45,UK,Student,Cloud,Beginner,Udemy,Upskilling,12,5
U01408,48,India,Postgraduate,AI,Advanced,LinkedIn Learning,College Project,5,5
U01409,26,Canada,Postgraduate,Soft Skills,Intermediate,Skillshare,College Project,17,26
U01410,38,Australia,Student,Cloud,Advanced,edX,Promotion,26,6
U01411,23,USA,Postgraduate,Web,Advanced,Khan Academy,Certification,27,45
U01412,47,Canada,Student,Design,Beginner,LinkedIn Learning,College Project,18,1
U01413,50,USA,Student,AI,Advanced,edX,Career Switch,25,45
U01414,20,USA,Postgraduate,Soft Skills,Intermediate,Skillshare,Promotion,3,30
U01415,49,USA,Graduate,Soft Skills,Beginner,Udemy,Certification,24,43
U01416,46,Germany,Postgraduate,Soft Skills,Intermediate,Khan Academy,Upskilling,4,44
U01417,48,India,Student,Cybersecurity,Intermediate,Udemy,Upskilling,3,3
U01418,32,Australia,Student,Soft Skills,Intermediate,FutureLearn,Career Switch,4,22
U01419,48,India,Graduate,Mobile,Intermediate,edX,Certification,8,38
U01420,52,USA,Graduate,Mobile,Intermediate,Udemy,Certification,22,33
U01421,19,India,Graduate,Cybersecurity,Beginner,edX,Certification,15,10
U01422,44,UK,Postgraduate,Programming,Advanced,Coursera,Certification,24,2
U01423,18,UK,Postgraduate,Mobile,Intermediate,DataCamp,Interview Prep,30,47
U01424,34,USA,Graduate,Business,Intermediate,FutureLearn,Career Switch,13,27
U01425,55,India,Graduate,Programming,Advanced,Coursera,College Project,2,10
U01426,18,USA,Student,Web,Beginner,Coursera,Certification,6,11
U01427,44,USA,Graduate,Soft Skills,Advanced,edX,Promotion,25,26
U01428,30,USA,Graduate,Soft Skills,Beginner,Coursera,Promotion,14,48
U01429,18,Canada,Postgraduate,Programming,Intermediate,FutureLearn,Interview Prep,25,11
U01430,30,Canada,Graduate,Programming,Advanced,Coursera,College Project,11,16
U01431,19,India,Postgraduate,Cloud,Intermediate,Skillshare,Career Switch,21,28
U01432,32,Australia,Postgraduate,Web,Advanced,FutureLearn,Upskilling,27,22
U01433,45,USA,Student,Business,Intermediate,Khan Academy,Upskilling,18,13
U01434,28,Canada,Graduate,Programming,Intermediate,Udemy,Promotion,11,21
U01435,28,Canada,Student,AI,Advanced,Skillshare,Upskilling,27,39
U01436,36,Canada,Student,Business,Intermediate,DataCamp,Interview Prep,20,45
U01437,23,Germany,Postgraduate,Data Science,Beginner,LinkedIn Learning,Interview Prep,22,37
U01438,25,Canada,Graduate,Mobile,Advanced,edX,Career Switch,16,32
U01439,36,Germany,Postgraduate,Cloud,Intermediate,LinkedIn Learning,Promotion,18,20
U01440,47,Australia,Graduate,Design,Intermediate,FutureLearn,Interview Prep,13,48
U01441,36,Germany,Graduate,Cybersecurity,Beginner,DataCamp,Promotion,6,38
U01442,44,UK,Student,Soft Skills,Intermediate,FutureLearn,Upskilling,10,41
U01443,32,USA,Postgraduate,Design,Intermediate,Udemy,Career Switch,16,37
U01444,48,USA,Graduate,Data Science,Intermediate,Khan Academy,College Project,13,40
U01445,26,UK,Graduate,Design,Advanced,Khan Academy,Upskilling,14,35
U01446,32,Australia,Graduate,Design,Beginner,LinkedIn Learning,Career Switch,23,4
U01447,26,India,Graduate,Design,Beginner,DataCamp,College Project,29,11
U01448,18,USA,Student,Design,Beginner,Udemy,Interview Prep,8,46
U01449,19,India,Student,Web,Intermediate,Khan Academy,Promotion,6,22
U01450,41,USA,Graduate,Business,Advanced,Coursera,Career Switch,3,17
U01451,51,Canada,Graduate,Cybersecurity,Beginner,edX,Interview Prep,23,47
U01452,51,Canada,Student,Design,Beginner,FutureLearn,College Project,25,28
U01453,51,India,Graduate,Programming,Advanced,Udemy,Certification,5,33
U01454,52,Canada,Student,Cloud,Advanced,Udemy,Certification,24,20
U01455,41,Germany,Postgraduate,AI,Beginner,edX,Certification,2,34
U01456,21,UK,Postgraduate,Cloud,Advanced,Skillshare,Career Switch,8,18
U01457,25,USA,Graduate,Design,Beginner,FutureLearn,Career Switch,23,5
U01458,46,Australia,Student,Cybersecurity,Intermediate,Khan Academy,College Project,15,38
U01459,28,Australia,Student,Design,Beginner,DataCamp,Certification,15,36
U01460,18,Canada,Graduate,Design,Beginner,DataCamp,Promotion,30,35
U01461,22,India,Postgraduate,AI,Advanced,Coursera,Interview Prep,22,6
U01462,42,India,Student,Design,Intermediate,LinkedIn Learning,Certification,15,21
U01463,43,Canada,Student,Cybersecurity,Intermediate,edX,Upskilling,8,22
U01464,37,USA,Postgraduate,Web,Intermediate,FutureLearn,Certification,2,29
U01465,55,UK,Student,Business,Intermediate,Khan Academy,Promotion,27,50
U01466,37,Germany,Student,AI,Beginner,FutureLearn,Promotion,19,9
U01467,37,India,Student,Programming,Advanced,Skillshare,College Project,17,9
U01468,42,India,Graduate,Web,Intermediate,LinkedIn Learning,College Project,24,44
U01469,20,UK,Student,Cloud,Beginner,FutureLearn,Interview Prep,6,12
U01470,42,UK,Postgraduate,Data Science,Intermediate,LinkedIn Learning,Certification,15,40
U01471,28,India,Postgraduate,Cybersecurity,Beginner,edX,Career Switch,12,31
U01472,50,UK,Postgraduate,Soft Skills,Intermediate,Coursera,Upskilling,16,45
U01473,35,Canada,Postgraduate,Soft Skills,Advanced,Udemy,Upskilling,26,33
U01474,22,USA,Student,Data Science,Advanced,Khan Academy,Certification,13,44
U01475,34,Canada,Postgraduate,Cloud,Intermediate,LinkedIn Learning,Promotion,23,38
U01476,21,USA,Graduate,Data Science,Intermediate,DataCamp,Promotion,14,7
U01477,35,Australia,Graduate,Web,Intermediate,DataCamp,Career Switch,18,0
U01478,35,Australia,Student,Cloud,Advanced,Coursera,Upskilling,29,31
U01479,51,Australia,Postgraduate,Programming,Intermediate,edX,Upskilling,2,44
U01480,40,India,Graduate,Soft Skills,Beginner,DataCamp,Promotion,20,35
U01481,43,Germany,Postgraduate,Mobile,Beginner,Udemy,Interview Prep,12,33
U01482,55,UK,Graduate,Cybersecurity,Beginner,DataCamp,College Project,30,30
U01483,23,USA,Student,Mobile,Advanced,DataCamp,Interview Prep,19,14
U01484,19,USA,Graduate,AI,Advanced,Udemy,Promotion,29,17
U01485,24,India,Graduate,Programming,Advanced,Udemy,Interview Prep,28,36
U01486,55,UK,Postgraduate,Data Science,Beginner,Coursera,College Project,14,25
U01487,28,Canada,Graduate,Cybersecurity,Advanced,FutureLearn,Upskilling,30,22
U01488,50,Germany,Graduate,Mobile,Beginner,edX,Upskilling,12,33
U01489,36,UK,Student,Cybersecurity,Intermediate,Udemy,Promotion,12,39
U01490,54,Canada,Graduate,Soft Skills,Advanced,Skillshare,Career Switch,25,10
U01491,54,USA,Graduate,Design,Beginner,Coursera,Promotion,7,0
U01492,24,UK,Student,Programming,Advanced,Coursera,Promotion,8,7
U01493,20,Canada,Postgraduate,Cloud,Advanced,Skillshare,Promotion,9,41
U01494,44,Canada,Postgraduate,Cloud,Beginner,edX,Upskilling,30,39
U01495,21,Canada,Postgraduate,Mobile,Advanced,Khan Academy,Career Switch,24,11
U01496,21,Canada,Student,AI,Advanced,edX,Interview Prep,27,28
U01497,41,USA,Graduate,Business,Intermediate,Khan Academy,Certification,23,3
U01498,50,India,Student,Design,Intermediate,LinkedIn Learning,College Project,13,43
U01499,55,Australia,Student,Cloud,Beginner,DataCamp,Certification,7,13
U01500,40,UK,Graduate,Cybersecurity,Advanced,Skillshare,Career Switch,10,8
U01501,36,Germany,Postgraduate,Business,Advanced,edX,Interview Prep,12,40
U01502,53,India,Postgraduate,Cybersecurity,Intermediate,DataCamp,College Project,29,19
U01503,40,Canada,Postgraduate,Mobile,Intermediate,edX,Career Switch,19,13
U01504,20,Germany,Graduate,Data Science,Beginner,LinkedIn Learning,College Project,24,32
U01505,21,UK,Graduate,Data Science,Intermediate,Udemy,Promotion,6,32
U01506,46,Germany,Student,Programming,Intermediate,Udemy,Interview Prep,13,13
U01507,19,Germany,Student,Web,Advanced,Khan Academy,Interview Prep,21,7
U01508,40,USA,Student,Data Science,Beginner,DataCamp,College Project,28,36
U01509,32,India,Postgraduate,Web,Advanced,Khan Academy,Certification,5,49
U01510,30,India,Student,Programming,Beginner,DataCamp,College Project,21,5
U01511,20,Australia,Postgraduate,Web,Intermediate,Udemy,Upskilling,28,23
U01512,22,Germany,Student,Soft Skills,Advanced,Skillshare,Upskilling,2,19
U01513,51,Australia,Postgraduate,Cybersecurity,Beginner,DataCamp,Interview Prep,6,11
U01514,30,Canada,Student,Cloud,Beginner,Udemy,Career Switch,10,31
U01515,41,Australia,Student,Design,Intermediate,LinkedIn Learning,Career Switch,27,24
U01516,19,UK,Postgraduate,Design,Advanced,edX,Career Switch,10,11
U01517,25,Australia,Student,Cybersecurity,Beginner,Skillshare,Interview Prep,2,26
U01518,32,USA,Postgraduate,Data Science,Advanced,LinkedIn Learning,Upskilling,14,0
U01519,55,India,Postgraduate,Data Science,Intermediate,DataCamp,Promotion,19,5
U01520,25,Canada,Graduate,Web,Beginner,Coursera,College Project,2,4
U01521,22,Canada,Postgraduate,Soft Skills,Intermediate,Khan Academy,Promotion,17,3
U01522,18,India,Postgraduate,Data Science,Beginner,DataCamp,Career Switch,19,24
U01523,37,Canada,Postgraduate,Mobile,Beginner,LinkedIn Learning,Interview Prep,4,10
U01524,20,Australia,Graduate,Mobile,Beginner,edX,Career Switch,5,49
U01525,54,USA,Postgraduate,Data Science,Advanced,FutureLearn,College Project,18,5
U01526,30,UK,Postgraduate,Mobile,Advanced,FutureLearn,Career Switch,16,4
U01527,46,Germany,Postgraduate,Data Science,Intermediate,Khan Academy,College Project,11,8
U01528,51,India,Student,AI,Intermediate,Skillshare,Career Switch,30,23
U01529,35,UK,Graduate,Data Science,Beginner,DataCamp,College Project,14,19
U01530,43,USA,Postgraduate,Business,Beginner,Khan Academy,Certification,10,23
U01531,31,India,Postgraduate,Cybersecurity,Beginner,Coursera,Interview Prep,27,11
U01532,32,Canada,Student,Cybersecurity,Advanced,DataCamp,Career Switch,12,15
U01533,54,Germany,Student,Programming,Intermediate,Skillshare,Certification,28,7
U01534,54,Canada,Postgraduate,Cybersecurity,Beginner,Khan Academy,Career Switch,2,45
U01535,47,USA,Postgraduate,Cloud,Beginner,Skillshare,Certification,24,44
U01536,38,Germany,Graduate,Data Science,Advanced,edX,Upskilling,23,14
U01537,28,USA,Student,Cybersecurity,Beginner,LinkedIn Learning,Certification,20,50
U01538,48,USA,Graduate,Business,Intermediate,Udemy,Career Switch,19,27
U01539,39,Canada,Postgraduate,Mobile,Advanced,edX,Certification,30,31
U01540,39,UK,Graduate,Data Science,Intermediate,Skillshare,Certification,17,16
U01541,52,Australia,Postgraduate,AI,Beginner,Skillshare,Career Switch,19,44
U01542,35,Germany,Postgraduate,AI,Advanced,DataCamp,Certification,3,3
U01543,21,USA,Postgraduate,Mobile,Intermediate,DataCamp,Upskilling,13,17
U01544,41,Canada,Student,Design,Intermediate,edX,Certification,9,50
U01545,34,UK,Graduate,Web,Intermediate,FutureLearn,Interview Prep,24,24
U01546,50,USA,Student,Programming,Intermediate,Udemy,College Project,3,13
U01547,54,Canada,Graduate,Design,Beginner,DataCamp,Career Switch,24,42
U01548,39,Australia,Postgraduate,Cloud,Beginner,DataCamp,Promotion,23,0
U01549,40,Germany,Graduate,Programming,Intermediate,Skillshare,Promotion,15,29
U01550,25,UK,Postgraduate,Mobile,Beginner,DataCamp,Promotion,29,30
U01551,55,Canada,Student,Cybersecurity,Intermediate,edX,College Project,11,18
U01552,23,USA,Postgraduate,Cloud,Intermediate,Khan Academy,Upskilling,2,35
U01553,35,USA,Student,Data Science,Advanced,edX,College Project,12,9
U01554,44,Germany,Student,Design,Intermediate,edX,Interview Prep,15,48
U01555,29,USA,Student,Cloud,Intermediate,edX,Upskilling,15,23
U01556,21,UK,Postgraduate,Soft Skills,Advanced,Udemy,Upskilling,19,36
U01557,24,UK,Graduate,Mobile,Intermediate,LinkedIn Learning,Upskilling,7,39
U01558,45,Australia,Graduate,Cybersecurity,Beginner,LinkedIn Learning,Interview Prep,23,27
U01559,42,Canada,Graduate,Business,Intermediate,Coursera,Interview Prep,23,28
U01560,43,Germany,Graduate,Cybersecurity,Intermediate,Skillshare,Upskilling,21,30
U01561,24,Australia,Postgraduate,Web,Beginner,Skillshare,Career Switch,28,40
U01562,50,India,Graduate,Soft Skills,Beginner,edX,Promotion,16,11
U01563,53,UK,Student,Cybersecurity,Beginner,Skillshare,Certification,13,31
U01564,48,Australia,Graduate,AI,Intermediate,FutureLearn,Promotion,28,23
U01565,55,India,Postgraduate,Data Science,Advanced,edX,Interview Prep,5,17
U01566,48,Australia,Student,Cloud,Intermediate,Coursera,Promotion,9,5
U01567,18,USA,Student,AI,Beginner,Skillshare,Career Switch,27,22
U01568,37,UK,Postgraduate,Cloud,Beginner,Khan Academy,College Project,13,33
U01569,53,Germany,Postgraduate,Mobile,Beginner,edX,Certification,29,9
U01570,46,USA,Student,Soft Skills,Intermediate,LinkedIn Learning,Promotion,23,50
U01571,55,Canada,Postgraduate,Cloud,Advanced,FutureLearn,Interview Prep,9,6
U01572,23,Germany,Graduate,Soft Skills,Intermediate,edX,Promotion,15,38
U01573,38,USA,Postgraduate,Cybersecurity,Advanced,Udemy,Certification,8,8
U01574,40,India,Graduate,Business,Advanced,LinkedIn Learning,Promotion,21,4
U01575,55,Germany,Graduate,Web,Intermediate,Khan Academy,Promotion,2,39
U01576,24,USA,Postgraduate,Programming,Intermediate,edX,Upskilling,23,31
U01577,40,India,Postgraduate,Mobile,Beginner,Coursera,Interview Prep,15,8
U01578,36,USA,Postgraduate,Programming,Beginner,Udemy,Promotion,10,45
U01579,21,Germany,Graduate,Mobile,Advanced,edX,College Project,9,15
U01580,35,USA,Postgraduate,Web,Beginner,Skillshare,College Project,23,1
U01581,35,India,Student,Soft Skills,Beginner,Skillshare,College Project,12,42
U01582,21,Germany,Postgraduate,AI,Beginner,edX,Upskilling,23,1
U01583,48,India,Graduate,Web,Intermediate,LinkedIn Learning,Interview Prep,12,11
U01584,50,USA,Graduate,Programming,Advanced,edX,Career Switch,7,26
U01585,21,India,Student,Cybersecurity,Beginner,DataCamp,Promotion,5,31
U01586,53,USA,Student,Design,Beginner,Udemy,Interview Prep,9,34
U01587,54,Australia,Postgraduate,Cybersecurity,Intermediate,Coursera,College Project,8,24
U01588,19,Germany,Postgraduate,Cloud,Advanced,Udemy,Promotion,25,28
U01589,33,UK,Postgraduate,Data Science,Intermediate,Khan Academy,Interview Prep,26,43
U01590,34,Germany,Graduate,Business,Intermediate,Coursera,Certification,14,28
U01591,27,India,Student,Cloud,Advanced,Coursera,Promotion,24,5
U01592,20,USA,Student,Cybersecurity,Advanced,DataCamp,Promotion,8,34
U01593,33,Australia,Student,Soft Skills,Intermediate,FutureLearn,Promotion,12,33
U01594,18,USA,Postgraduate,AI,Intermediate,edX,Upskilling,2,10
U01595,32,Germany,Student,Programming,Beginner,Udemy,Career Switch,10,4
U01596,35,UK,Postgraduate,Programming,Intermediate,DataCamp,Interview Prep,25,46
U01597,35,Australia,Postgraduate,Design,Beginner,DataCamp,Promotion,12,28
U01598,23,Canada,Student,Design,Intermediate,Coursera,Career Switch,29,18
U01599,50,Australia,Student,Mobile,Advanced,edX,Interview Prep,30,5
U01600,40,India,Student,Cloud,Intermediate,edX,Interview Prep,6,3
U01601,43,India,Postgraduate,Design,Intermediate,LinkedIn Learning,Interview Prep,17,38
U01602,49,USA,Graduate,Cloud,Beginner,Udemy,Certification,30,27
U01603,54,Germany,Student,Cybersecurity,Intermediate,DataCamp,Promotion,26,29
U01604,25,UK,Postgraduate,Design,Beginner,FutureLearn,Career Switch,19,11
U01605,47,UK,Student,Programming,Intermediate,DataCamp,Interview Prep,25,46
U01606,28,USA,Graduate,Business,Beginner,FutureLearn,Career Switch,5,4
U01607,29,Canada,Student,Soft Skills,Intermediate,FutureLearn,Career Switch,6,19
U01608,25,India,Student,Mobile,Beginner,FutureLearn,Certification,17,22
U01609,51,Australia,Graduate,Cloud,Advanced,DataCamp,Career Switch,27,9
U01610,51,USA,Student,Design,Beginner,DataCamp,Upskilling,7,30
U01611,35,Canada,Postgraduate,Web,Beginner,Khan Academy,Certification,8,9
U01612,42,Australia,Postgraduate,AI,Intermediate,Skillshare,College Project,10,27
U01613,40,USA,Student,Web,Intermediate,Khan Academy,College Project,3,30
U01614,40,USA,Postgraduate,Programming,Intermediate,FutureLearn,Upskilling,24,43
U01615,49,Canada,Student,Mobile,Beginner,edX,Interview Prep,21,21
U01616,25,Canada,Postgraduate,Web,Beginner,Skillshare,Career Switch,14,20
U01617,29,USA,Graduate,Business,Advanced,edX,Career Switch,12,33
U01618,34,Germany,Postgraduate,Programming,Beginner,Skillshare,Interview Prep,18,8
U01619,19,UK,Graduate,AI,Advanced,DataCamp,Career Switch,19,10
U01620,53,USA,Graduate,Design,Advanced,Skillshare,Career Switch,29,4
U01621,34,Australia,Postgraduate,Data Science,Advanced,Skillshare,Certification,10,41
U01622,21,India,Graduate,Cloud,Beginner,Udemy,Upskilling,16,42
U01623,34,Germany,Graduate,Soft Skills,Beginner,Coursera,Certification,8,15
U01624,40,Australia,Graduate,Cybersecurity,Advanced,LinkedIn Learning,Promotion,2,0
U01625,49,Germany,Postgraduate,Design,Advanced,edX,Career Switch,15,14
U01626,35,UK,Student,Cloud,Beginner,DataCamp,Interview Prep,6,26
U01627,44,India,Student,AI,Advanced,LinkedIn Learning,Promotion,17,20
U01628,28,USA,Student,Design,Beginner,Udemy,Interview Prep,3,27
U01629,44,Canada,Student,Soft Skills,Intermediate,Coursera,Interview Prep,6,25
U01630,44,India,Student,Cloud,Beginner,Khan Academy,Career Switch,23,17
U01631,49,Germany,Postgraduate,Mobile,Advanced,Udemy,Certification,5,12
U01632,34,Germany,Postgraduate,Web,Beginner,Khan Academy,Career Switch,22,21
U01633,49,Australia,Postgraduate,AI,Beginner,Khan Academy,Interview Prep,11,2
U01634,52,Germany,Student,Business,Beginner,Udemy,Upskilling,8,36
U01635,24,India,Postgraduate,Programming,Advanced,Coursera,Certification,29,18
U01636,40,Germany,Postgraduate,Cloud,Advanced,Khan Academy,Career Switch,30,27
U01637,50,USA,Student,Data Science,Beginner,FutureLearn,Upskilling,12,37
U01638,23,UK,Postgraduate,Business,Beginner,edX,Promotion,4,19
U01639,24,Canada,Student,Data Science,Beginner,Khan Academy,Career Switch,7,20
U01640,30,Canada,Graduate,Cybersecurity,Intermediate,edX,Certification,19,39
U01641,48,India,Postgraduate,Programming,Beginner,LinkedIn Learning,Career Switch,25,17
U01642,51,Canada,Student,Business,Advanced,edX,Career Switch,13,34
U01643,21,Canada,Postgraduate,AI,Advanced,Khan Academy,Interview Prep,25,12
U01644,42,USA,Graduate,Data Science,Intermediate,edX,Upskilling,28,28
U01645,33,UK,Graduate,Design,Advanced,Skillshare,Certification,10,48
U01646,31,Australia,Student,AI,Advanced,edX,Career Switch,28,23
U01647,35,USA,Postgraduate,Data Science,Intermediate,Coursera,Promotion,9,20
U01648,32,Canada,Student,Soft Skills,Advanced,edX,Interview Prep,4,22
U01649,34,USA,Student,Business,Beginner,Khan Academy,Career Switch,24,28
U01650,37,Australia,Student,Programming,Beginner,LinkedIn Learning,Upskilling,18,30
U01651,35,Germany,Graduate,Design,Advanced,Skillshare,Career Switch,14,42
U01652,50,Canada,Graduate,Business,Advanced,Udemy,Interview Prep,3,13
U01653,33,India,Student,Design,Intermediate,Skillshare,Career Switch,27,17
U01654,28,USA,Student,Cloud,Advanced,Skillshare,Certification,15,11
U01655,47,Australia,Graduate,Design,Intermediate,FutureLearn,Interview Prep,23,37
U01656,18,Canada,Graduate,Mobile,Advanced,Khan Academy,Interview Prep,15,36
U01657,31,Canada,Postgraduate,Cloud,Advanced,Coursera,Interview Prep,8,40
U01658,22,Australia,Student,Web,Intermediate,Skillshare,Career Switch,25,33
U01659,46,UK,Graduate,Design,Beginner,FutureLearn,Interview Prep,18,46
U01660,42,USA,Student,Programming,Advanced,DataCamp,Certification,27,48
U01661,31,USA,Graduate,Programming,Advanced,LinkedIn Learning,Upskilling,3,30
U01662,43,Canada,Graduate,Mobile,Advanced,Khan Academy,Interview Prep,8,17
U01663,38,Canada,Postgraduate,Soft Skills,Advanced,edX,Interview Prep,12,6
U01664,35,USA,Student,Business,Beginner,Coursera,Career Switch,5,34
U01665,32,Australia,Graduate,Mobile,Intermediate,Coursera,College Project,29,12
U01666,42,UK,Student,Cybersecurity,Intermediate,Khan Academy,Upskilling,29,1
U01667,33,Germany,Graduate,Business,Beginner,edX,Interview Prep,14,46
U01668,50,Australia,Student,Data Science,Beginner,Udemy,Upskilling,19,16
U01669,49,India,Student,Web,Advanced,Skillshare,College Project,16,25
U01670,21,Germany,Student,AI,Beginner,DataCamp,Career Switch,11,50
U01671,37,Australia,Graduate,Data Science,Intermediate,Coursera,Upskilling,29,17
U01672,44,Germany,Graduate,Data Science,Advanced,Coursera,Certification,23,25
U01673,43,USA,Graduate,AI,Intermediate,edX,Interview Prep,18,7
U01674,32,Australia,Postgraduate,Cloud,Intermediate,LinkedIn Learning,Certification,30,36
U01675,18,Australia,Student,Soft Skills,Intermediate,Khan Academy,College Project,8,5
U01676,19,Canada,Postgraduate,Web,Intermediate,edX,Upskilling,23,15
U01677,18,India,Postgraduate,AI,Advanced,DataCamp,Promotion,4,25
U01678,36,Germany,Postgraduate,Soft Skills,Advanced,Udemy,Certification,27,47
U01679,34,Australia,Graduate,Mobile,Beginner,DataCamp,Upskilling,3,21
U01680,46,USA,Postgraduate,Data Science,Advanced,LinkedIn Learning,Upskilling,26,48
U01681,45,India,Postgraduate,AI,Advanced,Udemy,Interview Prep,4,3
U01682,37,UK,Student,Business,Beginner,DataCamp,Upskilling,9,50
U01683,23,USA,Student,Mobile,Advanced,edX,Interview Prep,7,12
U01684,29,Canada,Graduate,Design,Advanced,Udemy,Upskilling,22,40
U01685,37,Australia,Student,Soft Skills,Beginner,Skillshare,Upskilling,3,28
U01686,18,UK,Student,Mobile,Intermediate,Skillshare,Promotion,22,37
U01687,19,Australia,Student,Programming,Advanced,Udemy,College Project,25,0
U01688,48,India,Postgraduate,Web,Advanced,Udemy,Certification,24,47
U01689,41,Germany,Student,Data Science,Advanced,edX,Career Switch,3,42
U01690,39,UK,Student,Mobile,Advanced,Skillshare,Promotion,22,9
U01691,34,USA,Postgraduate,Programming,Advanced,FutureLearn,College Project,30,26
U01692,23,Germany,Graduate,Mobile,Advanced,FutureLearn,Promotion,27,42
U01693,32,Australia,Postgraduate,Design,Advanced,Udemy,Certification,23,0
U01694,22,Australia,Graduate,Programming,Intermediate,Skillshare,College Project,28,19
U01695,23,UK,Graduate,Web,Intermediate,Udemy,Certification,20,11
U01696,25,Germany,Postgraduate,Web,Beginner,Udemy,Career Switch,15,3
U01697,24,India,Postgraduate,AI,Intermediate,Khan Academy,Certification,16,30
U01698,42,UK,Graduate,Programming,Beginner,edX,Interview Prep,26,4
U01699,34,India,Graduate,Web,Beginner,Udemy,Interview Prep,15,28
U01700,32,Canada,Student,Design,Intermediate,FutureLearn,Upskilling,14,29
U01701,41,Australia,Graduate,Cloud,Intermediate,FutureLearn,Certification,2,28
U01702,25,Canada,Graduate,Cybersecurity,Beginner,Udemy,Upskilling,10,47
U01703,46,UK,Postgraduate,Programming,Beginner,Coursera,Promotion,19,44
U01704,29,USA,Student,Cloud,Intermediate,Coursera,Interview Prep,21,16
U01705,40,Germany,Graduate,AI,Advanced,DataCamp,Upskilling,6,31
U01706,47,Germany,Student,Soft Skills,Intermediate,DataCamp,Career Switch,26,45
U01707,55,India,Graduate,Data Science,Advanced,DataCamp,Interview Prep,28,30
U01708,53,Germany,Graduate,Mobile,Intermediate,edX,Interview Prep,8,34
U01709,21,India,Postgraduate,Cloud,Advanced,DataCamp,Career Switch,22,49
U01710,37,USA,Graduate,Web,Advanced,edX,Interview Prep,8,38
U01711,37,Australia,Graduate,Soft Skills,Intermediate,LinkedIn Learning,College Project,17,48
U01712,32,Australia,Student,Business,Advanced,DataCamp,Promotion,26,21
U01713,53,USA,Student,AI,Advanced,FutureLearn,Interview Prep,29,14
U01714,49,India,Graduate,Mobile,Intermediate,DataCamp,College Project,10,29
U01715,20,India,Student,Web,Intermediate,Coursera,Certification,7,36
U01716,49,Canada,Graduate,Business,Beginner,edX,Promotion,4,43
U01717,48,USA,Postgraduate,Mobile,Advanced,Khan Academy,Upskilling,12,21
U01718,40,Germany,Student,Programming,Intermediate,Khan Academy,Career Switch,21,36
U01719,30,USA,Student,Cloud,Beginner,DataCamp,College Project,29,13
U01720,21,Germany,Student,Mobile,Beginner,LinkedIn Learning,Career Switch,19,8
U01721,53,UK,Student,Business,Beginner,DataCamp,Interview Prep,25,15
U01722,52,Canada,Postgraduate,Programming,Beginner,LinkedIn Learning,Promotion,28,21
U01723,22,Canada,Graduate,Cloud,Advanced,LinkedIn Learning,Career Switch,30,27
U01724,32,UK,Graduate,Data Science,Advanced,Coursera,Interview Prep,9,3
U01725,28,India,Graduate,Data Science,Beginner,Udemy,Interview Prep,25,36
U01726,19,Australia,Postgraduate,Data Science,Intermediate,edX,Promotion,10,3
U01727,23,USA,Student,Cloud,Intermediate,edX,Interview Prep,16,17
U01728,24,Canada,Student,Business,Intermediate,Udemy,Certification,5,40
U01729,24,Canada,Graduate,Business,Advanced,FutureLearn,Certification,13,18
U01730,46,India,Student,Mobile,Beginner,Coursera,College Project,28,20
U01731,51,India,Postgraduate,Programming,Beginner,LinkedIn Learning,Interview Prep,9,49
U01732,54,Australia,Graduate,Soft Skills,Intermediate,Udemy,Promotion,6,12
U01733,54,India,Postgraduate,Mobile,Intermediate,edX,Certification,29,10
U01734,35,Canada,Student,AI,Beginner,DataCamp,Career Switch,6,10
U01735,42,Australia,Student,Data Science,Advanced,LinkedIn Learning,Interview Prep,14,38
U01736,44,Germany,Postgraduate,Cloud,Intermediate,Skillshare,Interview Prep,23,24
U01737,21,Australia,Postgraduate,Cloud,Beginner,DataCamp,College Project,18,27
U01738,49,USA,Postgraduate,AI,Beginner,Skillshare,Certification,22,6
U01739,46,Germany,Student,Cybersecurity,Intermediate,Skillshare,Interview Prep,8,47
U01740,40,Canada,Student,Programming,Advanced,Udemy,Certification,18,37
U01741,51,Canada,Postgraduate,Data Science,Intermediate,LinkedIn Learning,Career Switch,15,5
U01742,18,Germany,Student,Data Science,Intermediate,Udemy,Certification,25,46
U01743,36,UK,Student,Business,Advanced,DataCamp,Career Switch,21,7
U01744,22,UK,Postgraduate,Business,Advanced,FutureLearn,College Project,20,50
U01745,23,India,Graduate,Data Science,Beginner,LinkedIn Learning,Upskilling,19,26
U01746,28,Australia,Postgraduate,Cloud,Intermediate,LinkedIn Learning,Certification,28,19
U01747,52,UK,Graduate,Soft Skills,Advanced,DataCamp,Certification,27,4
U01748,20,Australia,Graduate,Mobile,Intermediate,edX,Interview Prep,6,50
U01749,25,Australia,Student,AI,Beginner,Coursera,College Project,26,32
U01750,38,Australia,Postgraduate,Cybersecurity,Advanced,Khan Academy,Career Switch,3,28
U01751,43,Germany,Graduate,Cybersecurity,Advanced,Coursera,Promotion,4,13
U01752,21,India,Postgraduate,Web,Advanced,DataCamp,Interview Prep,15,30
U01753,25,USA,Postgraduate,Data Science,Beginner,LinkedIn Learning,College Project,15,16
U01754,55,Canada,Student,Data Science,Intermediate,DataCamp,Certification,27,9
U01755,28,India,Graduate,Data Science,Advanced,edX,Interview Prep,2,1
U01756,18,UK,Graduate,Design,Intermediate,Coursera,Career Switch,8,20
U01757,34,Germany,Graduate,Programming,Intermediate,Coursera,Interview Prep,3,18
U01758,28,Australia,Postgraduate,Data Science,Beginner,Coursera,Promotion,29,41
U01759,20,UK,Graduate,Design,Beginner,Skillshare,Interview Prep,30,39
U01760,34,Canada,Postgraduate,AI,Beginner,LinkedIn Learning,College Project,7,2
U01761,30,Germany,Postgraduate,Soft Skills,Beginner,DataCamp,Promotion,20,28
U01762,38,India,Student,Cybersecurity,Beginner,Khan Academy,Certification,17,26
U01763,23,UK,Graduate,Cybersecurity,Beginner,DataCamp,Upskilling,12,46
U01764,30,Australia,Postgraduate,Web,Beginner,Coursera,Promotion,25,49
U01765,31,Germany,Graduate,Business,Intermediate,LinkedIn Learning,Certification,10,21
U01766,54,Australia,Postgraduate,Design,Advanced,Khan Academy,Promotion,22,9
U01767,54,India,Postgraduate,Cybersecurity,Advanced,Khan Academy,Interview Prep,25,21
U01768,52,USA,Graduate,Data Science,Intermediate,edX,Upskilling,2,14
U01769,30,Australia,Graduate,Cloud,Beginner,Udemy,Certification,17,8
U01770,47,Australia,Postgraduate,Design,Advanced,Khan Academy,Interview Prep,22,32
U01771,44,Australia,Postgraduate,Mobile,Beginner,Udemy,Promotion,23,27
U01772,20,USA,Student,Cybersecurity,Advanced,Skillshare,Certification,12,17
U01773,51,India,Student,Business,Advanced,edX,Career Switch,17,10
U01774,52,Germany,Postgraduate,Programming,Advanced,DataCamp,Career Switch,30,49
U01775,26,Australia,Postgraduate,Design,Advanced,edX,Upskilling,13,50
U01776,38,USA,Graduate,Cybersecurity,Intermediate,edX,Promotion,17,34
U01777,22,USA,Postgraduate,Design,Advanced,DataCamp,Certification,5,13
U01778,49,Canada,Graduate,Business,Advanced,Udemy,Upskilling,22,11
U01779,23,UK,Postgraduate,Soft Skills,Intermediate,Khan Academy,College Project,7,15
U01780,47,Australia,Postgraduate,Soft Skills,Intermediate,Udemy,College Project,30,34
U01781,24,UK,Graduate,Cloud,Advanced,DataCamp,Interview Prep,2,33
U01782,54,Canada,Graduate,Cloud,Beginner,LinkedIn Learning,Upskilling,11,21
U01783,22,UK,Graduate,Programming,Beginner,FutureLearn,Promotion,3,37
U01784,49,Australia,Postgraduate,Cybersecurity,Beginner,FutureLearn,Upskilling,15,46
U01785,42,Australia,Postgraduate,Programming,Intermediate,DataCamp,Interview Prep,8,9
U01786,38,Germany,Graduate,Data Science,Advanced,Udemy,Interview Prep,17,8
U01787,54,Germany,Postgraduate,Programming,Advanced,Udemy,Upskilling,17,44
U01788,19,Germany,Graduate,Mobile,Beginner,FutureLearn,Career Switch,17,34
U01789,48,UK,Student,Cybersecurity,Advanced,Khan Academy,Promotion,21,33
U01790,24,India,Postgraduate,Mobile,Beginner,Skillshare,Certification,22,13
U01791,52,UK,Postgraduate,AI,Advanced,DataCamp,Upskilling,6,39
U01792,27,UK,Postgraduate,AI,Intermediate,FutureLearn,Upskilling,2,36
U01793,32,India,Graduate,Programming,Intermediate,Skillshare,Promotion,4,42
U01794,55,India,Graduate,Data Science,Intermediate,Skillshare,Certification,25,40
U01795,35,Germany,Graduate,Business,Intermediate,Skillshare,Certification,19,2
U01796,25,USA,Postgraduate,Cloud,Advanced,FutureLearn,Interview Prep,3,36
U01797,28,India,Student,Mobile,Beginner,Skillshare,Promotion,26,30
U01798,19,Germany,Graduate,Cybersecurity,Advanced,Skillshare,College Project,22,37
U01799,49,USA,Student,Design,Advanced,LinkedIn Learning,Career Switch,28,20
U01800,32,Germany,Postgraduate,Cybersecurity,Intermediate,edX,Upskilling,30,48
U01801,43,Australia,Postgraduate,Design,Intermediate,Coursera,Upskilling,8,40
U01802,34,Germany,Graduate,Cloud,Advanced,Skillshare,Interview Prep,20,49
U01803,23,Germany,Student,Programming,Intermediate,edX,Interview Prep,4,16
U01804,43,USA,Postgraduate,Programming,Beginner,FutureLearn,Promotion,3,35
U01805,33,India,Student,Web,Advanced,DataCamp,Certification,16,10
U01806,39,Germany,Graduate,Cybersecurity,Beginner,edX,College Project,19,8
U01807,37,Australia,Graduate,Soft Skills,Advanced,DataCamp,Upskilling,30,19
U01808,35,Australia,Postgraduate,AI,Intermediate,LinkedIn Learning,Promotion,15,26
U01809,42,India,Student,Programming,Intermediate,DataCamp,Promotion,11,22
U01810,34,India,Postgraduate,Cloud,Intermediate,FutureLearn,College Project,28,10
U01811,40,Canada,Postgraduate,Business,Beginner,LinkedIn Learning,Career Switch,10,24
U01812,29,Australia,Graduate,Data Science,Advanced,DataCamp,College Project,8,35
U01813,27,USA,Graduate,Data Science,Intermediate,DataCamp,Upskilling,20,10
U01814,30,India,Postgraduate,Cloud,Beginner,FutureLearn,Career Switch,4,38
U01815,35,USA,Student,Cloud,Intermediate,Khan Academy,Career Switch,28,31
U01816,41,USA,Graduate,Data Science,Intermediate,Udemy,Interview Prep,5,36
U01817,29,India,Graduate,Data Science,Intermediate,Khan Academy,Career Switch,9,15
U01818,50,UK,Student,Soft Skills,Beginner,FutureLearn,Upskilling,11,40
U01819,34,Canada,Graduate,Web,Beginner,DataCamp,Upskilling,27,29
U01820,36,Australia,Graduate,Mobile,Advanced,Skillshare,Certification,7,25
U01821,40,Australia,Graduate,Programming,Intermediate,Coursera,College Project,13,28
U01822,31,USA,Postgraduate,Programming,Beginner,Udemy,Career Switch,2,8
U01823,32,India,Postgraduate,Programming,Advanced,edX,College Project,27,32
U01824,42,Germany,Student,Cloud,Beginner,Udemy,Promotion,23,4
U01825,34,UK,Graduate,Data Science,Intermediate,DataCamp,Career Switch,28,44
U01826,52,Canada,Student,AI,Intermediate,edX,College Project,2,49
U01827,42,India,Student,Mobile,Intermediate,Udemy,Certification,4,40
U01828,23,UK,Student,Cloud,Intermediate,Skillshare,College Project,14,43
U01829,29,UK,Graduate,AI,Beginner,Udemy,Career Switch,18,26
U01830,47,Germany,Student,Design,Intermediate,Khan Academy,Certification,21,34
U01831,21,USA,Student,Programming,Intermediate,Skillshare,Upskilling,19,26
U01832,27,USA,Student,Design,Beginner,DataCamp,Certification,4,42
U01833,24,Germany,Student,Data Science,Beginner,LinkedIn Learning,Promotion,13,3
U01834,33,USA,Postgraduate,Data Science,Intermediate,Udemy,Upskilling,21,22
U01835,19,UK,Postgraduate,Data Science,Advanced,LinkedIn Learning,Certification,8,34
U01836,34,India,Student,Web,Intermediate,DataCamp,College Project,7,11
U01837,26,UK,Graduate,Cloud,Intermediate,edX,Career Switch,9,18
U01838,29,Germany,Student,Mobile,Intermediate,Coursera,Certification,25,45
U01839,26,India,Student,AI,Intermediate,DataCamp,College Project,9,2
U01840,53,Australia,Graduate,Cloud,Intermediate,LinkedIn Learning,Upskilling,6,3
U01841,31,Germany,Student,Design,Advanced,Khan Academy,Promotion,29,40
U01842,35,India,Postgraduate,Business,Intermediate,Coursera,Interview Prep,18,29
U01843,41,Australia,Postgraduate,Data Science,Intermediate,LinkedIn Learning,College Project,29,49
U01844,39,Canada,Student,Business,Advanced,FutureLearn,Interview Prep,22,24
U01845,32,Germany,Student,Business,Beginner,Khan Academy,Upskilling,7,31
U01846,36,Germany,Graduate,Business,Beginner,LinkedIn Learning,Certification,13,37
U01847,55,Canada,Student,Design,Advanced,FutureLearn,College Project,2,8
U01848,51,Australia,Student,Soft Skills,Intermediate,LinkedIn Learning,Career Switch,25,37
U01849,55,USA,Student,AI,Advanced,LinkedIn Learning,Upskilling,10,31
U01850,47,India,Student,Mobile,Beginner,Skillshare,College Project,3,47
U01851,27,Australia,Graduate,Programming,Beginner,FutureLearn,College Project,22,15
U01852,40,USA,Postgraduate,Soft Skills,Beginner,LinkedIn Learning,College Project,7,6
U01853,38,Australia,Student,Design,Advanced,Khan Academy,Certification,12,21
U01854,44,India,Student,Cloud,Advanced,Coursera,Career Switch,3,28
U01855,28,Australia,Postgraduate,Data Science,Beginner,FutureLearn,Career Switch,26,26
U01856,28,Australia,Student,Design,Beginner,Khan Academy,Interview Prep,9,31
U01857,45,UK,Student,Data Science,Intermediate,FutureLearn,Promotion,22,33
U01858,41,UK,Student,Soft Skills,Beginner,Coursera,Certification,5,39
U01859,25,UK,Graduate,Web,Intermediate,Khan Academy,Career Switch,15,28
U01860,55,Australia,Postgraduate,AI,Beginner,Coursera,Promotion,14,15
U01861,37,Germany,Student,Business,Intermediate,Khan Academy,Interview Prep,10,37
U01862,19,Canada,Graduate,Programming,Beginner,Udemy,College Project,27,37
U01863,33,UK,Postgraduate,Design,Beginner,Udemy,Interview Prep,21,22
U01864,29,UK,Student,Web,Beginner,Coursera,Interview Prep,16,16
U01865,48,Canada,Student,AI,Intermediate,FutureLearn,Interview Prep,15,8
U01866,20,Australia,Student,Cybersecurity,Intermediate,FutureLearn,Upskilling,4,30
U01867,18,India,Student,Cloud,Advanced,Coursera,Career Switch,30,46
U01868,45,Australia,Student,Programming,Intermediate,Skillshare,Interview Prep,27,13
U01869,51,UK,Graduate,Soft Skills,Advanced,Khan Academy,Interview Prep,7,25
U01870,23,USA,Student,Design,Advanced,edX,College Project,2,21
U01871,51,India,Student,Web,Advanced,Khan Academy,Interview Prep,26,0
U01872,39,Canada,Graduate,Design,Advanced,Khan Academy,Upskilling,13,24
U01873,46,India,Graduate,Mobile,Intermediate,Skillshare,Interview Prep,17,18
U01874,47,India,Student,Web,Intermediate,FutureLearn,Promotion,14,36
U01875,42,Canada,Student,Soft Skills,Advanced,Udemy,Career Switch,20,31
U01876,37,USA,Postgraduate,Design,Beginner,Khan Academy,Interview Prep,14,17
U01877,34,UK,Postgraduate,Web,Intermediate,Udemy,Interview Prep,17,17
U01878,54,Canada,Postgraduate,Design,Intermediate,edX,Certification,6,17
U01879,55,Germany,Postgraduate,Data Science,Advanced,edX,Career Switch,28,5
U01880,29,India,Postgraduate,AI,Beginner,Skillshare,Career Switch,7,47
U01881,35,USA,Student,Cybersecurity,Beginner,Coursera,Interview Prep,4,48
U01882,29,Australia,Postgraduate,Soft Skills,Beginner,LinkedIn Learning,College Project,22,39
U01883,35,UK,Student,Business,Beginner,Coursera,Upskilling,10,6
U01884,32,Canada,Postgraduate,AI,Beginner,Skillshare,Promotion,16,8
U01885,29,Australia,Graduate,Design,Intermediate,Coursera,Promotion,15,36
U01886,25,UK,Postgraduate,Cybersecurity,Intermediate,LinkedIn Learning,Certification,26,25
U01887,32,UK,Postgraduate,Soft Skills,Advanced,FutureLearn,Certification,13,25
U01888,48,Germany,Graduate,Business,Advanced,DataCamp,Certification,5,16
U01889,27,Germany,Student,Cybersecurity,Advanced,DataCamp,Upskilling,30,43
U01890,44,Canada,Student,Design,Beginner,Udemy,Promotion,20,32
U01891,50,Germany,Student,Mobile,Intermediate,Khan Academy,Certification,2,47
U01892,38,Australia,Postgraduate,Programming,Intermediate,Udemy,Interview Prep,19,32
U01893,35,Germany,Student,Cybersecurity,Intermediate,Khan Academy,Upskilling,11,34
U01894,21,Australia,Graduate,Mobile,Beginner,FutureLearn,Interview Prep,25,27
U01895,39,India,Student,Mobile,Beginner,edX,Career Switch,18,50
U01896,41,India,Graduate,Data Science,Beginner,Skillshare,Interview Prep,22,44
U01897,22,USA,Postgraduate,AI,Advanced,DataCamp,Interview Prep,6,48
U01898,42,UK,Postgraduate,Soft Skills,Beginner,Coursera,Certification,10,24
U01899,26,Germany,Postgraduate,AI,Intermediate,Coursera,College Project,8,21
U01900,19,Canada,Graduate,Cloud,Intermediate,DataCamp,Promotion,14,27
U01901,24,Germany,Student,Mobile,Beginner,Coursera,Interview Prep,3,9
U01902,28,UK,Graduate,Mobile,Advanced,Coursera,Certification,23,0
U01903,25,UK,Graduate,Programming,Advanced,Skillshare,Career Switch,20,0
U01904,47,USA,Graduate,Data Science,Advanced,FutureLearn,Upskilling,14,33
U01905,31,Australia,Graduate,Programming,Beginner,Udemy,Interview Prep,4,39
U01906,21,USA,Graduate,Programming,Advanced,Udemy,Career Switch,2,30
U01907,35,USA,Postgraduate,Data Science,Intermediate,DataCamp,College Project,19,25
U01908,39,Germany,Student,Business,Beginner,Coursera,Certification,2,44
U01909,42,Australia,Student,Cybersecurity,Beginner,edX,Certification,4,0
U01910,43,USA,Graduate,AI,Intermediate,edX,Upskilling,20,32
U01911,39,USA,Graduate,Business,Intermediate,LinkedIn Learning,Interview Prep,24,35
U01912,19,Canada,Graduate,Soft Skills,Intermediate,Coursera,Promotion,24,30
U01913,50,India,Postgraduate,Cloud,Advanced,Udemy,Career Switch,29,3
U01914,45,Australia,Graduate,Data Science,Advanced,Khan Academy,Interview Prep,28,35
U01915,31,Australia,Postgraduate,Business,Advanced,Coursera,Career Switch,14,28
U01916,38,USA,Student,Data Science,Intermediate,FutureLearn,Certification,30,41
U01917,38,USA,Student,Business,Beginner,Udemy,Upskilling,5,32
U01918,26,USA,Student,Cybersecurity,Intermediate,Udemy,Certification,8,42
U01919,51,India,Student,Cloud,Beginner,Khan Academy,Upskilling,3,20
U01920,20,Canada,Graduate,Cybersecurity,Advanced,LinkedIn Learning,Certification,12,45
U01921,39,Germany,Student,Cybersecurity,Beginner,LinkedIn Learning,Promotion,20,2
U01922,38,Australia,Graduate,Web,Advanced,Skillshare,Upskilling,10,32
U01923,30,India,Student,Design,Intermediate,Coursera,College Project,15,0
U01924,30,USA,Postgraduate,AI,Intermediate,DataCamp,Promotion,16,18
U01925,55,UK,Postgraduate,Cloud,Intermediate,FutureLearn,Career Switch,8,5
U01926,48,UK,Graduate,Cloud,Beginner,Udemy,College Project,11,41
U01927,43,UK,Graduate,Cloud,Intermediate,DataCamp,Upskilling,20,18
U01928,33,India,Graduate,Design,Advanced,LinkedIn Learning,College Project,23,24
U01929,39,USA,Student,Soft Skills,Intermediate,LinkedIn Learning,Promotion,30,26
U01930,27,UK,Graduate,Data Science,Advanced,Skillshare,Career Switch,29,19
U01931,20,UK,Graduate,Cybersecurity,Intermediate,edX,Upskilling,17,1
U01932,42,UK,Student,Programming,Advanced,LinkedIn Learning,College Project,16,25
U01933,22,Germany,Graduate,Programming,Intermediate,DataCamp,Certification,21,45
U01934,50,Germany,Student,Mobile,Beginner,Coursera,Interview Prep,30,37
U01935,51,USA,Student,Cloud,Intermediate,Khan Academy,Interview Prep,18,6
U01936,30,Germany,Graduate,Web,Intermediate,LinkedIn Learning,Interview Prep,4,7
U01937,32,Canada,Student,Mobile,Advanced,Skillshare,Promotion,9,46
U01938,39,India,Postgraduate,Cloud,Advanced,edX,Upskilling,29,15
U01939,30,UK,Graduate,Business,Intermediate,Coursera,Promotion,29,38
U01940,25,India,Graduate,Mobile,Beginner,DataCamp,Promotion,20,22
U01941,28,Australia,Postgraduate,Web,Intermediate,FutureLearn,Upskilling,2,28
U01942,48,Germany,Graduate,Soft Skills,Intermediate,edX,Interview Prep,3,42
U01943,55,Canada,Student,Soft Skills,Beginner,Khan Academy,Certification,15,11
U01944,22,Canada,Graduate,Web,Advanced,Udemy,Upskilling,24,37
U01945,38,Germany,Graduate,AI,Advanced,LinkedIn Learning,Career Switch,20,4
U01946,36,Australia,Graduate,Web,Advanced,Coursera,Promotion,8,16
U01947,53,Canada,Postgraduate,Cloud,Beginner,LinkedIn Learning,College Project,11,28
U01948,55,USA,Postgraduate,Web,Intermediate,Udemy,Interview Prep,15,38
U01949,43,Germany,Postgraduate,Soft Skills,Advanced,FutureLearn,Certification,24,6
U01950,37,UK,Graduate,Programming,Beginner,edX,Upskilling,27,44
U01951,50,Australia,Postgraduate,Programming,Beginner,Khan Academy,Upskilling,3,0
U01952,18,India,Graduate,Cybersecurity,Beginner,Udemy,Career Switch,6,27
U01953,30,UK,Graduate,Design,Advanced,edX,Upskilling,17,9
U01954,51,USA,Graduate,Cybersecurity,Intermediate,LinkedIn Learning,Career Switch,6,36
U01955,29,Canada,Student,Design,Intermediate,Khan Academy,Interview Prep,2,11
U01956,33,Germany,Graduate,Business,Intermediate,Coursera,Certification,22,6
U01957,54,USA,Postgraduate,Web,Intermediate,FutureLearn,Career Switch,9,40
U01958,41,India,Student,Data Science,Intermediate,edX,Career Switch,13,21
U01959,51,Germany,Graduate,Data Science,Intermediate,Khan Academy,Interview Prep,27,5
U01960,47,Canada,Postgraduate,Mobile,Advanced,edX,Certification,28,14
U01961,31,India,Student,Cloud,Advanced,Khan Academy,College Project,29,27
U01962,55,USA,Graduate,Web,Intermediate,edX,Upskilling,10,7
U01963,50,Australia,Graduate,Cybersecurity,Intermediate,LinkedIn Learning,Certification,17,44
U01964,46,Canada,Postgraduate,Programming,Intermediate,Khan Academy,College Project,30,1
U01965,43,Germany,Student,Soft Skills,Intermediate,DataCamp,Interview Prep,14,38
U01966,34,USA,Graduate,Soft Skills,Intermediate,Skillshare,Interview Prep,23,42
U01967,30,India,Student,Programming,Intermediate,LinkedIn Learning,Interview Prep,6,46
U01968,47,Australia,Student,AI,Intermediate,Coursera,Upskilling,15,35
U01969,54,Australia,Postgraduate,Cloud,Intermediate,Udemy,Promotion,14,47
U01970,29,Australia,Graduate,Data Science,Advanced,edX,College Project,23,22
U01971,40,USA,Graduate,Design,Beginner,Khan Academy,Career Switch,25,27
U01972,21,Australia,Postgraduate,Programming,Beginner,edX,Upskilling,2,29
U01973,27,Canada,Student,Web,Beginner,Udemy,Interview Prep,10,3
U01974,34,Canada,Student,Design,Advanced,DataCamp,Promotion,16,33
U01975,19,UK,Student,Design,Advanced,Coursera,Certification,23,22
U01976,27,Canada,Graduate,Web,Beginner,Skillshare,Interview Prep,27,25
U01977,54,India,Student,Mobile,Advanced,Khan Academy,Certification,29,5
U01978,31,Germany,Graduate,Cloud,Advanced,Skillshare,Certification,27,21
U01979,33,Canada,Student,Web,Intermediate,LinkedIn Learning,Certification,14,46
U01980,42,India,Graduate,Cloud,Advanced,FutureLearn,Career Switch,27,50
U01981,46,USA,Student,Business,Intermediate,Coursera,Career Switch,6,0
U01982,23,UK,Graduate,Cybersecurity,Beginner,Coursera,Interview Prep,7,36
U01983,19,Canada,Postgraduate,Soft Skills,Intermediate,Skillshare,Career Switch,9,17
U01984,34,India,Postgraduate,Mobile,Intermediate,edX,Promotion,28,38
U01985,35,USA,Postgraduate,Data Science,Advanced,Udemy,Promotion,11,17
U01986,29,Australia,Graduate,AI,Intermediate,DataCamp,Certification,30,6
U01987,18,Australia,Postgraduate,Cybersecurity,Advanced,FutureLearn,Upskilling,11,48
U01988,37,USA,Postgraduate,AI,Advanced,FutureLearn,Interview Prep,17,40
U01989,49,UK,Graduate,Web,Advanced,Udemy,Career Switch,22,39
U01990,38,UK,Student,Web,Advanced,LinkedIn Learning,Interview Prep,19,39
U01991,25,Canada,Student,Data Science,Intermediate,edX,Career Switch,8,45
U01992,31,Canada,Graduate,Programming,Intermediate,LinkedIn Learning,Upskilling,6,41
U01993,24,Australia,Student,Cloud,Intermediate,Skillshare,Interview Prep,22,46
U01994,54,USA,Postgraduate,Business,Intermediate,Khan Academy,College Project,25,25
U01995,30,USA,Graduate,Data Science,Intermediate,DataCamp,Upskilling,25,29
U01996,46,USA,Student,Programming,Beginner,Udemy,Upskilling,29,32
U01997,42,India,Graduate,Programming,Advanced,edX,Promotion,18,4
U01998,46,UK,Student,Design,Advanced,edX,Career Switch,7,9
U01999,50,Australia,Student,Web,Advanced,Coursera,Interview Prep,26,42
U02000,44,India,Graduate,Data Science,Intermediate,edX,Certification,9,19
U02001,36,Australia,Graduate,Business,Advanced,Skillshare,Career Switch,29,20
U02002,43,Canada,Student,Business,Beginner,Udemy,Upskilling,18,21
U02003,30,Canada,Postgraduate,Data Science,Intermediate,DataCamp,Promotion,26,47
U02004,38,Australia,Postgraduate,Cybersecurity,Intermediate,LinkedIn Learning,Interview Prep,11,24
U02005,27,India,Graduate,Cloud,Advanced,LinkedIn Learning,Promotion,11,18
U02006,27,Canada,Postgraduate,Soft Skills,Beginner,Udemy,Upskilling,7,39
U02007,35,Germany,Graduate,Business,Intermediate,Udemy,College Project,3,24
U02008,26,UK,Graduate,Cybersecurity,Intermediate,FutureLearn,Upskilling,7,28
U02009,44,Germany,Postgraduate,Cybersecurity,Advanced,Coursera,Career Switch,23,24
U02010,49,Australia,Student,Data Science,Beginner,edX,Upskilling,17,35
U02011,48,India,Graduate,Data Science,Intermediate,DataCamp,Career Switch,18,48
U02012,52,Canada,Graduate,Business,Beginner,LinkedIn Learning,Promotion,3,8
U02013,20,Australia,Graduate,Data Science,Intermediate,LinkedIn Learning,Interview Prep,15,47
U02014,41,USA,Graduate,Cloud,Advanced,FutureLearn,Career Switch,8,44
U02015,44,UK,Graduate,Design,Beginner,edX,Interview Prep,12,11
U02016,31,India,Student,Programming,Beginner,Skillshare,Certification,20,24
U02017,20,USA,Postgraduate,AI,Advanced,Khan Academy,Interview Prep,20,48
U02018,51,UK,Student,Cloud,Advanced,Khan Academy,Promotion,4,34
U02019,24,Canada,Student,Business,Beginner,edX,Career Switch,21,35
U02020,23,Australia,Graduate,AI,Intermediate,LinkedIn Learning,Promotion,20,35
U02021,21,Canada,Postgraduate,Design,Intermediate,DataCamp,Certification,17,47
U02022,44,UK,Graduate,AI,Beginner,Coursera,Certification,16,40
U02023,52,USA,Student,Programming,Advanced,LinkedIn Learning,Certification,13,10
U02024,50,Australia,Student,Soft Skills,Beginner,Coursera,Certification,24,10
U02025,41,Canada,Graduate,AI,Intermediate,Khan Academy,Interview Prep,4,34
U02026,40,Canada,Graduate,Mobile,Intermediate,edX,College Project,5,17
U02027,35,Germany,Student,Mobile,Beginner,Udemy,Interview Prep,19,38
U02028,19,India,Postgraduate,Mobile,Advanced,edX,College Project,29,23
U02029,48,UK,Graduate,Web,Intermediate,DataCamp,Certification,28,46
U02030,19,India,Postgraduate,Data Science,Advanced,LinkedIn Learning,Career Switch,17,32
U02031,41,Germany,Graduate,Business,Advanced,LinkedIn Learning,Career Switch,21,31
U02032,31,Germany,Student,Web,Beginner,Coursera,Career Switch,7,32
U02033,34,USA,Postgraduate,Design,Intermediate,FutureLearn,College Project,2,11
U02034,45,Germany,Postgraduate,Programming,Intermediate,Coursera,Promotion,14,36
U02035,26,Germany,Graduate,Design,Intermediate,LinkedIn Learning,Career Switch,5,4
U02036,53,UK,Graduate,Soft Skills,Intermediate,edX,Promotion,19,44
U02037,40,India,Graduate,Soft Skills,Beginner,LinkedIn Learning,College Project,5,8
U02038,41,Australia,Student,Design,Beginner,Khan Academy,Promotion,3,12
U02039,21,India,Student,Cloud,Advanced,edX,Promotion,18,47
U02040,25,Canada,Postgraduate,Soft Skills,Advanced,edX,Interview Prep,28,50
U02041,51,Australia,Student,Programming,Intermediate,Skillshare,Certification,24,45
U02042,40,Australia,Student,Soft Skills,Intermediate,Khan Academy,Career Switch,20,43
U02043,35,Canada,Postgraduate,Programming,Advanced,DataCamp,Career Switch,7,28
U02044,21,Germany,Student,Cloud,Advanced,FutureLearn,Career Switch,30,13
U02045,34,Australia,Postgraduate,Cloud,Beginner,LinkedIn Learning,Interview Prep,25,48
U02046,54,India,Graduate,Web,Advanced,DataCamp,Upskilling,7,21
U02047,43,India,Student,Web,Advanced,Coursera,Certification,5,4
U02048,39,Australia,Student,Programming,Intermediate,Coursera,Upskilling,2,4
U02049,37,Australia,Postgraduate,Business,Advanced,LinkedIn Learning,Promotion,22,47
U02050,38,UK,Postgraduate,AI,Intermediate,Skillshare,Interview Prep,28,43
U02051,53,India,Graduate,Cloud,Beginner,Khan Academy,Career Switch,5,19
U02052,20,Australia,Student,Programming,Intermediate,FutureLearn,College Project,13,26
U02053,25,Germany,Student,Programming,Advanced,FutureLearn,Interview Prep,17,0
U02054,24,Australia,Postgraduate,Data Science,Beginner,Khan Academy,Career Switch,29,19
U02055,24,Canada,Student,Business,Beginner,Coursera,Certification,24,14
U02056,36,UK,Postgraduate,Design,Intermediate,Skillshare,Interview Prep,9,44
U02057,54,Australia,Graduate,Cloud,Intermediate,Skillshare,Upskilling,21,31
U02058,50,India,Postgraduate,Programming,Advanced,LinkedIn Learning,Certification,17,2
U02059,51,UK,Graduate,Mobile,Intermediate,FutureLearn,Promotion,29,18
U02060,46,Germany,Graduate,AI,Intermediate,LinkedIn Learning,Career Switch,29,48
U02061,51,Canada,Graduate,Cybersecurity,Intermediate,Coursera,Upskilling,11,30
U02062,30,UK,Student,Design,Advanced,LinkedIn Learning,Promotion,28,22
U02063,38,Australia,Graduate,Web,Intermediate,Udemy,Interview Prep,29,22
U02064,42,Germany,Student,Design,Intermediate,FutureLearn,Career Switch,30,16
U02065,42,USA,Postgraduate,Web,Beginner,Coursera,College Project,14,39
U02066,54,UK,Graduate,AI,Intermediate,LinkedIn Learning,Upskilling,13,42
U02067,20,UK,Graduate,Design,Advanced,Udemy,Interview Prep,28,26
U02068,38,USA,Graduate,Design,Advanced,Khan Academy,Upskilling,12,17
U02069,32,USA,Postgraduate,Data Science,Intermediate,Udemy,Career Switch,11,42
U02070,54,UK,Postgraduate,Design,Advanced,LinkedIn Learning,College Project,20,10
U02071,29,Germany,Student,Mobile,Advanced,DataCamp,Career Switch,21,49
U02072,55,USA,Graduate,Cloud,Beginner,LinkedIn Learning,Upskilling,7,18
U02073,26,Canada,Postgraduate,Programming,Intermediate,FutureLearn,College Project,25,5
U02074,27,Canada,Student,Mobile,Advanced,Udemy,Promotion,23,5
U02075,52,Australia,Student,Programming,Beginner,LinkedIn Learning,Career Switch,22,12
U02076,19,USA,Student,Web,Advanced,Skillshare,Upskilling,19,10
U02077,49,UK,Student,Design,Beginner,Coursera,College Project,14,27
U02078,39,Germany,Student,AI,Beginner,FutureLearn,Certification,28,11
U02079,21,UK,Graduate,Programming,Beginner,Udemy,Promotion,4,27
U02080,18,India,Graduate,Web,Intermediate,Skillshare,Upskilling,13,36
U02081,29,Germany,Graduate,Soft Skills,Intermediate,LinkedIn Learning,College Project,3,9
U02082,40,UK,Student,Web,Beginner,LinkedIn Learning,Certification,12,18
U02083,25,Germany,Graduate,Business,Intermediate,LinkedIn Learning,Career Switch,14,49
U02084,28,UK,Postgraduate,Cybersecurity,Advanced,DataCamp,Interview Prep,30,1
U02085,22,Canada,Graduate,Data Science,Beginner,LinkedIn Learning,College Project,24,22
U02086,18,Australia,Graduate,Data Science,Intermediate,Coursera,Certification,14,50
U02087,31,USA,Graduate,Programming,Intermediate,Udemy,Career Switch,3,24
U02088,42,India,Student,Web,Beginner,edX,Promotion,18,24
U02089,29,Germany,Student,Cybersecurity,Beginner,Coursera,Upskilling,5,44
U02090,48,Australia,Graduate,Soft Skills,Beginner,Khan Academy,Upskilling,9,12
U02091,31,India,Graduate,AI,Advanced,Skillshare,College Project,15,32
U02092,30,Australia,Student,Data Science,Intermediate,DataCamp,Interview Prep,29,22
U02093,50,UK,Graduate,Data Science,Advanced,LinkedIn Learning,Promotion,24,47
U02094,18,India,Postgraduate,Soft Skills,Intermediate,LinkedIn Learning,Upskilling,24,41
U02095,29,UK,Graduate,Design,Beginner,FutureLearn,Certification,9,40
U02096,22,Canada,Student,Design,Advanced,DataCamp,Interview Prep,5,41
U02097,51,Germany,Postgraduate,Mobile,Beginner,DataCamp,Career Switch,30,0
U02098,35,USA,Graduate,AI,Beginner,Skillshare,Promotion,14,42
U02099,28,India,Student,Cybersecurity,Intermediate,Khan Academy,Upskilling,19,11
U02100,41,India,Postgraduate,Cloud,Advanced,edX,Certification,3,29
U02101,25,USA,Student,Cloud,Beginner,Skillshare,Career Switch,24,20
U02102,45,Germany,Student,Mobile,Beginner,DataCamp,Career Switch,18,0
U02103,46,UK,Student,Data Science,Intermediate,LinkedIn Learning,Career Switch,28,40
U02104,41,USA,Graduate,Programming,Beginner,Khan Academy,Certification,10,32
U02105,30,UK,Postgraduate,Cybersecurity,Advanced,Khan Academy,College Project,28,9
U02106,42,Germany,Postgraduate,Business,Intermediate,Coursera,College Project,15,42
U02107,42,Germany,Postgraduate,Mobile,Beginner,LinkedIn Learning,Certification,23,50
U02108,28,Australia,Student,Cloud,Beginner,FutureLearn,College Project,10,39
U02109,27,India,Student,Web,Beginner,LinkedIn Learning,Certification,19,20
U02110,52,Australia,Student,Soft Skills,Intermediate,Khan Academy,Career Switch,30,47
U02111,25,Canada,Student,Business,Intermediate,Skillshare,Career Switch,13,25
U02112,48,USA,Graduate,Cloud,Beginner,Coursera,Promotion,11,49
U02113,46,Canada,Graduate,Cybersecurity,Advanced,FutureLearn,Upskilling,20,22
U02114,20,Canada,Postgraduate,Cloud,Advanced,DataCamp,Interview Prep,19,49
U02115,53,Australia,Graduate,Data Science,Advanced,edX,Career Switch,28,25
U02116,18,India,Postgraduate,Web,Beginner,DataCamp,Promotion,18,42
U02117,43,Australia,Student,Business,Advanced,Udemy,Upskilling,13,50
U02118,24,UK,Postgraduate,Mobile,Beginner,Udemy,Upskilling,6,24
U02119,28,UK,Student,AI,Beginner,Coursera,Upskilling,10,15
U02120,35,UK,Student,Soft Skills,Advanced,Coursera,Upskilling,30,30
U02121,40,USA,Postgraduate,AI,Intermediate,LinkedIn Learning,College Project,6,17
U02122,19,USA,Student,Mobile,Advanced,edX,Interview Prep,27,36
U02123,53,Canada,Postgraduate,Business,Advanced,Khan Academy,Promotion,24,48
U02124,39,USA,Postgraduate,Design,Beginner,Skillshare,Career Switch,15,36
U02125,33,UK,Graduate,Soft Skills,Intermediate,LinkedIn Learning,Interview Prep,25,36
U02126,47,USA,Student,Programming,Intermediate,FutureLearn,Certification,22,31
U02127,23,Germany,Postgraduate,AI,Intermediate,Khan Academy,College Project,10,23
U02128,40,Australia,Postgraduate,Web,Advanced,Coursera,Career Switch,24,34
U02129,36,Canada,Postgraduate,Web,Beginner,LinkedIn Learning,Promotion,17,44
U02130,35,USA,Graduate,AI,Beginner,edX,Career Switch,17,19
U02131,25,Australia,Student,Soft Skills,Advanced,FutureLearn,College Project,29,30
U02132,22,Canada,Graduate,Design,Advanced,DataCamp,Upskilling,24,20
U02133,53,Canada,Postgraduate,Programming,Beginner,LinkedIn Learning,Upskilling,29,32
U02134,51,UK,Student,Soft Skills,Intermediate,Skillshare,Interview Prep,6,15
U02135,47,India,Student,Business,Intermediate,edX,Interview Prep,11,11
U02136,28,Canada,Postgraduate,Programming,Beginner,Udemy,Career Switch,26,15
U02137,53,India,Graduate,Data Science,Beginner,Udemy,Upskilling,7,34
U02138,30,India,Postgraduate,Business,Intermediate,DataCamp,College Project,22,34
U02139,46,Germany,Student,Business,Advanced,Khan Academy,Promotion,27,30
U02140,25,India,Student,Soft Skills,Beginner,DataCamp,College Project,15,44
U02141,50,UK,Student,Cloud,Beginner,LinkedIn Learning,Interview Prep,22,45
U02142,35,UK,Graduate,Soft Skills,Beginner,Udemy,Career Switch,6,37
U02143,19,USA,Graduate,Cloud,Beginner,LinkedIn Learning,Upskilling,4,50
U02144,31,USA,Graduate,Design,Advanced,Coursera,Certification,30,31
U02145,28,Australia,Graduate,Soft Skills,Intermediate,Khan Academy,Certification,22,28
U02146,36,Australia,Graduate,Cloud,Beginner,LinkedIn Learning,Upskilling,12,11
U02147,48,India,Graduate,Design,Intermediate,Skillshare,College Project,25,34
U02148,47,Canada,Postgraduate,Design,Advanced,FutureLearn,Certification,2,24
U02149,52,USA,Student,Business,Intermediate,Udemy,Interview Prep,24,35
U02150,31,USA,Student,Data Science,Advanced,Udemy,Career Switch,12,45
U02151,20,Canada,Postgraduate,Mobile,Beginner,Coursera,Career Switch,29,45
U02152,42,Germany,Student,Cybersecurity,Beginner,Udemy,Career Switch,25,9
U02153,46,UK,Student,Design,Beginner,Udemy,Upskilling,17,2
U02154,38,Australia,Student,Cloud,Beginner,Coursera,Certification,12,48
U02155,23,UK,Postgraduate,Web,Advanced,Khan Academy,College Project,30,33
U02156,40,USA,Student,Web,Advanced,FutureLearn,Certification,2,21
U02157,36,India,Graduate,Business,Beginner,LinkedIn Learning,College Project,25,22
U02158,40,UK,Student,Web,Advanced,DataCamp,Certification,13,5
U02159,35,Australia,Graduate,Data Science,Beginner,DataCamp,Promotion,27,27
U02160,20,Canada,Graduate,AI,Beginner,FutureLearn,Promotion,30,27
U02161,21,USA,Graduate,Design,Intermediate,Coursera,Career Switch,13,45
U02162,47,Germany,Student,Business,Advanced,DataCamp,Promotion,5,32
U02163,47,Australia,Student,Business,Intermediate,LinkedIn Learning,Interview Prep,21,41
U02164,30,India,Postgraduate,Business,Beginner,Udemy,Promotion,13,30
U02165,27,Germany,Student,Design,Advanced,FutureLearn,Promotion,21,8
U02166,52,India,Graduate,Web,Advanced,Khan Academy,College Project,3,4
U02167,37,UK,Postgraduate,Web,Beginner,FutureLearn,Promotion,9,39
U02168,45,USA,Graduate,Soft Skills,Intermediate,DataCamp,Certification,18,11
U02169,43,India,Graduate,Cloud,Beginner,DataCamp,Upskilling,29,45
U02170,35,USA,Postgraduate,Cybersecurity,Beginner,DataCamp,Promotion,27,3
U02171,48,UK,Postgraduate,Programming,Beginner,Udemy,Certification,20,24
U02172,50,Australia,Graduate,Design,Advanced,LinkedIn Learning,College Project,17,31
U02173,37,USA,Student,Web,Beginner,Coursera,College Project,4,25
U02174,23,Germany,Graduate,Web,Beginner,LinkedIn Learning,Certification,27,5
U02175,49,Germany,Postgraduate,Soft Skills,Beginner,Udemy,Interview Prep,17,39
U02176,54,Germany,Postgraduate,Design,Beginner,Skillshare,College Project,13,23
U02177,22,Germany,Graduate,Business,Advanced,DataCamp,Career Switch,28,12
U02178,40,Germany,Postgraduate,Data Science,Intermediate,Skillshare,Upskilling,11,19
U02179,51,USA,Postgraduate,Cloud,Beginner,Skillshare,Upskilling,15,6
U02180,21,USA,Postgraduate,Web,Beginner,Khan Academy,Interview Prep,3,20
U02181,20,India,Student,Web,Intermediate,FutureLearn,Career Switch,16,3
U02182,21,Canada,Graduate,AI,Intermediate,Skillshare,College Project,20,20
U02183,28,USA,Postgraduate,Business,Advanced,FutureLearn,Certification,20,1
U02184,31,USA,Student,Soft Skills,Advanced,Khan Academy,Upskilling,24,36
U02185,55,India,Postgraduate,Cybersecurity,Intermediate,DataCamp,Promotion,20,2
U02186,33,Canada,Student,Cybersecurity,Beginner,DataCamp,Career Switch,5,38
U02187,30,USA,Student,AI,Advanced,edX,Certification,26,46
U02188,28,USA,Graduate,Cloud,Beginner,Udemy,Interview Prep,27,7
U02189,20,Canada,Postgraduate,Cloud,Advanced,Udemy,Interview Prep,28,17
U02190,21,India,Graduate,Programming,Intermediate,Khan Academy,Promotion,5,50
U02191,50,USA,Graduate,Programming,Intermediate,LinkedIn Learning,Upskilling,24,28
U02192,32,UK,Graduate,Mobile,Beginner,LinkedIn Learning,Upskilling,5,37
U02193,20,Canada,Graduate,Business,Intermediate,Skillshare,Interview Prep,27,31
U02194,46,Australia,Postgraduate,Cybersecurity,Advanced,DataCamp,Certification,25,40
U02195,31,Germany,Student,Programming,Advanced,Udemy,College Project,27,37
U02196,52,Canada,Student,Programming,Intermediate,Khan Academy,Promotion,17,25
U02197,21,Germany,Student,Business,Intermediate,Udemy,Interview Prep,27,19
U02198,29,UK,Postgraduate,Web,Intermediate,FutureLearn,Certification,27,10
U02199,34,Australia,Student,Cybersecurity,Beginner,Khan Academy,Upskilling,4,26
U02200,31,USA,Postgraduate,Design,Advanced,Khan Academy,Promotion,11,0
U02201,40,Australia,Graduate,Programming,Advanced,Coursera,College Project,7,7
U02202,34,Germany,Graduate,Cloud,Intermediate,Skillshare,Interview Prep,25,32
U02203,29,Germany,Postgraduate,AI,Beginner,DataCamp,Interview Prep,25,24
U02204,44,India,Postgraduate,Cloud,Advanced,Udemy,Interview Prep,29,39
U02205,22,Canada,Student,Cybersecurity,Advanced,Udemy,Upskilling,13,29
U02206,42,Australia,Student,Design,Advanced,Udemy,Upskilling,19,2
U02207,27,USA,Postgraduate,Cybersecurity,Intermediate,Khan Academy,Upskilling,19,50
U02208,36,India,Graduate,Data Science,Intermediate,Skillshare,Career Switch,4,15
U02209,39,USA,Student,Cybersecurity,Beginner,Udemy,Interview Prep,20,49
U02210,34,Australia,Student,Soft Skills,Advanced,Coursera,Certification,26,16
U02211,31,USA,Graduate,Cybersecurity,Intermediate,Udemy,Interview Prep,10,26
U02212,31,UK,Graduate,Design,Advanced,FutureLearn,Career Switch,18,31
U02213,49,Germany,Student,Design,Intermediate,Coursera,College Project,6,40
U02214,26,Australia,Postgraduate,Cybersecurity,Intermediate,Skillshare,Upskilling,8,21
U02215,34,USA,Student,Data Science,Intermediate,Skillshare,Upskilling,13,1
U02216,34,India,Graduate,Cybersecurity,Intermediate,DataCamp,Upskilling,6,28
U02217,39,UK,Student,AI,Advanced,Skillshare,Certification,4,48
U02218,23,Canada,Student,AI,Advanced,Coursera,Career Switch,4,27
U02219,34,UK,Student,Cybersecurity,Intermediate,Udemy,Upskilling,13,11
U02220,51,India,Graduate,Data Science,Intermediate,edX,College Project,15,44
U02221,54,Australia,Graduate,Cybersecurity,Beginner,Khan Academy,Certification,28,48
U02222,29,India,Student,Cybersecurity,Intermediate,Khan Academy,College Project,10,4
U02223,36,Canada,Student,Cloud,Beginner,edX,Promotion,29,28
U02224,32,Australia,Student,Programming,Beginner,Skillshare,Interview Prep,22,26
U02225,21,UK,Postgraduate,Design,Beginner,Udemy,Interview Prep,8,49
U02226,20,UK,Student,Cloud,Advanced,edX,Interview Prep,28,13
U02227,31,USA,Postgraduate,Cybersecurity,Intermediate,Skillshare,College Project,15,5
U02228,32,UK,Graduate,Mobile,Advanced,DataCamp,Interview Prep,13,13
U02229,31,USA,Postgraduate,Programming,Advanced,Skillshare,Upskilling,28,34
U02230,50,India,Postgraduate,AI,Advanced,Coursera,Interview Prep,5,28
U02231,37,USA,Postgraduate,AI,Beginner,edX,Interview Prep,8,40
U02232,27,Germany,Student,Design,Intermediate,edX,Upskilling,7,28
U02233,21,Germany,Student,Web,Advanced,edX,Certification,19,10
U02234,29,Australia,Postgraduate,Programming,Beginner,DataCamp,Certification,22,14
U02235,27,USA,Student,Business,Advanced,Udemy,College Project,25,34
U02236,41,UK,Graduate,AI,Intermediate,FutureLearn,Upskilling,14,28
U02237,27,Australia,Student,Mobile,Intermediate,LinkedIn Learning,Certification,22,22
U02238,19,Canada,Student,Web,Intermediate,Udemy,Interview Prep,7,33
U02239,41,USA,Postgraduate,Business,Intermediate,Skillshare,College Project,7,39
U02240,33,Canada,Graduate,Business,Advanced,Skillshare,Promotion,21,7
U02241,40,USA,Postgraduate,Cloud,Advanced,edX,Upskilling,27,17
U02242,51,USA,Postgraduate,Mobile,Intermediate,DataCamp,College Project,29,46
U02243,54,Germany,Graduate,Design,Beginner,Udemy,Upskilling,24,37
U02244,54,Canada,Postgraduate,Cybersecurity,Intermediate,edX,College Project,30,5
U02245,39,India,Graduate,Mobile,Advanced,edX,Upskilling,11,28
U02246,27,Australia,Graduate,AI,Intermediate,Coursera,Interview Prep,23,17
U02247,41,UK,Graduate,Mobile,Advanced,Khan Academy,Interview Prep,4,50
U02248,40,India,Postgraduate,Cybersecurity,Advanced,edX,Career Switch,15,3
U02249,39,Canada,Student,Soft Skills,Intermediate,Khan Academy,Promotion,10,13
U02250,28,USA,Postgraduate,Cybersecurity,Beginner,Udemy,Certification,27,25
U02251,30,Canada,Graduate,Programming,Intermediate,edX,Career Switch,2,0
U02252,29,Germany,Postgraduate,Web,Beginner,edX,Upskilling,30,42
U02253,53,UK,Graduate,Cybersecurity,Beginner,Udemy,Career Switch,2,11
U02254,23,UK,Graduate,Cybersecurity,Advanced,Coursera,College Project,11,43
U02255,35,Canada,Postgraduate,Cloud,Intermediate,Skillshare,Promotion,21,24
U02256,31,UK,Graduate,Cybersecurity,Advanced,Skillshare,Certification,22,8
U02257,27,Australia,Graduate,Cybersecurity,Advanced,Khan Academy,Promotion,24,0
U02258,35,Germany,Graduate,Business,Beginner,FutureLearn,Interview Prep,27,5
U02259,27,Germany,Student,Cloud,Intermediate,Khan Academy,College Project,22,25
U02260,53,Australia,Student,Web,Intermediate,Khan Academy,Interview Prep,30,44
U02261,22,UK,Student,Mobile,Advanced,DataCamp,Upskilling,22,30
U02262,28,USA,Graduate,Programming,Beginner,Coursera,Upskilling,3,28
U02263,48,Canada,Graduate,Soft Skills,Advanced,DataCamp,Upskilling,13,22
U02264,31,UK,Postgraduate,AI,Intermediate,edX,Career Switch,30,21
U02265,48,Australia,Graduate,Soft Skills,Advanced,DataCamp,Upskilling,5,48
U02266,53,India,Graduate,Business,Advanced,FutureLearn,Interview Prep,4,44
U02267,19,Australia,Graduate,Soft Skills,Intermediate,Khan Academy,College Project,23,18
U02268,44,Australia,Student,Mobile,Intermediate,Khan Academy,Upskilling,22,50
U02269,38,UK,Student,AI,Advanced,LinkedIn Learning,Upskilling,2,25
U02270,23,USA,Graduate,AI,Beginner,Skillshare,Certification,15,48
U02271,38,Germany,Student,Mobile,Intermediate,edX,College Project,4,35
U02272,24,UK,Postgraduate,Cloud,Advanced,FutureLearn,Career Switch,7,8
U02273,40,Germany,Postgraduate,Data Science,Advanced,DataCamp,Upskilling,6,11
U02274,47,UK,Graduate,Cybersecurity,Intermediate,edX,Promotion,10,31
U02275,38,Canada,Postgraduate,Soft Skills,Advanced,edX,Promotion,18,19
U02276,24,USA,Graduate,Data Science,Beginner,Khan Academy,Certification,6,21
U02277,25,India,Postgraduate,AI,Advanced,FutureLearn,Career Switch,23,22
U02278,22,India,Student,Programming,Advanced,Skillshare,Interview Prep,16,12
U02279,24,Canada,Student,Mobile,Advanced,LinkedIn Learning,Interview Prep,26,7
U02280,30,Germany,Student,Design,Advanced,Udemy,Promotion,22,9
U02281,28,UK,Graduate,Cybersecurity,Advanced,Coursera,Certification,18,19
U02282,36,USA,Graduate,Mobile,Intermediate,edX,Interview Prep,8,38
U02283,36,Germany,Student,Soft Skills,Beginner,Udemy,Career Switch,4,26
U02284,55,Canada,Graduate,Data Science,Intermediate,Skillshare,Upskilling,18,43
U02285,32,Canada,Postgraduate,Soft Skills,Beginner,edX,Interview Prep,13,23
U02286,32,UK,Graduate,Design,Advanced,DataCamp,Upskilling,4,9
U02287,21,UK,Postgraduate,Business,Intermediate,Udemy,Upskilling,13,12
U02288,31,India,Postgraduate,Mobile,Intermediate,Coursera,Upskilling,12,8
U02289,25,Australia,Student,Cloud,Intermediate,Khan Academy,College Project,10,10
U02290,46,Germany,Postgraduate,Soft Skills,Beginner,Khan Academy,Certification,11,25
U02291,55,Germany,Student,Data Science,Intermediate,Coursera,Career Switch,13,29
U02292,33,Australia,Graduate,Cybersecurity,Advanced,Coursera,College Project,17,6
U02293,19,Australia,Student,Soft Skills,Intermediate,Khan Academy,Certification,8,9
U02294,43,USA,Graduate,AI,Intermediate,Udemy,Interview Prep,6,7
U02295,46,UK,Graduate,Soft Skills,Intermediate,Skillshare,Promotion,28,9
U02296,18,USA,Postgraduate,Programming,Beginner,Coursera,Upskilling,29,50
U02297,22,USA,Postgraduate,Web,Beginner,Udemy,Career Switch,9,30
U02298,39,UK,Postgraduate,Soft Skills,Intermediate,Udemy,College Project,12,43
U02299,20,USA,Postgraduate,Mobile,Intermediate,Skillshare,Upskilling,25,23
U02300,34,Australia,Graduate,Programming,Advanced,LinkedIn Learning,College Project,18,11
U02301,18,Australia,Graduate,Mobile,Beginner,Coursera,College Project,17,27
U02302,27,USA,Graduate,Data Science,Intermediate,LinkedIn Learning,Certification,24,0
U02303,48,Canada,Postgraduate,Design,Advanced,LinkedIn Learning,Interview Prep,20,38
U02304,45,Germany,Postgraduate,AI,Beginner,DataCamp,Career Switch,27,34
U02305,39,Germany,Postgraduate,Soft Skills,Beginner,Coursera,Interview Prep,30,24
U02306,55,Canada,Graduate,Web,Intermediate,Khan Academy,Certification,12,11
U02307,22,USA,Student,Design,Beginner,Khan Academy,Promotion,16,19
U02308,30,Australia,Graduate,Cloud,Beginner,Skillshare,Upskilling,29,20
U02309,35,Germany,Student,Programming,Intermediate,LinkedIn Learning,Career Switch,18,8
U02310,43,USA,Student,Mobile,Intermediate,FutureLearn,College Project,11,15
U02311,24,Germany,Graduate,Mobile,Advanced,Udemy,Career Switch,20,7
U02312,29,UK,Graduate,Programming,Intermediate,Coursera,College Project,8,28
U02313,46,India,Postgraduate,Design,Beginner,edX,Promotion,19,38
U02314,51,Australia,Postgraduate,Cybersecurity,Beginner,Skillshare,Promotion,26,33
U02315,26,Germany,Student,Cybersecurity,Intermediate,Coursera,Career Switch,14,22
U02316,44,Canada,Postgraduate,Data Science,Advanced,Khan Academy,Promotion,29,17
U02317,51,Germany,Student,Soft Skills,Advanced,Skillshare,Promotion,24,6
U02318,49,Canada,Graduate,Cybersecurity,Advanced,Coursera,Career Switch,16,0
U02319,38,UK,Graduate,Design,Beginner,DataCamp,Interview Prep,14,24
U02320,27,Australia,Graduate,Soft Skills,Intermediate,Khan Academy,Career Switch,27,9
U02321,23,UK,Student,AI,Advanced,FutureLearn,Certification,16,32
U02322,46,Germany,Graduate,Design,Advanced,Khan Academy,Promotion,29,32
U02323,34,UK,Graduate,Business,Beginner,FutureLearn,Career Switch,6,43
U02324,19,Canada,Graduate,AI,Intermediate,LinkedIn Learning,Interview Prep,12,50
U02325,29,UK,Student,Business,Advanced,DataCamp,Certification,5,24
U02326,31,Germany,Graduate,Design,Advanced,edX,Promotion,30,45
U02327,53,Germany,Student,Business,Intermediate,Khan Academy,Upskilling,12,39
U02328,32,Germany,Graduate,Mobile,Intermediate,LinkedIn Learning,Interview Prep,18,6
U02329,51,USA,Postgraduate,Data Science,Advanced,FutureLearn,Career Switch,11,30
U02330,21,UK,Student,Cybersecurity,Beginner,DataCamp,Certification,23,15
U02331,42,Germany,Postgraduate,Cloud,Beginner,FutureLearn,College Project,30,33
U02332,39,Germany,Postgraduate,Mobile,Intermediate,Coursera,Promotion,20,36
U02333,19,Australia,Graduate,Soft Skills,Advanced,DataCamp,Certification,8,1
U02334,37,UK,Student,Web,Beginner,Skillshare,Promotion,20,21
U02335,46,India,Graduate,Web,Intermediate,Skillshare,College Project,30,36
U02336,50,UK,Postgraduate,Web,Intermediate,Khan Academy,Promotion,20,29
U02337,41,USA,Student,Cybersecurity,Intermediate,LinkedIn Learning,Career Switch,12,13
U02338,37,Germany,Postgraduate,AI,Beginner,Skillshare,Certification,24,26
U02339,19,Germany,Postgraduate,Soft Skills,Beginner,edX,College Project,11,16
U02340,20,UK,Postgraduate,Cloud,Advanced,DataCamp,Career Switch,15,35
U02341,22,India,Graduate,Data Science,Advanced,Khan Academy,Upskilling,26,20
U02342,49,Canada,Student,Cloud,Advanced,Skillshare,Interview Prep,16,26
U02343,41,Australia,Graduate,Soft Skills,Intermediate,DataCamp,Career Switch,3,25
U02344,54,Germany,Student,Data Science,Advanced,edX,College Project,23,28
U02345,25,USA,Student,Data Science,Beginner,Udemy,College Project,24,43
U02346,27,Canada,Graduate,Soft Skills,Intermediate,LinkedIn Learning,Certification,26,14
U02347,40,USA,Postgraduate,Design,Advanced,LinkedIn Learning,Upskilling,25,44
U02348,39,Germany,Student,Cloud,Beginner,Udemy,Career Switch,15,37
U02349,29,Australia,Graduate,Programming,Intermediate,FutureLearn,Certification,8,15
U02350,31,India,Student,Cloud,Advanced,Udemy,Certification,14,38
U02351,46,Canada,Student,Cloud,Advanced,Skillshare,Interview Prep,8,29
U02352,36,Australia,Student,Cybersecurity,Intermediate,Coursera,Certification,9,14
U02353,29,Australia,Postgraduate,Cloud,Intermediate,Udemy,Promotion,13,47
U02354,46,India,Student,Cloud,Intermediate,LinkedIn Learning,Upskilling,16,5
U02355,22,Germany,Student,Business,Beginner,Khan Academy,Certification,5,35
U02356,35,UK,Graduate,Mobile,Beginner,LinkedIn Learning,Upskilling,21,39
U02357,37,Germany,Postgraduate,Data Science,Advanced,Khan Academy,Certification,19,47
U02358,18,USA,Graduate,Cybersecurity,Advanced,Skillshare,Promotion,15,33
U02359,45,USA,Graduate,Web,Intermediate,Coursera,Interview Prep,12,39
U02360,40,USA,Postgraduate,Mobile,Beginner,edX,Upskilling,19,19
U02361,38,USA,Postgraduate,Business,Advanced,Khan Academy,Upskilling,27,30
U02362,45,India,Postgraduate,Soft Skills,Beginner,LinkedIn Learning,College Project,16,46
U02363,22,Australia,Student,Mobile,Intermediate,FutureLearn,Promotion,9,43
U02364,38,Australia,Graduate,Soft Skills,Advanced,FutureLearn,Certification,15,23
U02365,52,USA,Postgraduate,AI,Beginner,Udemy,Upskilling,12,3
U02366,48,UK,Student,Web,Beginner,LinkedIn Learning,Promotion,17,9
U02367,49,Australia,Graduate,AI,Intermediate,Coursera,Upskilling,9,14
U02368,40,UK,Graduate,Web,Advanced,Udemy,Promotion,22,22
U02369,29,USA,Graduate,Soft Skills,Intermediate,Khan Academy,Interview Prep,11,7
U02370,49,Australia,Graduate,Programming,Advanced,Skillshare,Certification,2,37
U02371,47,USA,Graduate,Design,Advanced,LinkedIn Learning,Certification,21,11
U02372,53,Canada,Postgraduate,Soft Skills,Intermediate,Udemy,Interview Prep,12,17
U02373,36,India,Postgraduate,Design,Intermediate,Coursera,Certification,15,22
U02374,33,Germany,Postgraduate,Programming,Advanced,LinkedIn Learning,Career Switch,5,2
U02375,24,India,Postgraduate,Design,Advanced,LinkedIn Learning,Career Switch,20,45
U02376,33,Australia,Student,Cybersecurity,Beginner,LinkedIn Learning,Certification,7,23
U02377,44,Australia,Graduate,AI,Advanced,Udemy,Certification,9,37
U02378,20,Canada,Student,Design,Advanced,FutureLearn,Interview Prep,6,45
U02379,27,India,Graduate,Cybersecurity,Intermediate,FutureLearn,Career Switch,5,30
U02380,43,India,Postgraduate,Mobile,Advanced,Coursera,College Project,25,34
U02381,53,India,Student,Cybersecurity,Intermediate,LinkedIn Learning,College Project,9,45
U02382,29,Canada,Student,Business,Intermediate,Udemy,Interview Prep,27,8
U02383,29,Australia,Graduate,Design,Advanced,Skillshare,Career Switch,18,5
U02384,19,Australia,Graduate,Cloud,Advanced,LinkedIn Learning,Interview Prep,28,6
U02385,32,USA,Postgraduate,Cybersecurity,Advanced,Udemy,Interview Prep,9,5
U02386,34,Germany,Postgraduate,Design,Advanced,Skillshare,Career Switch,3,37
U02387,22,India,Postgraduate,Soft Skills,Advanced,Khan Academy,Promotion,10,9
U02388,49,India,Postgraduate,Business,Advanced,Skillshare,Career Switch,20,16
U02389,29,Canada,Student,Data Science,Intermediate,Coursera,College Project,13,35
U02390,55,India,Student,Programming,Beginner,Khan Academy,Interview Prep,7,24
U02391,39,Australia,Student,Programming,Advanced,edX,Interview Prep,26,1
U02392,54,India,Graduate,Mobile,Intermediate,FutureLearn,Interview Prep,26,14
U02393,51,Australia,Student,Web,Advanced,DataCamp,Certification,12,9
U02394,37,India,Student,AI,Beginner,edX,Certification,5,43
U02395,55,Australia,Graduate,Soft Skills,Intermediate,FutureLearn,College Project,8,29
U02396,21,USA,Postgraduate,Web,Advanced,Skillshare,Certification,22,47
U02397,22,Australia,Student,Soft Skills,Advanced,Skillshare,Upskilling,28,30
U02398,35,UK,Student,AI,Intermediate,DataCamp,Promotion,18,38
U02399,26,Germany,Graduate,Data Science,Advanced,Khan Academy,Certification,2,37
U02400,47,USA,Student,Mobile,Beginner,Khan Academy,College Project,4,32
U02401,26,UK,Student,Design,Advanced,Skillshare,Promotion,21,44
U02402,50,UK,Graduate,Data Science,Beginner,DataCamp,College Project,12,43
U02403,21,Australia,Graduate,AI,Intermediate,LinkedIn Learning,College Project,28,4
U02404,23,Canada,Student,Programming,Beginner,Coursera,Upskilling,21,17
U02405,45,India,Postgraduate,Design,Beginner,Udemy,Interview Prep,10,47
U02406,39,Australia,Student,Soft Skills,Beginner,DataCamp,Promotion,23,11
U02407,29,Australia,Postgraduate,Data Science,Beginner,Khan Academy,Interview Prep,6,49
U02408,40,USA,Graduate,AI,Intermediate,Udemy,Upskilling,20,11
U02409,32,India,Postgraduate,Cloud,Intermediate,DataCamp,College Project,16,7
U02410,47,Germany,Postgraduate,Mobile,Beginner,edX,Promotion,23,45
U02411,50,UK,Graduate,Business,Beginner,DataCamp,Upskilling,21,30
U02412,44,Australia,Postgraduate,Cybersecurity,Advanced,edX,Career Switch,14,4
U02413,42,USA,Graduate,Cybersecurity,Beginner,edX,Upskilling,26,6
U02414,27,Germany,Student,Cybersecurity,Beginner,Khan Academy,College Project,13,0
U02415,46,UK,Student,Cloud,Beginner,Coursera,Interview Prep,18,41
U02416,28,Canada,Student,Programming,Intermediate,Skillshare,Career Switch,20,9
U02417,52,UK,Postgraduate,Soft Skills,Intermediate,DataCamp,Upskilling,17,1
U02418,23,Canada,Postgraduate,Cloud,Advanced,LinkedIn Learning,Interview Prep,28,15
U02419,47,USA,Postgraduate,Cloud,Beginner,edX,Career Switch,29,20
U02420,51,Australia,Graduate,AI,Beginner,Khan Academy,Upskilling,16,28
U02421,31,Germany,Student,Cybersecurity,Intermediate,LinkedIn Learning,College Project,8,5
U02422,41,Germany,Graduate,Design,Beginner,Udemy,College Project,24,0
U02423,28,UK,Student,Web,Intermediate,Skillshare,College Project,3,1
U02424,21,USA,Student,AI,Intermediate,FutureLearn,Promotion,20,4
U02425,23,Australia,Postgraduate,Design,Intermediate,LinkedIn Learning,Promotion,15,35
U02426,49,USA,Graduate,Programming,Advanced,Udemy,College Project,18,28
U02427,41,Canada,Student,Web,Advanced,LinkedIn Learning,Upskilling,20,12
U02428,39,Australia,Student,Cybersecurity,Beginner,Khan Academy,Promotion,20,43
U02429,26,UK,Postgraduate,Mobile,Advanced,edX,Interview Prep,22,38
U02430,37,India,Graduate,Web,Advanced,FutureLearn,College Project,3,25
U02431,42,India,Student,Programming,Advanced,edX,Career Switch,11,49
U02432,18,India,Postgraduate,Soft Skills,Intermediate,Khan Academy,Upskilling,5,18
U02433,30,India,Graduate,Cybersecurity,Advanced,DataCamp,Certification,11,34
U02434,37,USA,Postgraduate,Mobile,Intermediate,FutureLearn,Upskilling,29,17
U02435,19,Canada,Postgraduate,Cybersecurity,Intermediate,Udemy,Career Switch,29,30
U02436,44,Australia,Postgraduate,Business,Advanced,edX,Upskilling,12,18
U02437,55,Germany,Postgraduate,Soft Skills,Beginner,Coursera,College Project,12,36
U02438,37,India,Student,Data Science,Advanced,Coursera,Career Switch,13,34
U02439,30,UK,Graduate,Soft Skills,Beginner,Khan Academy,Interview Prep,20,0
U02440,40,UK,Graduate,Soft Skills,Advanced,edX,Career Switch,24,30
U02441,46,India,Student,AI,Advanced,FutureLearn,Promotion,28,22
U02442,54,Germany,Graduate,Soft Skills,Advanced,Khan Academy,Career Switch,14,27
U02443,34,Canada,Student,Programming,Beginner,Skillshare,Certification,20,30
U02444,24,Canada,Postgraduate,AI,Intermediate,FutureLearn,Promotion,16,40
U02445,50,Australia,Student,Data Science,Advanced,DataCamp,Interview Prep,9,50
U02446,30,USA,Student,Web,Intermediate,Coursera,College Project,13,43
U02447,54,India,Graduate,Programming,Beginner,DataCamp,Career Switch,29,45
U02448,20,Germany,Postgraduate,AI,Advanced,Coursera,Upskilling,15,3
U02449,46,USA,Graduate,Cybersecurity,Intermediate,LinkedIn Learning,College Project,18,12
U02450,54,Germany,Postgraduate,Mobile,Intermediate,Khan Academy,Career Switch,18,38
U02451,36,Australia,Student,Web,Beginner,edX,College Project,13,36
U02452,28,Australia,Student,Data Science,Intermediate,FutureLearn,Certification,7,29
U02453,44,UK,Postgraduate,Data Science,Advanced,Coursera,Interview Prep,24,34
U02454,26,India,Postgraduate,Business,Advanced,Coursera,Career Switch,11,12
U02455,48,Canada,Postgraduate,Soft Skills,Beginner,Udemy,Interview Prep,29,36
U02456,40,Australia,Graduate,Soft Skills,Advanced,Udemy,Promotion,17,40
U02457,29,Australia,Student,AI,Advanced,edX,Promotion,17,39
U02458,47,USA,Postgraduate,Programming,Advanced,edX,Upskilling,3,36
U02459,22,Canada,Student,Design,Beginner,Coursera,Upskilling,17,6
U02460,46,USA,Student,Programming,Intermediate,edX,Interview Prep,27,24
U02461,40,India,Postgraduate,Design,Advanced,Skillshare,Interview Prep,21,33
U02462,53,Australia,Postgraduate,AI,Intermediate,Udemy,Interview Prep,23,49
U02463,40,UK,Postgraduate,Soft Skills,Advanced,Khan Academy,Interview Prep,21,40
U02464,47,Australia,Graduate,AI,Intermediate,DataCamp,Career Switch,28,33
U02465,55,USA,Student,AI,Intermediate,DataCamp,College Project,13,0
U02466,31,USA,Graduate,AI,Intermediate,Udemy,Interview Prep,28,33
U02467,38,India,Student,Programming,Beginner,edX,Upskilling,14,48
U02468,51,Germany,Student,AI,Intermediate,FutureLearn,Upskilling,30,48
U02469,40,Germany,Student,Design,Beginner,LinkedIn Learning,Upskilling,23,3
U02470,21,UK,Graduate,Mobile,Beginner,Khan Academy,Certification,23,39
U02471,54,India,Postgraduate,Programming,Advanced,Coursera,College Project,26,49
U02472,51,Germany,Student,Programming,Beginner,LinkedIn Learning,College Project,12,3
U02473,37,UK,Graduate,Business,Beginner,Udemy,Career Switch,12,6
U02474,41,India,Postgraduate,Business,Intermediate,Skillshare,Promotion,22,8
U02475,54,Australia,Student,Soft Skills,Advanced,DataCamp,Promotion,8,21
U02476,48,India,Student,Cloud,Advanced,Coursera,Certification,28,23
U02477,28,Canada,Graduate,Data Science,Beginner,edX,Interview Prep,29,12
U02478,54,USA,Graduate,AI,Intermediate,Skillshare,Upskilling,16,34
U02479,47,USA,Graduate,Mobile,Advanced,LinkedIn Learning,Interview Prep,5,30
U02480,45,Germany,Postgraduate,Business,Intermediate,LinkedIn Learning,Certification,14,35
U02481,28,India,Student,Programming,Advanced,edX,College Project,24,20
U02482,18,Canada,Postgraduate,Cybersecurity,Intermediate,Udemy,Interview Prep,20,32
U02483,53,UK,Student,Business,Advanced,LinkedIn Learning,College Project,13,14
U02484,35,USA,Student,Business,Beginner,Skillshare,Career Switch,2,8
U02485,27,UK,Graduate,Soft Skills,Beginner,Khan Academy,College Project,8,34
U02486,52,Canada,Graduate,Design,Beginner,Udemy,Upskilling,14,0
U02487,33,India,Graduate,Business,Intermediate,FutureLearn,College Project,30,12
U02488,36,USA,Graduate,AI,Intermediate,Udemy,Upskilling,11,9
U02489,28,UK,Postgraduate,Mobile,Beginner,edX,College Project,20,41
U02490,42,Canada,Graduate,AI,Advanced,edX,Promotion,27,29
U02491,50,UK,Student,Web,Advanced,Skillshare,College Project,23,36
U02492,46,UK,Student,Mobile,Advanced,FutureLearn,Certification,7,9
U02493,49,UK,Graduate,AI,Intermediate,Skillshare,College Project,8,41
U02494,44,USA,Postgraduate,Data Science,Advanced,edX,Career Switch,6,14
U02495,45,India,Student,Data Science,Beginner,LinkedIn Learning,Promotion,3,21
U02496,47,USA,Student,Soft Skills,Advanced,edX,Career Switch,30,2
U02497,44,Canada,Graduate,Cloud,Intermediate,Skillshare,College Project,29,15
U02498,34,UK,Postgraduate,Web,Intermediate,Skillshare,Interview Prep,4,43
U02499,47,Canada,Student,Data Science,Intermediate,FutureLearn,Certification,14,27
U02500,32,UK,Postgraduate,Design,Beginner,Coursera,Interview Prep,2,18
U02501,53,India,Graduate,Business,Beginner,Skillshare,College Project,17,48
U02502,20,Germany,Student,Design,Advanced,Coursera,Career Switch,11,26
U02503,44,Germany,Student,Programming,Beginner,Khan Academy,Certification,11,5
U02504,23,Canada,Student,Soft Skills,Advanced,LinkedIn Learning,Upskilling,27,4
U02505,52,Canada,Student,Mobile,Intermediate,LinkedIn Learning,Upskilling,13,38
U02506,31,UK,Postgraduate,AI,Intermediate,LinkedIn Learning,Interview Prep,18,25
U02507,34,Canada,Postgraduate,Business,Advanced,Coursera,College Project,9,29
U02508,47,Germany,Student,Soft Skills,Intermediate,FutureLearn,College Project,14,27
U02509,33,Germany,Graduate,Business,Advanced,edX,Career Switch,10,48
U02510,23,USA,Postgraduate,Data Science,Advanced,Udemy,Interview Prep,30,46
U02511,28,Canada,Graduate,Soft Skills,Advanced,DataCamp,Certification,20,27
U02512,24,Germany,Postgraduate,AI,Advanced,Udemy,Upskilling,22,35
U02513,53,UK,Graduate,Web,Advanced,DataCamp,Promotion,18,20
U02514,52,Germany,Graduate,Cloud,Intermediate,FutureLearn,Upskilling,29,27
U02515,53,Australia,Postgraduate,AI,Advanced,FutureLearn,Promotion,29,10
U02516,41,Germany,Student,Mobile,Advanced,Skillshare,Certification,13,25
U02517,27,USA,Graduate,Design,Beginner,edX,Upskilling,14,41
U02518,40,USA,Postgraduate,Mobile,Intermediate,FutureLearn,College Project,11,10
U02519,42,USA,Postgraduate,Programming,Intermediate,Khan Academy,Upskilling,4,33
U02520,22,USA,Student,Design,Advanced,Coursera,Upskilling,15,6
U02521,52,India,Student,Mobile,Intermediate,Udemy,Upskilling,21,30
U02522,42,India,Graduate,Design,Advanced,DataCamp,College Project,20,6
U02523,43,USA,Student,Soft Skills,Advanced,Udemy,Interview Prep,27,26
U02524,45,Australia,Student,Programming,Beginner,Coursera,Certification,2,35
U02525,45,Canada,Postgraduate,Data Science,Beginner,Khan Academy,Upskilling,16,15
U02526,47,UK,Postgraduate,Cybersecurity,Intermediate,Skillshare,College Project,7,4
U02527,48,UK,Postgraduate,Soft Skills,Intermediate,Udemy,Certification,20,21
U02528,39,Germany,Student,Web,Beginner,Udemy,Promotion,28,3
U02529,52,Australia,Graduate,Web,Beginner,Udemy,College Project,19,41
U02530,54,USA,Graduate,Soft Skills,Advanced,Skillshare,Career Switch,7,26
U02531,35,UK,Student,Programming,Intermediate,FutureLearn,Promotion,30,14
U02532,28,USA,Graduate,Design,Intermediate,Coursera,Promotion,15,7
U02533,34,USA,Postgraduate,Programming,Intermediate,Khan Academy,Career Switch,9,39
U02534,42,Germany,Graduate,Soft Skills,Intermediate,LinkedIn Learning,Certification,5,24
U02535,37,India,Student,Business,Beginner,FutureLearn,Interview Prep,28,45
U02536,44,Germany,Postgraduate,Programming,Intermediate,DataCamp,Career Switch,24,12
U02537,32,Germany,Student,Business,Intermediate,Coursera,Upskilling,16,16
U02538,21,India,Student,Web,Intermediate,Khan Academy,Interview Prep,19,1
U02539,23,Australia,Graduate,AI,Advanced,Coursera,Promotion,19,27
U02540,44,USA,Postgraduate,Mobile,Intermediate,FutureLearn,Upskilling,10,44
U02541,37,USA,Graduate,Business,Intermediate,Skillshare,College Project,8,39
U02542,28,Australia,Postgraduate,Soft Skills,Beginner,Khan Academy,Promotion,20,8
U02543,20,Australia,Postgraduate,Cybersecurity,Intermediate,edX,Interview Prep,21,33
U02544,27,Canada,Graduate,Web,Intermediate,Udemy,College Project,24,40
U02545,49,Germany,Postgraduate,Data Science,Intermediate,Khan Academy,Upskilling,19,40
U02546,21,Germany,Graduate,Business,Intermediate,Khan Academy,Upskilling,24,40
U02547,19,India,Postgraduate,Design,Intermediate,Khan Academy,Upskilling,23,35
U02548,49,Australia,Graduate,Cybersecurity,Beginner,Udemy,College Project,2,22
U02549,41,UK,Postgraduate,AI,Advanced,Khan Academy,College Project,21,19
U02550,25,UK,Graduate,Cybersecurity,Advanced,Coursera,College Project,13,47
U02551,22,Germany,Postgraduate,Cybersecurity,Intermediate,DataCamp,Upskilling,7,31
U02552,46,UK,Student,Mobile,Beginner,Coursera,Upskilling,28,12
U02553,35,Canada,Postgraduate,Mobile,Advanced,FutureLearn,Certification,6,30
U02554,40,USA,Graduate,Business,Intermediate,FutureLearn,Interview Prep,25,45
U02555,49,UK,Graduate,AI,Advanced,Skillshare,Certification,21,41
U02556,42,USA,Student,Soft Skills,Intermediate,DataCamp,College Project,15,30
U02557,41,USA,Postgraduate,Mobile,Intermediate,LinkedIn Learning,Promotion,13,22
U02558,26,UK,Postgraduate,Business,Advanced,Udemy,Interview Prep,3,16
U02559,50,Canada,Graduate,Business,Intermediate,Udemy,Upskilling,16,29
U02560,18,UK,Student,Cybersecurity,Advanced,Skillshare,Upskilling,29,17
U02561,48,India,Postgraduate,Cybersecurity,Beginner,LinkedIn Learning,Promotion,11,23
U02562,40,USA,Graduate,Design,Beginner,LinkedIn Learning,College Project,27,2
U02563,43,UK,Postgraduate,Soft Skills,Intermediate,Khan Academy,Career Switch,21,42
U02564,25,UK,Graduate,Business,Intermediate,Khan Academy,Upskilling,3,28
U02565,43,Canada,Postgraduate,Web,Advanced,Skillshare,Career Switch,16,45
U02566,35,Germany,Postgraduate,Design,Advanced,Skillshare,Interview Prep,2,12
U02567,33,India,Student,Data Science,Beginner,Coursera,Career Switch,15,4
U02568,38,USA,Student,Mobile,Advanced,edX,Promotion,12,48
U02569,48,Germany,Postgraduate,Web,Advanced,DataCamp,College Project,27,18
U02570,51,Australia,Postgraduate,Web,Intermediate,FutureLearn,Upskilling,17,25
U02571,47,USA,Student,AI,Beginner,Skillshare,Promotion,25,49
U02572,33,USA,Student,Cybersecurity,Advanced,edX,Upskilling,5,34
U02573,34,India,Graduate,AI,Beginner,Khan Academy,College Project,11,34
U02574,37,Germany,Student,Cybersecurity,Intermediate,DataCamp,Promotion,29,1
U02575,47,USA,Student,AI,Advanced,Khan Academy,College Project,6,21
U02576,46,Germany,Graduate,Web,Beginner,Skillshare,Interview Prep,14,5
U02577,52,Canada,Student,Web,Intermediate,Khan Academy,Upskilling,16,8
U02578,18,UK,Student,Programming,Advanced,Udemy,Certification,26,35
U02579,49,Australia,Graduate,Business,Advanced,Skillshare,Upskilling,29,22
U02580,51,Germany,Student,Design,Beginner,Skillshare,College Project,17,31
U02581,29,UK,Graduate,Design,Intermediate,LinkedIn Learning,Interview Prep,6,8
U02582,31,India,Student,AI,Intermediate,FutureLearn,Career Switch,4,27
U02583,20,India,Postgraduate,Soft Skills,Intermediate,LinkedIn Learning,Certification,16,46
U02584,40,Australia,Graduate,Business,Beginner,Coursera,Certification,2,30
U02585,48,UK,Student,AI,Intermediate,edX,Interview Prep,17,0
U02586,54,USA,Student,Design,Intermediate,Udemy,College Project,24,13
U02587,24,Australia,Postgraduate,AI,Beginner,Khan Academy,Upskilling,28,10
U02588,35,Germany,Student,Data Science,Intermediate,FutureLearn,Career Switch,6,0
U02589,18,UK,Student,Soft Skills,Beginner,Khan Academy,Career Switch,8,21
U02590,27,India,Graduate,Programming,Advanced,edX,Certification,28,15
U02591,22,Australia,Student,Data Science,Advanced,LinkedIn Learning,Promotion,4,43
U02592,48,Australia,Postgraduate,AI,Advanced,Udemy,Promotion,5,15
U02593,43,India,Student,Business,Intermediate,Khan Academy,Certification,3,0
U02594,26,Australia,Graduate,Web,Advanced,LinkedIn Learning,Upskilling,15,46
U02595,49,Australia,Student,Mobile,Intermediate,Udemy,Career Switch,16,2
U02596,50,India,Postgraduate,Cybersecurity,Beginner,Coursera,Certification,12,27
U02597,42,India,Graduate,Cybersecurity,Beginner,DataCamp,Upskilling,27,14
U02598,51,Australia,Graduate,Business,Intermediate,Coursera,Upskilling,22,17
U02599,45,Canada,Postgraduate,Soft Skills,Intermediate,FutureLearn,Career Switch,20,25
U02600,33,Canada,Graduate,Design,Intermediate,FutureLearn,Upskilling,3,1
U02601,55,Australia,Graduate,Programming,Beginner,LinkedIn Learning,Promotion,24,18
U02602,36,Australia,Graduate,Cloud,Beginner,Skillshare,College Project,20,1
U02603,55,India,Postgraduate,Business,Advanced,LinkedIn Learning,Upskilling,17,19
U02604,45,UK,Student,Design,Advanced,LinkedIn Learning,Promotion,24,18
U02605,22,USA,Postgraduate,Design,Advanced,DataCamp,Certification,16,37
U02606,55,India,Graduate,Soft Skills,Beginner,edX,Promotion,10,38
U02607,25,UK,Graduate,Web,Intermediate,edX,Interview Prep,16,35
U02608,26,India,Postgraduate,Business,Intermediate,LinkedIn Learning,Career Switch,27,22
U02609,47,UK,Postgraduate,Data Science,Advanced,Skillshare,Interview Prep,3,12
U02610,55,Germany,Student,Programming,Advanced,Skillshare,Career Switch,25,48
U02611,39,Germany,Postgraduate,Business,Beginner,edX,Career Switch,12,44
U02612,29,Australia,Student,Programming,Intermediate,Skillshare,Interview Prep,20,9
U02613,50,USA,Student,Business,Intermediate,edX,Upskilling,11,42
U02614,43,Germany,Graduate,Data Science,Beginner,edX,Career Switch,22,44
U02615,40,Canada,Graduate,Business,Intermediate,edX,Career Switch,3,37
U02616,51,Canada,Postgraduate,Design,Beginner,Coursera,Interview Prep,24,27
U02617,46,USA,Student,Cloud,Advanced,Khan Academy,Interview Prep,6,21
U02618,26,USA,Student,Web,Intermediate,FutureLearn,Interview Prep,17,46
U02619,43,UK,Graduate,Data Science,Intermediate,Udemy,Career Switch,7,9
U02620,48,India,Postgraduate,Cloud,Intermediate,Khan Academy,Certification,11,1
U02621,40,Australia,Student,Soft Skills,Beginner,LinkedIn Learning,Promotion,4,45
U02622,42,Canada,Graduate,AI,Intermediate,Coursera,College Project,30,40
U02623,20,India,Graduate,Data Science,Advanced,edX,College Project,7,9
U02624,51,UK,Postgraduate,Design,Advanced,Skillshare,Interview Prep,6,50
U02625,42,Australia,Graduate,Data Science,Beginner,Udemy,Interview Prep,28,15
U02626,38,Australia,Student,Programming,Intermediate,edX,Interview Prep,10,9
U02627,29,UK,Student,Mobile,Beginner,Coursera,Interview Prep,13,23
U02628,29,Australia,Postgraduate,Programming,Beginner,Skillshare,Career Switch,24,3
U02629,20,USA,Student,Business,Advanced,LinkedIn Learning,Upskilling,29,50
U02630,23,Canada,Postgraduate,Cloud,Beginner,Skillshare,Career Switch,16,42
U02631,30,USA,Postgraduate,AI,Beginner,DataCamp,Promotion,21,19
U02632,34,USA,Graduate,Business,Beginner,edX,Promotion,19,38
U02633,37,India,Graduate,Cybersecurity,Intermediate,DataCamp,Interview Prep,9,45
U02634,24,Germany,Graduate,Soft Skills,Beginner,LinkedIn Learning,Upskilling,29,20
U02635,44,Canada,Student,Design,Intermediate,LinkedIn Learning,Promotion,15,7
U02636,18,UK,Graduate,Mobile,Beginner,edX,Certification,12,16
U02637,33,Canada,Postgraduate,Soft Skills,Beginner,Udemy,Career Switch,22,28
U02638,29,UK,Student,Data Science,Advanced,edX,Career Switch,7,28
U02639,36,Canada,Graduate,Soft Skills,Beginner,edX,Upskilling,25,28
U02640,37,Australia,Postgraduate,Web,Intermediate,edX,Promotion,25,27
U02641,51,UK,Student,Cybersecurity,Beginner,Udemy,Promotion,13,18
U02642,33,UK,Student,Soft Skills,Beginner,Skillshare,College Project,16,39
U02643,31,Canada,Graduate,Web,Advanced,DataCamp,Career Switch,24,13
U02644,36,Canada,Student,Mobile,Advanced,Khan Academy,College Project,15,24
U02645,34,USA,Student,Cloud,Beginner,edX,Certification,21,49
U02646,22,India,Student,AI,Advanced,Khan Academy,Upskilling,16,19
U02647,20,UK,Graduate,Programming,Beginner,Coursera,Promotion,2,41
U02648,55,Australia,Postgraduate,Mobile,Advanced,Coursera,Promotion,26,44
U02649,42,Australia,Student,Cloud,Beginner,Skillshare,College Project,26,34
U02650,49,Australia,Postgraduate,AI,Beginner,Udemy,Upskilling,28,4
U02651,40,Germany,Student,Cybersecurity,Advanced,Coursera,Certification,26,36
U02652,39,UK,Student,Design,Beginner,Coursera,Interview Prep,13,40
U02653,19,India,Postgraduate,Soft Skills,Beginner,Skillshare,Upskilling,13,42
U02654,37,Canada,Graduate,Data Science,Intermediate,FutureLearn,Upskilling,24,31
U02655,22,Australia,Graduate,Cloud,Advanced,FutureLearn,College Project,25,41
U02656,43,UK,Student,Business,Beginner,edX,Career Switch,13,16
U02657,31,Australia,Student,Soft Skills,Advanced,Skillshare,College Project,30,41
U02658,44,India,Graduate,Data Science,Intermediate,LinkedIn Learning,Career Switch,11,14
U02659,36,Australia,Postgraduate,Design,Intermediate,LinkedIn Learning,Career Switch,30,37
U02660,33,Canada,Student,Programming,Intermediate,FutureLearn,Promotion,14,30
U02661,31,USA,Postgraduate,Web,Advanced,Khan Academy,Interview Prep,14,7
U02662,28,India,Graduate,Cloud,Advanced,Skillshare,Interview Prep,6,40
U02663,49,Australia,Graduate,Design,Beginner,Khan Academy,Career Switch,16,50
U02664,21,India,Postgraduate,Cloud,Advanced,Khan Academy,Certification,11,46
U02665,28,Canada,Postgraduate,Design,Intermediate,Khan Academy,Certification,10,21
U02666,51,UK,Postgraduate,Cybersecurity,Advanced,DataCamp,Promotion,30,32
U02667,24,USA,Postgraduate,Data Science,Intermediate,Coursera,Upskilling,29,34
U02668,19,Australia,Graduate,Web,Intermediate,LinkedIn Learning,College Project,17,0
U02669,48,UK,Student,Cloud,Intermediate,FutureLearn,Certification,11,34
U02670,51,Germany,Postgraduate,Soft Skills,Beginner,FutureLearn,Certification,13,35
U02671,54,USA,Graduate,Business,Intermediate,Coursera,Career Switch,8,44
U02672,43,Germany,Graduate,Mobile,Intermediate,DataCamp,Upskilling,6,4
U02673,27,Germany,Postgraduate,AI,Intermediate,Skillshare,Upskilling,13,21
U02674,55,Canada,Student,Web,Advanced,DataCamp,Career Switch,27,48
U02675,31,India,Student,Cloud,Beginner,Skillshare,Promotion,22,13
U02676,42,USA,Student,Design,Beginner,FutureLearn,Upskilling,19,34
U02677,27,Germany,Student,Web,Intermediate,DataCamp,Interview Prep,20,15
U02678,26,USA,Postgraduate,AI,Beginner,FutureLearn,Interview Prep,8,10
U02679,32,USA,Graduate,Cybersecurity,Advanced,LinkedIn Learning,College Project,5,49
U02680,24,Germany,Graduate,Cloud,Beginner,LinkedIn Learning,Upskilling,7,50
U02681,48,Canada,Postgraduate,Soft Skills,Intermediate,Skillshare,Interview Prep,18,8
U02682,47,Canada,Postgraduate,Web,Beginner,LinkedIn Learning,Upskilling,25,44
U02683,21,Canada,Student,Data Science,Intermediate,LinkedIn Learning,Upskilling,18,7
U02684,18,Germany,Postgraduate,Cybersecurity,Beginner,Coursera,Upskilling,24,27
U02685,52,Germany,Student,Programming,Advanced,DataCamp,Interview Prep,20,45
U02686,40,USA,Graduate,Business,Advanced,Khan Academy,Promotion,14,29
U02687,32,Australia,Graduate,Business,Advanced,Khan Academy,Interview Prep,24,47
U02688,34,India,Graduate,Cloud,Advanced,Coursera,Interview Prep,27,12
U02689,26,UK,Student,Mobile,Beginner,edX,College Project,20,50
U02690,28,UK,Postgraduate,Cloud,Intermediate,LinkedIn Learning,Certification,12,10
U02691,53,Australia,Postgraduate,Design,Advanced,FutureLearn,Promotion,11,31
U02692,40,India,Student,Cloud,Advanced,Skillshare,Career Switch,30,49
U02693,31,Canada,Student,Data Science,Intermediate,Udemy,Upskilling,10,22
U02694,33,Canada,Student,Mobile,Intermediate,Coursera,College Project,3,38
U02695,49,Germany,Graduate,Business,Advanced,Coursera,Certification,28,3
U02696,34,Australia,Student,Cloud,Intermediate,FutureLearn,Career Switch,11,37
U02697,42,India,Student,Cloud,Intermediate,Coursera,Certification,25,17
U02698,33,USA,Student,Cloud,Beginner,Khan Academy,Interview Prep,4,4
U02699,52,USA,Graduate,Soft Skills,Advanced,Udemy,Certification,27,25
U02700,45,Germany,Postgraduate,Cybersecurity,Advanced,Udemy,College Project,19,20
U02701,34,Germany,Graduate,Web,Beginner,Coursera,College Project,10,17
U02702,21,USA,Graduate,Data Science,Advanced,Khan Academy,Upskilling,17,9
U02703,27,UK,Postgraduate,Programming,Intermediate,Coursera,College Project,6,5
U02704,28,UK,Graduate,Programming,Beginner,Khan Academy,Interview Prep,29,36
U02705,42,Canada,Graduate,Soft Skills,Intermediate,FutureLearn,Interview Prep,18,29
U02706,22,UK,Postgraduate,Business,Intermediate,LinkedIn Learning,Promotion,6,12
U02707,33,India,Postgraduate,Design,Advanced,LinkedIn Learning,College Project,24,21
U02708,39,India,Student,Programming,Advanced,DataCamp,Upskilling,6,30
U02709,47,USA,Postgraduate,Soft Skills,Beginner,edX,Promotion,10,16
U02710,35,India,Graduate,Mobile,Intermediate,FutureLearn,Interview Prep,2,33
U02711,23,Canada,Graduate,AI,Intermediate,LinkedIn Learning,Promotion,19,9
U02712,47,Australia,Postgraduate,Cloud,Intermediate,FutureLearn,Certification,16,13
U02713,45,India,Student,Mobile,Intermediate,DataCamp,College Project,14,12
U02714,48,UK,Postgraduate,Cloud,Intermediate,LinkedIn Learning,Promotion,7,39
U02715,50,Canada,Student,Cloud,Beginner,Skillshare,Certification,11,3
U02716,29,USA,Student,Data Science,Beginner,LinkedIn Learning,Career Switch,21,18
U02717,52,UK,Student,Soft Skills,Advanced,Udemy,Promotion,22,9
U02718,37,Australia,Postgraduate,AI,Intermediate,Skillshare,Interview Prep,26,40
U02719,48,Germany,Graduate,Mobile,Beginner,Coursera,College Project,10,0
U02720,38,Canada,Postgraduate,Mobile,Beginner,Khan Academy,Career Switch,28,46
U02721,38,Australia,Postgraduate,Cybersecurity,Intermediate,edX,College Project,13,5
U02722,52,UK,Student,Soft Skills,Beginner,Khan Academy,Promotion,20,30
U02723,27,India,Postgraduate,Cybersecurity,Beginner,FutureLearn,Interview Prep,8,21
U02724,29,USA,Student,Mobile,Advanced,Skillshare,College Project,5,30
U02725,21,Australia,Graduate,Business,Beginner,edX,Promotion,28,45
U02726,39,India,Postgraduate,Data Science,Intermediate,Skillshare,Promotion,4,21
U02727,29,Australia,Student,Programming,Advanced,Skillshare,Promotion,27,4
U02728,23,UK,Student,Soft Skills,Intermediate,Udemy,Upskilling,14,26
U02729,19,Canada,Postgraduate,Cybersecurity,Beginner,Khan Academy,Interview Prep,3,28
U02730,20,Australia,Student,Web,Advanced,FutureLearn,Certification,7,39
U02731,33,UK,Graduate,Soft Skills,Advanced,Coursera,Upskilling,2,3
U02732,26,Canada,Graduate,Cybersecurity,Intermediate,Coursera,Career Switch,25,30
U02733,53,India,Graduate,Cloud,Advanced,edX,College Project,3,31
U02734,55,Canada,Postgraduate,Design,Intermediate,Udemy,Upskilling,19,30
U02735,47,USA,Student,Cloud,Intermediate,Coursera,Interview Prep,11,35
U02736,32,UK,Student,Cybersecurity,Beginner,Coursera,College Project,11,2
U02737,25,Australia,Student,Web,Advanced,DataCamp,Upskilling,8,28
U02738,47,Germany,Graduate,Programming,Beginner,Khan Academy,Interview Prep,21,28
U02739,27,USA,Postgraduate,Mobile,Intermediate,DataCamp,Certification,14,33
U02740,21,USA,Postgraduate,Programming,Advanced,DataCamp,Upskilling,20,24
U02741,53,India,Student,Data Science,Intermediate,DataCamp,College Project,10,10
U02742,24,Australia,Student,Soft Skills,Beginner,Khan Academy,College Project,23,42
U02743,25,India,Graduate,Mobile,Advanced,Khan Academy,Career Switch,7,3
U02744,28,Canada,Postgraduate,Cloud,Beginner,FutureLearn,Upskilling,17,17
U02745,24,UK,Postgraduate,Soft Skills,Intermediate,FutureLearn,Certification,12,25
U02746,45,India,Postgraduate,AI,Intermediate,Coursera,College Project,19,14
U02747,54,Canada,Graduate,Design,Advanced,edX,College Project,11,15
U02748,32,Canada,Graduate,Design,Beginner,edX,Upskilling,21,48
U02749,42,Germany,Postgraduate,Web,Advanced,DataCamp,Certification,11,10
U02750,40,UK,Student,Programming,Beginner,Udemy,Upskilling,27,17
U02751,23,USA,Student,Data Science,Advanced,Coursera,Upskilling,9,0
U02752,45,Canada,Postgraduate,Design,Advanced,DataCamp,Upskilling,14,9
U02753,50,UK,Student,Design,Beginner,Skillshare,Certification,16,46
U02754,21,Germany,Student,Mobile,Beginner,Khan Academy,Certification,20,4
U02755,54,USA,Graduate,Design,Intermediate,edX,College Project,20,45
U02756,39,Australia,Graduate,Web,Intermediate,edX,Promotion,23,35
U02757,43,Germany,Graduate,Web,Beginner,LinkedIn Learning,College Project,28,42
U02758,54,Canada,Postgraduate,Cybersecurity,Beginner,edX,Career Switch,10,3
U02759,42,USA,Graduate,Web,Intermediate,edX,Certification,8,32
U02760,28,USA,Graduate,Business,Intermediate,FutureLearn,Upskilling,18,27
U02761,51,USA,Graduate,Soft Skills,Beginner,FutureLearn,Interview Prep,19,27
U02762,18,USA,Graduate,Mobile,Intermediate,Khan Academy,Promotion,30,22
U02763,41,USA,Graduate,AI,Intermediate,LinkedIn Learning,Career Switch,9,46
U02764,23,USA,Graduate,Data Science,Beginner,Khan Academy,Upskilling,28,6
U02765,40,Australia,Graduate,Data Science,Beginner,Coursera,Promotion,3,12
U02766,41,Canada,Postgraduate,AI,Advanced,Skillshare,Certification,25,27
U02767,42,Germany,Postgraduate,AI,Advanced,FutureLearn,Upskilling,6,16
U02768,34,India,Student,Mobile,Intermediate,Udemy,Promotion,24,4
U02769,42,India,Postgraduate,AI,Intermediate,edX,Promotion,30,4
U02770,46,USA,Student,Business,Beginner,Coursera,Career Switch,17,12
U02771,29,Canada,Student,Business,Beginner,edX,Upskilling,2,21
U02772,55,Australia,Student,AI,Beginner,LinkedIn Learning,Upskilling,23,39
U02773,43,USA,Graduate,Soft Skills,Beginner,Coursera,College Project,28,20
U02774,38,USA,Postgraduate,Cloud,Advanced,Udemy,Upskilling,28,27
U02775,38,India,Student,Business,Beginner,Khan Academy,Promotion,4,40
U02776,42,USA,Postgraduate,Programming,Advanced,FutureLearn,Certification,14,1
U02777,41,Australia,Postgraduate,Data Science,Intermediate,Khan Academy,Upskilling,12,7
U02778,52,Germany,Student,Programming,Intermediate,edX,Promotion,17,6
U02779,25,UK,Student,Cybersecurity,Advanced,FutureLearn,Upskilling,22,14
U02780,29,Australia,Student,Data Science,Intermediate,Coursera,College Project,30,5
U02781,43,UK,Postgraduate,Business,Intermediate,FutureLearn,Promotion,21,25
U02782,39,USA,Graduate,Data Science,Advanced,DataCamp,College Project,4,23
U02783,47,Canada,Student,AI,Intermediate,Khan Academy,Career Switch,23,17
U02784,20,UK,Postgraduate,Programming,Intermediate,edX,Interview Prep,6,48
U02785,44,USA,Student,Business,Beginner,Coursera,Upskilling,2,14
U02786,45,Australia,Graduate,Mobile,Beginner,edX,Interview Prep,3,48
U02787,54,Germany,Postgraduate,Data Science,Intermediate,Udemy,Career Switch,23,27
U02788,35,India,Student,Business,Advanced,Udemy,Career Switch,3,33
U02789,43,Germany,Student,Web,Advanced,Khan Academy,Certification,29,5
U02790,51,India,Postgraduate,Programming,Intermediate,Coursera,Upskilling,3,50
U02791,44,Australia,Postgraduate,Cybersecurity,Beginner,LinkedIn Learning,Career Switch,29,4
U02792,19,India,Student,Web,Beginner,Khan Academy,Promotion,29,48
U02793,27,Australia,Postgraduate,AI,Beginner,LinkedIn Learning,Career Switch,10,50
U02794,52,Canada,Student,Web,Beginner,Coursera,Certification,28,6
U02795,45,Germany,Postgraduate,Business,Beginner,Khan Academy,Career Switch,3,26
U02796,53,Germany,Postgraduate,Programming,Advanced,Coursera,Certification,8,37
U02797,47,India,Graduate,Business,Intermediate,FutureLearn,Promotion,7,6
U02798,38,India,Postgraduate,Web,Advanced,LinkedIn Learning,College Project,8,29
U02799,49,India,Student,Data Science,Intermediate,LinkedIn Learning,Upskilling,24,42
U02800,30,Australia,Graduate,AI,Beginner,Udemy,Certification,20,47
U02801,31,UK,Student,Mobile,Beginner,Udemy,Career Switch,17,17
U02802,29,USA,Postgraduate,AI,Intermediate,Khan Academy,College Project,30,4
U02803,31,Australia,Postgraduate,Soft Skills,Advanced,Skillshare,Promotion,2,28
U02804,20,Canada,Graduate,Mobile,Beginner,Udemy,College Project,28,32
U02805,42,Canada,Postgraduate,Data Science,Advanced,Skillshare,Interview Prep,10,6
U02806,32,Canada,Graduate,AI,Intermediate,Skillshare,Career Switch,17,35
U02807,43,Canada,Postgraduate,Cybersecurity,Beginner,FutureLearn,Career Switch,13,33
U02808,40,Canada,Graduate,Programming,Beginner,FutureLearn,Upskilling,21,22
U02809,42,Australia,Postgraduate,Soft Skills,Beginner,edX,Career Switch,15,47
U02810,47,Australia,Graduate,AI,Advanced,LinkedIn Learning,College Project,15,27
U02811,52,Germany,Student,Design,Advanced,LinkedIn Learning,Promotion,9,5
U02812,32,Germany,Postgraduate,AI,Intermediate,FutureLearn,College Project,19,29
U02813,22,Germany,Graduate,Cybersecurity,Intermediate,FutureLearn,Certification,23,46
U02814,35,Australia,Student,Business,Advanced,Skillshare,College Project,17,41
U02815,38,UK,Student,Cybersecurity,Intermediate,edX,Upskilling,29,33
U02816,27,India,Postgraduate,Mobile,Intermediate,FutureLearn,College Project,8,14
U02817,31,USA,Postgraduate,AI,Advanced,Khan Academy,Upskilling,25,17
U02818,47,Canada,Postgraduate,Design,Advanced,Udemy,Career Switch,11,22
U02819,19,UK,Graduate,Cybersecurity,Beginner,edX,Interview Prep,23,6
U02820,34,Germany,Postgraduate,Soft Skills,Beginner,DataCamp,Upskilling,27,12
U02821,44,Germany,Graduate,Business,Intermediate,edX,Interview Prep,11,2
U02822,18,Canada,Postgraduate,Business,Advanced,edX,Upskilling,26,24
U02823,23,UK,Student,Mobile,Beginner,Udemy,Promotion,22,34
U02824,54,UK,Graduate,Soft Skills,Beginner,LinkedIn Learning,Career Switch,6,46
U02825,47,UK,Postgraduate,Data Science,Beginner,FutureLearn,Career Switch,5,50
U02826,37,Germany,Student,Data Science,Intermediate,Khan Academy,Certification,24,22
U02827,26,Canada,Student,Data Science,Intermediate,FutureLearn,Interview Prep,2,23
U02828,42,Canada,Student,AI,Beginner,FutureLearn,Career Switch,21,1
U02829,53,India,Student,Web,Intermediate,Coursera,College Project,19,27
U02830,43,UK,Student,Mobile,Advanced,Coursera,Promotion,6,10
U02831,42,Germany,Postgraduate,Data Science,Beginner,Skillshare,Upskilling,10,45
U02832,48,USA,Student,Business,Beginner,FutureLearn,Upskilling,19,4
U02833,40,Germany,Postgraduate,Cybersecurity,Beginner,Khan Academy,Interview Prep,30,8
U02834,21,India,Graduate,Web,Intermediate,Khan Academy,Interview Prep,23,16
U02835,33,USA,Student,Web,Advanced,Coursera,Promotion,2,15
U02836,24,Canada,Postgraduate,Soft Skills,Intermediate,FutureLearn,College Project,28,32
U02837,43,Canada,Graduate,Business,Advanced,Skillshare,Career Switch,26,0
U02838,18,UK,Graduate,Cloud,Advanced,Udemy,Upskilling,14,35
U02839,42,India,Student,Soft Skills,Intermediate,DataCamp,College Project,22,34
U02840,28,Germany,Graduate,Soft Skills,Beginner,LinkedIn Learning,Promotion,13,41
U02841,35,UK,Graduate,Mobile,Advanced,FutureLearn,Career Switch,23,0
U02842,21,USA,Graduate,Mobile,Advanced,LinkedIn Learning,Promotion,29,10
U02843,42,USA,Postgraduate,Business,Beginner,LinkedIn Learning,Upskilling,17,41
U02844,32,Australia,Student,Design,Beginner,Khan Academy,Upskilling,22,26
U02845,25,Canada,Student,Business,Advanced,FutureLearn,Promotion,3,8
U02846,51,Canada,Graduate,Soft Skills,Advanced,DataCamp,Upskilling,8,10
U02847,23,Canada,Graduate,Cloud,Intermediate,Khan Academy,Upskilling,21,28
U02848,40,India,Student,Web,Beginner,Skillshare,Interview Prep,19,37
U02849,38,India,Student,AI,Advanced,DataCamp,Interview Prep,30,37
U02850,22,Germany,Postgraduate,Data Science,Advanced,Udemy,Certification,13,22
U02851,20,India,Graduate,Business,Beginner,Coursera,Promotion,22,34
U02852,30,UK,Graduate,Cloud,Advanced,FutureLearn,Upskilling,10,43
U02853,44,India,Student,Programming,Intermediate,Udemy,College Project,9,37
U02854,39,USA,Student,Web,Beginner,FutureLearn,Career Switch,16,42
U02855,38,India,Postgraduate,Soft Skills,Intermediate,Coursera,Certification,27,8
U02856,53,India,Student,AI,Advanced,Coursera,College Project,27,20
U02857,50,India,Postgraduate,AI,Intermediate,Khan Academy,Interview Prep,10,42
U02858,30,Canada,Student,Cybersecurity,Advanced,FutureLearn,Career Switch,27,18
U02859,53,India,Student,Data Science,Advanced,FutureLearn,Upskilling,11,33
U02860,20,India,Student,Data Science,Beginner,Khan Academy,Interview Prep,16,38
U02861,46,UK,Graduate,Design,Intermediate,FutureLearn,Interview Prep,25,37
U02862,28,Canada,Student,Programming,Beginner,Skillshare,Interview Prep,21,12
U02863,52,Australia,Postgraduate,Cloud,Intermediate,Udemy,College Project,24,34
U02864,30,Germany,Postgraduate,Data Science,Beginner,Skillshare,College Project,2,23
U02865,54,India,Graduate,Design,Intermediate,Coursera,Upskilling,10,17
U02866,51,Germany,Postgraduate,Data Science,Beginner,LinkedIn Learning,Upskilling,12,44
U02867,52,Australia,Graduate,Web,Intermediate,edX,Upskilling,23,3
U02868,18,India,Postgraduate,Cybersecurity,Advanced,Khan Academy,College Project,22,41
U02869,37,Canada,Postgraduate,AI,Intermediate,edX,Career Switch,25,25
U02870,26,Australia,Student,Programming,Advanced,Udemy,College Project,13,42
U02871,30,Germany,Postgraduate,Cybersecurity,Advanced,edX,Career Switch,13,42
U02872,42,Germany,Postgraduate,Cloud,Beginner,LinkedIn Learning,Career Switch,15,34
U02873,25,Canada,Graduate,Business,Beginner,LinkedIn Learning,Upskilling,4,40
U02874,24,UK,Graduate,Cloud,Advanced,Skillshare,Promotion,25,7
U02875,19,USA,Graduate,Design,Advanced,FutureLearn,Career Switch,7,41
U02876,36,Australia,Student,Mobile,Advanced,Skillshare,Certification,27,34
U02877,23,India,Student,Data Science,Intermediate,Coursera,College Project,6,46
U02878,34,UK,Graduate,Business,Intermediate,edX,Interview Prep,3,27
U02879,46,Australia,Student,Cloud,Beginner,Coursera,Interview Prep,29,48
U02880,19,India,Postgraduate,Data Science,Beginner,Skillshare,Career Switch,25,12
U02881,50,UK,Student,Web,Advanced,Udemy,Promotion,30,28
U02882,50,Canada,Student,Design,Advanced,Skillshare,Promotion,4,35
U02883,42,Canada,Graduate,Cybersecurity,Beginner,Khan Academy,Certification,30,0
U02884,36,UK,Student,Soft Skills,Advanced,Khan Academy,Certification,6,15
U02885,40,Germany,Graduate,Mobile,Intermediate,Coursera,Career Switch,7,38
U02886,24,Germany,Postgraduate,Design,Intermediate,Udemy,Promotion,24,35
U02887,40,Canada,Graduate,Cloud,Advanced,Udemy,Career Switch,8,48
U02888,25,UK,Graduate,Cloud,Advanced,Skillshare,Interview Prep,26,22
U02889,29,Canada,Postgraduate,Programming,Intermediate,edX,Career Switch,4,17
U02890,20,Canada,Student,Web,Intermediate,DataCamp,Upskilling,7,46
U02891,21,Australia,Student,Cloud,Advanced,Khan Academy,Promotion,4,10
U02892,39,UK,Postgraduate,Programming,Intermediate,DataCamp,Upskilling,22,38
U02893,32,Australia,Student,Mobile,Beginner,FutureLearn,Upskilling,8,33
U02894,39,India,Student,Data Science,Advanced,Udemy,Certification,28,43
U02895,28,UK,Postgraduate,Mobile,Intermediate,DataCamp,College Project,10,22
U02896,41,Canada,Postgraduate,Web,Beginner,Coursera,Career Switch,9,14
U02897,20,India,Postgraduate,Programming,Beginner,Coursera,Certification,30,21
U02898,51,India,Student,Web,Beginner,Udemy,Promotion,4,19
U02899,33,Germany,Postgraduate,Cloud,Advanced,FutureLearn,College Project,25,38
U02900,39,Germany,Postgraduate,Design,Advanced,FutureLearn,Career Switch,21,9
U02901,20,Canada,Graduate,Cybersecurity,Beginner,Coursera,Certification,7,24
U02902,37,Australia,Graduate,Business,Beginner,FutureLearn,Promotion,6,20
U02903,33,Australia,Graduate,Mobile,Advanced,FutureLearn,Promotion,28,2
U02904,29,India,Postgraduate,Cloud,Beginner,Skillshare,Promotion,5,30
U02905,21,India,Graduate,Soft Skills,Beginner,LinkedIn Learning,Certification,24,18
U02906,45,USA,Postgraduate,AI,Intermediate,edX,Career Switch,20,31
U02907,47,India,Graduate,Mobile,Beginner,Skillshare,Career Switch,10,7
U02908,31,USA,Student,Programming,Intermediate,FutureLearn,Career Switch,27,23
U02909,44,Canada,Graduate,Business,Advanced,FutureLearn,Certification,14,49
U02910,27,USA,Graduate,Mobile,Advanced,Skillshare,Certification,7,29
U02911,41,Australia,Graduate,AI,Advanced,LinkedIn Learning,Career Switch,18,19
U02912,20,India,Graduate,AI,Advanced,LinkedIn Learning,Upskilling,7,27
U02913,32,Germany,Graduate,Cloud,Advanced,Coursera,College Project,12,17
U02914,18,USA,Graduate,Data Science,Advanced,edX,Upskilling,16,12
U02915,22,India,Postgraduate,Mobile,Intermediate,Skillshare,Career Switch,11,26
U02916,37,UK,Postgraduate,Business,Beginner,Udemy,Interview Prep,16,12
U02917,44,USA,Postgraduate,Mobile,Intermediate,FutureLearn,Interview Prep,17,44
U02918,50,India,Postgraduate,Web,Beginner,DataCamp,Interview Prep,6,11
U02919,44,Germany,Student,Business,Intermediate,Skillshare,Interview Prep,7,24
U02920,23,USA,Postgraduate,AI,Beginner,Khan Academy,Interview Prep,30,47
U02921,39,UK,Graduate,Cybersecurity,Advanced,LinkedIn Learning,Promotion,24,19
U02922,54,UK,Graduate,Programming,Advanced,Udemy,Career Switch,29,40
U02923,20,Canada,Postgraduate,Mobile,Intermediate,edX,College Project,22,9
U02924,18,Australia,Student,Design,Advanced,Coursera,Career Switch,9,26
U02925,47,UK,Postgraduate,Web,Advanced,FutureLearn,Promotion,18,34
U02926,44,Germany,Graduate,Web,Beginner,Skillshare,Career Switch,3,44
U02927,33,India,Student,Business,Beginner,Khan Academy,Promotion,20,9
U02928,47,Germany,Postgraduate,Cloud,Advanced,FutureLearn,Interview Prep,9,45
U02929,36,Germany,Student,Mobile,Intermediate,FutureLearn,College Project,27,16
U02930,27,Canada,Student,Business,Advanced,FutureLearn,Promotion,26,38
U02931,43,USA,Postgraduate,AI,Advanced,Coursera,College Project,5,2
U02932,51,Canada,Postgraduate,AI,Advanced,FutureLearn,College Project,23,5
U02933,46,Canada,Graduate,AI,Beginner,Khan Academy,College Project,13,43
U02934,32,USA,Graduate,Cloud,Beginner,Coursera,College Project,17,10
U02935,28,USA,Student,Cloud,Advanced,Udemy,Certification,16,22
U02936,52,Australia,Graduate,Programming,Advanced,DataCamp,Upskilling,21,23
U02937,38,Canada,Graduate,Mobile,Intermediate,Udemy,College Project,14,15
U02938,51,Canada,Postgraduate,Programming,Advanced,edX,Certification,3,47
U02939,34,USA,Postgraduate,Mobile,Advanced,Udemy,Promotion,14,8
U02940,49,Australia,Postgraduate,AI,Intermediate,Coursera,Interview Prep,26,2
U02941,55,USA,Student,Data Science,Beginner,Coursera,College Project,13,30
U02942,46,Germany,Student,Cloud,Intermediate,Skillshare,Upskilling,11,48
U02943,38,Australia,Postgraduate,Design,Advanced,Coursera,Career Switch,17,29
U02944,32,Germany,Student,Programming,Intermediate,DataCamp,College Project,29,50
U02945,19,Canada,Graduate,Mobile,Advanced,FutureLearn,Career Switch,8,8
U02946,31,Germany,Student,Programming,Advanced,Skillshare,Interview Prep,2,44
U02947,53,Canada,Student,Cloud,Advanced,LinkedIn Learning,Interview Prep,7,45
U02948,37,UK,Postgraduate,Web,Advanced,Udemy,Promotion,25,27
U02949,26,UK,Graduate,Business,Intermediate,Skillshare,Interview Prep,6,29
U02950,25,India,Graduate,Mobile,Intermediate,DataCamp,Upskilling,13,20
U02951,50,UK,Graduate,Business,Beginner,Khan Academy,Certification,2,43
U02952,54,Australia,Student,Mobile,Intermediate,Skillshare,Upskilling,23,12
U02953,22,Canada,Postgraduate,Design,Advanced,Khan Academy,Promotion,6,22
U02954,38,Canada,Student,Business,Advanced,LinkedIn Learning,Interview Prep,12,20
U02955,38,UK,Graduate,Soft Skills,Beginner,Udemy,Upskilling,10,40
U02956,45,Germany,Graduate,Soft Skills,Beginner,Skillshare,College Project,10,36
U02957,33,Germany,Postgraduate,Cybersecurity,Intermediate,edX,College Project,9,5
U02958,25,USA,Student,Mobile,Advanced,Khan Academy,Certification,21,19
U02959,52,Australia,Graduate,Mobile,Beginner,Skillshare,Career Switch,21,22
U02960,54,Canada,Graduate,Programming,Beginner,Udemy,Upskilling,9,28
U02961,32,Australia,Student,Design,Intermediate,Coursera,Upskilling,25,45
U02962,26,Canada,Graduate,AI,Beginner,Skillshare,Upskilling,10,28
U02963,53,UK,Graduate,Soft Skills,Advanced,Coursera,Interview Prep,30,19
U02964,54,Australia,Graduate,Cybersecurity,Intermediate,FutureLearn,Upskilling,18,50
U02965,52,India,Postgraduate,Data Science,Beginner,DataCamp,Career Switch,26,16
U02966,41,India,Student,Business,Intermediate,DataCamp,Upskilling,30,12
U02967,33,USA,Postgraduate,Design,Intermediate,Khan Academy,Upskilling,18,27
U02968,49,UK,Graduate,Business,Intermediate,LinkedIn Learning,Certification,25,5
U02969,20,India,Postgraduate,Design,Intermediate,Udemy,Interview Prep,25,20
U02970,31,UK,Postgraduate,Soft Skills,Intermediate,FutureLearn,Certification,10,17
U02971,29,UK,Postgraduate,Data Science,Intermediate,Udemy,College Project,10,36
U02972,21,Germany,Student,Data Science,Beginner,DataCamp,Upskilling,9,22
U02973,33,Australia,Student,Cybersecurity,Intermediate,Skillshare,Upskilling,11,8
U02974,44,India,Graduate,Data Science,Beginner,Coursera,Promotion,26,14
U02975,52,USA,Student,Data Science,Intermediate,FutureLearn,Career Switch,3,17
U02976,25,USA,Graduate,Business,Beginner,FutureLearn,College Project,14,28
U02977,50,India,Graduate,Mobile,Advanced,FutureLearn,Promotion,2,19
U02978,51,Australia,Student,Cybersecurity,Advanced,Khan Academy,College Project,12,49
U02979,35,India,Postgraduate,Design,Advanced,edX,Interview Prep,9,3
U02980,19,UK,Postgraduate,Cybersecurity,Advanced,Khan Academy,College Project,30,40
U02981,36,Australia,Postgraduate,Programming,Intermediate,DataCamp,Interview Prep,16,31
U02982,55,Canada,Student,Cloud,Beginner,Coursera,Promotion,11,28
U02983,23,India,Graduate,Design,Advanced,Skillshare,Upskilling,8,17
U02984,41,Germany,Graduate,Design,Intermediate,DataCamp,Certification,9,41
U02985,55,Germany,Postgraduate,Mobile,Intermediate,Skillshare,Promotion,29,8
U02986,28,Canada,Graduate,Mobile,Beginner,LinkedIn Learning,College Project,24,24
U02987,51,Canada,Graduate,Web,Beginner,Skillshare,Promotion,8,17
U02988,40,UK,Postgraduate,Design,Intermediate,Coursera,Certification,21,6
U02989,36,India,Student,Programming,Beginner,Skillshare,College Project,13,8
U02990,22,Germany,Graduate,Web,Advanced,edX,Promotion,10,27
U02991,26,Australia,Student,Web,Beginner,Khan Academy,College Project,13,27
U02992,55,Germany,Graduate,Programming,Advanced,edX,Certification,14,19
U02993,44,Australia,Postgraduate,AI,Advanced,FutureLearn,Upskilling,2,20
U02994,27,India,Student,Design,Beginner,DataCamp,Certification,27,31
U02995,43,India,Postgraduate,Business,Intermediate,Coursera,Interview Prep,14,9
U02996,35,UK,Graduate,Mobile,Beginner,DataCamp,College Project,4,23
U02997,50,Australia,Graduate,Cybersecurity,Intermediate,Skillshare,Upskilling,13,7
U02998,54,India,Postgraduate,Business,Beginner,edX,Career Switch,22,17
U02999,47,Germany,Student,Web,Intermediate,DataCamp,Upskilling,5,31
U03000,35,Canada,Graduate,Soft Skills,Advanced,LinkedIn Learning,Upskilling,29,29
U03001,26,Australia,Postgraduate,Business,Advanced,Coursera,Upskilling,11,9
U03002,54,Canada,Graduate,Data Science,Advanced,FutureLearn,College Project,11,19
U03003,39,India,Graduate,Web,Advanced,Skillshare,Upskilling,8,45
U03004,43,Canada,Student,Business,Advanced,Skillshare,Promotion,28,14
U03005,52,Australia,Student,Cloud,Intermediate,FutureLearn,College Project,4,0
U03006,40,UK,Student,Business,Advanced,Skillshare,Promotion,27,30
U03007,48,Australia,Student,Mobile,Advanced,edX,Upskilling,3,29
U03008,37,UK,Graduate,Programming,Intermediate,Coursera,Career Switch,23,21
U03009,49,UK,Student,Programming,Beginner,Coursera,Interview Prep,10,42
U03010,43,USA,Graduate,Programming,Intermediate,Udemy,Certification,20,41
U03011,23,USA,Student,AI,Beginner,Khan Academy,College Project,19,3
U03012,24,USA,Graduate,Programming,Intermediate,LinkedIn Learning,Interview Prep,3,44
U03013,22,Australia,Graduate,Design,Advanced,Udemy,Career Switch,13,31
U03014,28,USA,Graduate,Data Science,Advanced,FutureLearn,College Project,21,37
U03015,50,UK,Postgraduate,Design,Advanced,Khan Academy,Interview Prep,28,32
U03016,23,Australia,Graduate,Data Science,Advanced,DataCamp,Interview Prep,19,28
U03017,34,Germany,Graduate,Soft Skills,Beginner,FutureLearn,Interview Prep,30,3
U03018,34,UK,Student,Cloud,Beginner,Skillshare,Career Switch,7,18
U03019,37,USA,Graduate,Programming,Intermediate,LinkedIn Learning,Certification,26,7
U03020,55,India,Postgraduate,AI,Intermediate,Udemy,Promotion,13,33
U03021,38,Germany,Postgraduate,Data Science,Beginner,Udemy,Certification,2,20
U03022,43,Canada,Postgraduate,Web,Intermediate,Skillshare,Career Switch,25,37
U03023,21,USA,Graduate,Mobile,Intermediate,LinkedIn Learning,Career Switch,30,6
U03024,48,Germany,Student,Mobile,Intermediate,Skillshare,College Project,11,4
U03025,54,Germany,Graduate,Mobile,Advanced,Khan Academy,Upskilling,23,11
U03026,33,India,Postgraduate,Cloud,Advanced,FutureLearn,Interview Prep,21,11
U03027,31,Germany,Graduate,Cybersecurity,Beginner,Skillshare,Interview Prep,10,6
U03028,30,Germany,Postgraduate,Data Science,Intermediate,edX,Interview Prep,28,16
U03029,21,Canada,Graduate,Soft Skills,Advanced,LinkedIn Learning,College Project,4,8
U03030,18,Australia,Graduate,AI,Beginner,LinkedIn Learning,College Project,23,34
U03031,45,Australia,Graduate,Cloud,Advanced,Skillshare,College Project,17,10
U03032,54,Canada,Student,Data Science,Intermediate,FutureLearn,Upskilling,25,0
U03033,34,UK,Graduate,Web,Intermediate,Skillshare,Interview Prep,8,20
U03034,55,UK,Postgraduate,AI,Advanced,DataCamp,Upskilling,26,16
U03035,46,Canada,Graduate,Business,Intermediate,edX,College Project,21,30
U03036,25,UK,Postgraduate,Programming,Beginner,LinkedIn Learning,College Project,2,34
U03037,30,Australia,Graduate,Design,Advanced,edX,Interview Prep,16,10
U03038,21,Australia,Postgraduate,Design,Advanced,Skillshare,Interview Prep,27,24
U03039,38,Germany,Student,Cloud,Intermediate,LinkedIn Learning,Certification,21,27
U03040,48,UK,Student,Mobile,Beginner,Skillshare,Career Switch,25,15
U03041,45,Australia,Postgraduate,Cloud,Intermediate,FutureLearn,Certification,10,15
U03042,42,Canada,Student,Cybersecurity,Intermediate,LinkedIn Learning,Interview Prep,27,7
U03043,36,UK,Postgraduate,Business,Beginner,DataCamp,Certification,19,9
U03044,39,Canada,Student,Soft Skills,Advanced,FutureLearn,Promotion,16,28
U03045,19,Australia,Student,Soft Skills,Beginner,edX,Upskilling,20,23
U03046,26,India,Student,Mobile,Advanced,FutureLearn,Interview Prep,3,2
U03047,46,USA,Graduate,Soft Skills,Advanced,Udemy,College Project,7,27
U03048,45,Germany,Postgraduate,Mobile,Intermediate,LinkedIn Learning,Upskilling,22,27
U03049,38,India,Postgraduate,Mobile,Intermediate,FutureLearn,Promotion,23,8
U03050,43,Canada,Graduate,Business,Beginner,Coursera,Interview Prep,3,35
U03051,32,UK,Postgraduate,Cloud,Advanced,FutureLearn,Promotion,18,35
U03052,36,India,Graduate,Business,Intermediate,Skillshare,College Project,23,7
U03053,20,USA,Graduate,Cybersecurity,Advanced,edX,Interview Prep,25,21
U03054,27,Australia,Graduate,Business,Advanced,Skillshare,Career Switch,11,21
U03055,32,India,Graduate,Design,Intermediate,Skillshare,Career Switch,30,24
U03056,21,USA,Student,Programming,Advanced,Skillshare,Career Switch,5,7
U03057,54,Germany,Student,Design,Intermediate,DataCamp,Interview Prep,30,5
U03058,33,Canada,Graduate,Design,Beginner,Skillshare,Career Switch,10,45
U03059,20,Australia,Postgraduate,Soft Skills,Beginner,Coursera,Interview Prep,7,16
U03060,45,Canada,Postgraduate,Programming,Intermediate,DataCamp,Upskilling,4,23
U03061,19,Germany,Postgraduate,Design,Intermediate,FutureLearn,Promotion,10,19
U03062,52,Canada,Postgraduate,Web,Advanced,Coursera,Promotion,16,45
U03063,50,USA,Postgraduate,AI,Advanced,edX,Upskilling,13,20
U03064,54,Australia,Postgraduate,Programming,Beginner,edX,Upskilling,19,14
U03065,33,UK,Student,Data Science,Advanced,Coursera,Promotion,15,39
U03066,19,Germany,Postgraduate,Cloud,Intermediate,FutureLearn,Upskilling,7,4
U03067,26,UK,Graduate,Business,Intermediate,DataCamp,College Project,12,17
U03068,46,USA,Graduate,Cybersecurity,Intermediate,Coursera,Upskilling,15,42
U03069,55,USA,Postgraduate,Cloud,Advanced,Udemy,Career Switch,26,17
U03070,36,India,Student,Design,Advanced,edX,Promotion,24,11
U03071,43,UK,Student,Cloud,Beginner,Khan Academy,Certification,21,48
U03072,33,Australia,Graduate,AI,Beginner,Coursera,Interview Prep,5,25
U03073,21,India,Student,Mobile,Advanced,LinkedIn Learning,Career Switch,28,34
U03074,36,UK,Student,Cloud,Beginner,edX,Promotion,3,45
U03075,31,Canada,Graduate,Cybersecurity,Beginner,Skillshare,Upskilling,18,50
U03076,40,Germany,Graduate,AI,Advanced,Khan Academy,Upskilling,21,9
U03077,35,India,Student,Cybersecurity,Intermediate,edX,Interview Prep,6,42
U03078,48,UK,Postgraduate,Web,Intermediate,Udemy,Promotion,21,45
U03079,43,India,Postgraduate,Cybersecurity,Beginner,Skillshare,Interview Prep,21,9
U03080,28,India,Postgraduate,Web,Advanced,Coursera,Interview Prep,15,40
U03081,25,India,Student,Design,Beginner,LinkedIn Learning,Certification,10,49
U03082,21,India,Student,Soft Skills,Beginner,FutureLearn,College Project,14,31
U03083,48,India,Student,Programming,Advanced,Khan Academy,Promotion,16,3
U03084,45,India,Graduate,Design,Beginner,edX,Certification,13,33
U03085,19,USA,Postgraduate,Design,Advanced,Skillshare,Career Switch,5,23
U03086,38,UK,Student,Programming,Advanced,LinkedIn Learning,College Project,10,45
U03087,52,Australia,Postgraduate,Cloud,Intermediate,LinkedIn Learning,Interview Prep,9,48
U03088,42,India,Postgraduate,Business,Advanced,edX,College Project,15,41
U03089,25,USA,Student,Web,Intermediate,DataCamp,College Project,15,43
U03090,44,USA,Postgraduate,Mobile,Intermediate,LinkedIn Learning,College Project,14,18
U03091,38,UK,Postgraduate,Cloud,Intermediate,Skillshare,Career Switch,10,27
U03092,34,Australia,Graduate,Soft Skills,Beginner,Skillshare,College Project,8,9
U03093,42,India,Graduate,Cybersecurity,Advanced,LinkedIn Learning,Career Switch,3,4
U03094,54,Canada,Postgraduate,AI,Intermediate,FutureLearn,Interview Prep,6,13
U03095,25,Canada,Student,Web,Beginner,Skillshare,Certification,2,7
U03096,53,UK,Graduate,Cloud,Beginner,DataCamp,Interview Prep,15,50
U03097,43,Germany,Graduate,Web,Intermediate,Khan Academy,Interview Prep,17,9
U03098,36,Australia,Postgraduate,Mobile,Intermediate,edX,Career Switch,2,10
U03099,33,India,Student,Cybersecurity,Intermediate,edX,Interview Prep,18,6
U03100,46,Australia,Student,Cybersecurity,Beginner,Skillshare,Upskilling,2,24
U03101,22,India,Graduate,Soft Skills,Advanced,Khan Academy,Promotion,25,11
U03102,32,Germany,Graduate,Design,Advanced,FutureLearn,Interview Prep,22,30
U03103,48,USA,Postgraduate,Mobile,Beginner,Coursera,Upskilling,16,28
U03104,18,India,Graduate,Data Science,Beginner,DataCamp,College Project,21,29
U03105,19,USA,Student,Programming,Intermediate,Udemy,Career Switch,30,30
U03106,35,India,Postgraduate,AI,Intermediate,Skillshare,Upskilling,14,4
U03107,19,India,Graduate,AI,Beginner,Khan Academy,Career Switch,4,16
U03108,32,Germany,Postgraduate,Data Science,Advanced,Khan Academy,Promotion,9,43
U03109,46,USA,Graduate,Cybersecurity,Advanced,DataCamp,Certification,28,42
U03110,22,UK,Postgraduate,AI,Intermediate,Coursera,College Project,11,1
U03111,48,India,Student,Cybersecurity,Beginner,Udemy,Career Switch,28,0
U03112,35,UK,Graduate,AI,Beginner,edX,Upskilling,8,10
U03113,28,UK,Postgraduate,Data Science,Intermediate,DataCamp,Certification,27,0
U03114,40,Germany,Student,Design,Beginner,Udemy,Promotion,6,0
U03115,25,Canada,Postgraduate,AI,Advanced,DataCamp,Interview Prep,8,33
U03116,24,Canada,Graduate,Design,Beginner,Udemy,Upskilling,28,46
U03117,39,Canada,Student,Cybersecurity,Advanced,Udemy,Promotion,16,7
U03118,26,UK,Graduate,AI,Beginner,edX,Career Switch,15,13
U03119,32,USA,Student,Web,Beginner,edX,Promotion,20,42
U03120,45,USA,Student,Design,Beginner,LinkedIn Learning,Interview Prep,9,39
U03121,49,Canada,Student,Cloud,Intermediate,Khan Academy,Certification,16,45
U03122,27,USA,Postgraduate,Cybersecurity,Intermediate,Coursera,Promotion,7,41
U03123,38,UK,Graduate,Programming,Beginner,FutureLearn,Interview Prep,3,8
U03124,22,Canada,Graduate,Cybersecurity,Intermediate,LinkedIn Learning,Upskilling,11,12
U03125,23,India,Graduate,Soft Skills,Advanced,edX,Promotion,8,33
U03126,40,USA,Postgraduate,Web,Advanced,LinkedIn Learning,Certification,18,37
U03127,18,India,Student,AI,Beginner,edX,Upskilling,8,41
U03128,27,India,Graduate,AI,Beginner,Coursera,Career Switch,6,26
U03129,31,Germany,Postgraduate,Cybersecurity,Advanced,Khan Academy,College Project,21,26
U03130,41,India,Student,Business,Beginner,FutureLearn,College Project,22,7
U03131,35,USA,Graduate,Web,Beginner,DataCamp,College Project,18,24
U03132,36,UK,Postgraduate,Soft Skills,Beginner,FutureLearn,Upskilling,5,41
U03133,52,UK,Student,Data Science,Advanced,edX,Promotion,24,20
U03134,25,Australia,Postgraduate,Programming,Advanced,FutureLearn,Interview Prep,12,28
U03135,40,Canada,Student,Web,Intermediate,LinkedIn Learning,Career Switch,13,24
U03136,21,Germany,Graduate,Cybersecurity,Advanced,FutureLearn,College Project,15,19
U03137,21,USA,Student,Design,Advanced,Udemy,Upskilling,2,20
U03138,25,UK,Student,Programming,Advanced,DataCamp,Interview Prep,2,3
U03139,22,India,Postgraduate,AI,Intermediate,Khan Academy,Certification,29,21
U03140,51,Australia,Graduate,Soft Skills,Intermediate,FutureLearn,Interview Prep,10,20
U03141,42,India,Postgraduate,Business,Advanced,edX,Interview Prep,20,16
U03142,49,India,Postgraduate,Soft Skills,Advanced,Coursera,College Project,19,31
U03143,30,USA,Student,Business,Advanced,Coursera,Interview Prep,23,35
U03144,49,Germany,Postgraduate,Data Science,Beginner,Udemy,Career Switch,5,28
U03145,26,USA,Postgraduate,Mobile,Beginner,DataCamp,Promotion,8,28
U03146,19,Australia,Student,Soft Skills,Intermediate,Khan Academy,Promotion,13,1
U03147,42,Australia,Postgraduate,Business,Advanced,Coursera,Promotion,18,17
U03148,49,Germany,Postgraduate,Data Science,Advanced,Udemy,Promotion,6,4
U03149,49,Australia,Student,Business,Advanced,Coursera,Upskilling,22,49
U03150,29,Canada,Postgraduate,Soft Skills,Intermediate,DataCamp,Upskilling,20,31
U03151,22,UK,Postgraduate,Cybersecurity,Advanced,Khan Academy,College Project,13,23
U03152,35,India,Graduate,AI,Intermediate,DataCamp,College Project,27,43
U03153,44,Australia,Postgraduate,Programming,Advanced,DataCamp,Career Switch,8,38
U03154,28,USA,Graduate,AI,Beginner,DataCamp,Promotion,6,48
U03155,21,Germany,Student,Cloud,Beginner,DataCamp,College Project,28,7
U03156,48,USA,Graduate,Programming,Intermediate,Skillshare,Interview Prep,7,48
U03157,33,UK,Graduate,Business,Advanced,Khan Academy,College Project,14,43
U03158,27,USA,Graduate,Data Science,Intermediate,Udemy,Certification,17,30
U03159,24,Germany,Student,Cloud,Beginner,Udemy,College Project,16,32
U03160,50,Australia,Student,Soft Skills,Beginner,Coursera,Interview Prep,7,1
U03161,22,UK,Postgraduate,Soft Skills,Advanced,FutureLearn,Career Switch,18,27
U03162,51,Canada,Postgraduate,AI,Beginner,Coursera,Career Switch,17,41
U03163,52,Australia,Graduate,Design,Advanced,LinkedIn Learning,Career Switch,21,2
U03164,18,USA,Student,Web,Intermediate,FutureLearn,Promotion,28,38
U03165,49,Canada,Postgraduate,Mobile,Advanced,Udemy,Promotion,4,25
U03166,29,Germany,Postgraduate,Soft Skills,Beginner,Skillshare,College Project,15,50
U03167,53,UK,Graduate,Cloud,Beginner,Khan Academy,Certification,29,32
U03168,51,Australia,Postgraduate,Business,Intermediate,Coursera,Promotion,14,5
U03169,39,Australia,Postgraduate,Mobile,Advanced,edX,Certification,27,15
U03170,18,Canada,Postgraduate,Design,Intermediate,FutureLearn,Upskilling,26,20
U03171,39,UK,Graduate,AI,Advanced,Khan Academy,Interview Prep,3,29
U03172,51,USA,Student,Programming,Advanced,FutureLearn,Promotion,5,45
U03173,28,India,Postgraduate,AI,Intermediate,DataCamp,Upskilling,29,16
U03174,19,India,Student,Mobile,Beginner,DataCamp,Upskilling,14,0
U03175,39,UK,Graduate,Web,Advanced,Udemy,Interview Prep,2,46
U03176,51,UK,Postgraduate,Data Science,Beginner,DataCamp,Certification,9,16
U03177,50,India,Student,Web,Advanced,DataCamp,Career Switch,22,12
U03178,31,USA,Student,Programming,Intermediate,DataCamp,Career Switch,7,30
U03179,50,India,Graduate,Cybersecurity,Advanced,Udemy,Certification,18,13
U03180,38,Canada,Graduate,Soft Skills,Advanced,DataCamp,Career Switch,17,25
U03181,22,India,Graduate,Soft Skills,Beginner,FutureLearn,Certification,28,23
U03182,54,USA,Student,Cybersecurity,Advanced,edX,Interview Prep,7,47
U03183,39,Australia,Student,AI,Beginner,Coursera,Promotion,3,48
U03184,42,Canada,Postgraduate,Data Science,Beginner,Udemy,Certification,14,19
U03185,44,India,Postgraduate,Design,Intermediate,LinkedIn Learning,Certification,9,19
U03186,31,UK,Student,Data Science,Advanced,Coursera,Certification,26,48
U03187,43,USA,Student,Programming,Intermediate,Khan Academy,Career Switch,12,48
U03188,46,India,Student,Cybersecurity,Advanced,Udemy,Promotion,29,22
U03189,28,Canada,Postgraduate,Business,Advanced,Udemy,Promotion,7,18
U03190,42,Germany,Postgraduate,Cloud,Advanced,LinkedIn Learning,Career Switch,20,23
U03191,41,Germany,Student,Mobile,Beginner,LinkedIn Learning,College Project,7,16
U03192,54,UK,Student,Programming,Beginner,FutureLearn,Promotion,14,28
U03193,54,Australia,Student,Mobile,Beginner,Khan Academy,College Project,8,31
U03194,36,USA,Postgraduate,Mobile,Advanced,Khan Academy,Certification,19,4
U03195,52,USA,Graduate,Cloud,Advanced,Coursera,Career Switch,3,44
U03196,47,Germany,Postgraduate,Design,Advanced,FutureLearn,Career Switch,11,3
U03197,25,Canada,Postgraduate,AI,Advanced,Coursera,Promotion,2,33
U03198,24,Australia,Postgraduate,Business,Beginner,FutureLearn,Upskilling,26,27
U03199,31,Australia,Graduate,Web,Beginner,Coursera,Upskilling,13,8
U03200,21,Germany,Postgraduate,Data Science,Intermediate,Coursera,Upskilling,2,36
U03201,53,USA,Student,Web,Beginner,Khan Academy,Interview Prep,21,45
U03202,21,UK,Postgraduate,Programming,Intermediate,edX,Interview Prep,18,16
U03203,51,Germany,Student,Mobile,Beginner,LinkedIn Learning,College Project,12,39
U03204,55,India,Graduate,Soft Skills,Beginner,LinkedIn Learning,Career Switch,13,1
U03205,27,UK,Student,AI,Advanced,FutureLearn,Promotion,25,46
U03206,24,India,Graduate,Web,Advanced,DataCamp,Promotion,9,25
U03207,42,Australia,Graduate,AI,Advanced,Coursera,Career Switch,2,32
U03208,26,USA,Graduate,Cybersecurity,Intermediate,edX,Career Switch,19,8
U03209,18,Germany,Graduate,Programming,Intermediate,Coursera,Interview Prep,13,32
U03210,52,India,Student,Programming,Intermediate,LinkedIn Learning,College Project,16,5
U03211,42,UK,Student,Cybersecurity,Advanced,edX,Upskilling,25,26
U03212,44,UK,Student,Design,Intermediate,Khan Academy,Interview Prep,21,23
U03213,55,Australia,Postgraduate,Web,Advanced,edX,Promotion,11,41
U03214,45,USA,Postgraduate,Data Science,Advanced,edX,Career Switch,12,10
U03215,42,UK,Postgraduate,Mobile,Beginner,LinkedIn Learning,Certification,16,13
U03216,35,Germany,Graduate,Cybersecurity,Advanced,Coursera,Upskilling,22,35
U03217,46,Germany,Student,Programming,Beginner,Coursera,Certification,15,11
U03218,22,India,Postgraduate,Mobile,Advanced,DataCamp,Interview Prep,6,38
U03219,44,India,Postgraduate,Data Science,Intermediate,LinkedIn Learning,Interview Prep,8,8
U03220,37,USA,Student,Mobile,Intermediate,DataCamp,Career Switch,28,50
U03221,21,USA,Postgraduate,Web,Advanced,Khan Academy,College Project,29,50
U03222,22,UK,Student,Business,Beginner,FutureLearn,College Project,23,41
U03223,55,USA,Student,Cloud,Advanced,Khan Academy,College Project,7,49
U03224,48,UK,Student,Data Science,Intermediate,edX,Upskilling,8,25
U03225,50,Australia,Postgraduate,Business,Advanced,Skillshare,College Project,25,11
U03226,31,Australia,Graduate,Web,Beginner,LinkedIn Learning,Upskilling,4,1
U03227,35,Canada,Postgraduate,Web,Intermediate,DataCamp,Certification,27,5
U03228,37,Australia,Postgraduate,Web,Beginner,LinkedIn Learning,Certification,24,33
U03229,22,Canada,Postgraduate,Web,Beginner,LinkedIn Learning,Promotion,27,21
U03230,39,Germany,Postgraduate,AI,Beginner,DataCamp,Career Switch,10,29
U03231,35,USA,Graduate,Programming,Beginner,DataCamp,Interview Prep,24,46
U03232,30,USA,Graduate,Programming,Intermediate,Skillshare,Certification,23,23
U03233,47,UK,Postgraduate,Programming,Intermediate,Skillshare,Promotion,25,11
U03234,33,UK,Graduate,Soft Skills,Intermediate,Skillshare,Interview Prep,12,2
U03235,46,Germany,Student,Mobile,Beginner,FutureLearn,Certification,25,33
U03236,41,Canada,Postgraduate,Design,Advanced,LinkedIn Learning,Upskilling,14,50
U03237,45,Canada,Postgraduate,AI,Advanced,Coursera,Certification,2,33
U03238,23,Australia,Postgraduate,Programming,Intermediate,Udemy,Certification,3,7
U03239,21,Canada,Student,Web,Intermediate,FutureLearn,College Project,29,22
U03240,44,Germany,Graduate,AI,Advanced,Khan Academy,Promotion,24,29
U03241,26,Germany,Student,Soft Skills,Advanced,Khan Academy,Career Switch,27,25
U03242,24,UK,Graduate,Business,Advanced,Khan Academy,Promotion,30,32
U03243,53,Germany,Graduate,Data Science,Intermediate,Udemy,College Project,2,23
U03244,28,India,Postgraduate,Cybersecurity,Beginner,FutureLearn,College Project,19,13
U03245,55,UK,Student,Cybersecurity,Beginner,Udemy,Certification,28,21
U03246,28,Australia,Student,Design,Advanced,DataCamp,Interview Prep,9,8
U03247,23,India,Graduate,Web,Beginner,FutureLearn,Upskilling,29,14
U03248,26,USA,Graduate,AI,Beginner,Coursera,Interview Prep,10,23
U03249,33,Germany,Graduate,Cybersecurity,Advanced,edX,Upskilling,13,9
U03250,33,Canada,Postgraduate,Cloud,Intermediate,Udemy,College Project,4,21
U03251,26,Germany,Graduate,Cybersecurity,Beginner,DataCamp,Interview Prep,17,18
U03252,54,India,Graduate,Mobile,Advanced,Coursera,Upskilling,22,41
U03253,19,Germany,Student,Cloud,Advanced,Khan Academy,Upskilling,9,48
U03254,51,Australia,Student,Mobile,Advanced,edX,Certification,18,26
U03255,20,Australia,Postgraduate,Programming,Intermediate,FutureLearn,Career Switch,17,42
U03256,25,UK,Postgraduate,Mobile,Advanced,FutureLearn,Certification,24,47
U03257,47,USA,Graduate,Soft Skills,Intermediate,edX,Upskilling,13,22
U03258,19,USA,Postgraduate,Mobile,Beginner,DataCamp,Interview Prep,29,38
U03259,27,India,Graduate,AI,Beginner,DataCamp,Career Switch,21,8
U03260,34,Australia,Graduate,Data Science,Beginner,LinkedIn Learning,Career Switch,30,21
U03261,35,India,Graduate,Soft Skills,Advanced,edX,Certification,26,21
U03262,41,Australia,Postgraduate,Cybersecurity,Intermediate,DataCamp,Interview Prep,25,19
U03263,48,Canada,Student,Mobile,Beginner,Skillshare,Promotion,28,35
U03264,34,Germany,Postgraduate,Cloud,Beginner,LinkedIn Learning,Upskilling,25,8
U03265,20,Australia,Postgraduate,Programming,Beginner,edX,Promotion,9,42
U03266,27,Australia,Postgraduate,Cybersecurity,Intermediate,DataCamp,Upskilling,23,20
U03267,38,Canada,Graduate,Design,Intermediate,DataCamp,Certification,28,16
U03268,48,Germany,Student,Soft Skills,Advanced,Khan Academy,College Project,19,50
U03269,43,Canada,Student,Data Science,Intermediate,edX,College Project,19,19
U03270,45,Canada,Postgraduate,Programming,Advanced,Coursera,Upskilling,14,3
U03271,24,UK,Student,Cloud,Intermediate,Udemy,Upskilling,24,27
U03272,39,Canada,Student,Mobile,Beginner,FutureLearn,Interview Prep,9,47
U03273,40,UK,Graduate,Cloud,Advanced,FutureLearn,Career Switch,23,31
U03274,49,USA,Postgraduate,AI,Beginner,LinkedIn Learning,Promotion,28,3
U03275,49,UK,Graduate,Programming,Intermediate,FutureLearn,Career Switch,8,22
U03276,27,Germany,Student,Cloud,Intermediate,DataCamp,Upskilling,9,18
U03277,51,UK,Student,Cloud,Beginner,edX,Career Switch,19,5
U03278,34,USA,Graduate,AI,Intermediate,Khan Academy,Career Switch,16,41
U03279,34,Australia,Graduate,AI,Intermediate,Coursera,Upskilling,23,25
U03280,35,USA,Postgraduate,Web,Advanced,Coursera,Career Switch,2,42
U03281,23,Canada,Postgraduate,Design,Beginner,LinkedIn Learning,Certification,17,44
U03282,53,India,Graduate,Data Science,Advanced,Skillshare,Promotion,20,28
U03283,38,USA,Postgraduate,Programming,Beginner,DataCamp,Career Switch,17,50
U03284,37,UK,Graduate,Mobile,Intermediate,Coursera,Career Switch,17,38
U03285,52,Germany,Graduate,Cloud,Intermediate,Skillshare,College Project,27,45
U03286,39,Germany,Student,Programming,Intermediate,Udemy,Upskilling,10,27
U03287,27,USA,Student,Design,Advanced,Udemy,Career Switch,4,4
U03288,44,Germany,Postgraduate,Design,Beginner,LinkedIn Learning,Certification,24,33
U03289,20,Canada,Student,Mobile,Advanced,edX,Upskilling,20,35
U03290,48,UK,Student,Programming,Advanced,Khan Academy,Upskilling,29,3
U03291,29,Germany,Student,Soft Skills,Advanced,Khan Academy,College Project,19,1
U03292,44,Australia,Student,Soft Skills,Advanced,DataCamp,Career Switch,27,46
U03293,49,Canada,Graduate,Data Science,Advanced,Udemy,Promotion,23,33
U03294,53,Germany,Student,Cybersecurity,Intermediate,Skillshare,Interview Prep,22,40
U03295,27,UK,Student,Business,Intermediate,Khan Academy,College Project,29,11
U03296,41,UK,Postgraduate,Business,Beginner,LinkedIn Learning,Interview Prep,29,24
U03297,35,Australia,Graduate,Cybersecurity,Advanced,Udemy,College Project,29,13
U03298,19,Australia,Graduate,AI,Beginner,edX,Certification,13,12
U03299,34,UK,Postgraduate,Mobile,Beginner,edX,Career Switch,24,1
U03300,39,India,Postgraduate,Cybersecurity,Intermediate,Skillshare,Promotion,3,35
U03301,25,Canada,Student,Data Science,Intermediate,LinkedIn Learning,Career Switch,29,27
U03302,21,Australia,Graduate,Mobile,Intermediate,FutureLearn,Career Switch,2,27
U03303,33,USA,Postgraduate,Data Science,Advanced,Skillshare,Certification,19,48
U03304,46,USA,Postgraduate,AI,Beginner,Coursera,Upskilling,7,20
U03305,42,Canada,Postgraduate,Mobile,Intermediate,FutureLearn,Certification,10,38
U03306,23,Canada,Student,Soft Skills,Beginner,Skillshare,Career Switch,15,23
U03307,35,Germany,Postgraduate,Programming,Beginner,edX,Promotion,5,37
U03308,25,Canada,Postgraduate,Mobile,Advanced,DataCamp,Career Switch,7,39
U03309,47,India,Student,Cloud,Intermediate,FutureLearn,Promotion,16,41
U03310,45,Australia,Graduate,Data Science,Beginner,edX,Certification,11,21
U03311,24,Australia,Student,Data Science,Intermediate,Udemy,Interview Prep,18,36
U03312,24,Germany,Postgraduate,Programming,Intermediate,Skillshare,Interview Prep,21,47
U03313,36,Australia,Postgraduate,Data Science,Beginner,Udemy,Promotion,22,49
U03314,52,Canada,Postgraduate,AI,Intermediate,Coursera,Certification,29,30
U03315,54,Canada,Student,Cybersecurity,Intermediate,FutureLearn,College Project,8,17
U03316,47,USA,Student,Programming,Advanced,LinkedIn Learning,Career Switch,13,44
U03317,20,India,Graduate,AI,Beginner,FutureLearn,Certification,15,6
U03318,50,Canada,Postgraduate,Mobile,Intermediate,edX,Certification,5,48
U03319,32,Australia,Graduate,Design,Beginner,LinkedIn Learning,Upskilling,13,19
U03320,53,USA,Graduate,Design,Beginner,LinkedIn Learning,Interview Prep,22,35
U03321,35,Germany,Student,Business,Beginner,edX,Upskilling,24,6
U03322,26,UK,Graduate,Cloud,Beginner,edX,College Project,10,44
U03323,24,Australia,Postgraduate,Data Science,Advanced,DataCamp,Career Switch,4,38
U03324,54,Canada,Postgraduate,AI,Advanced,FutureLearn,Career Switch,7,22
U03325,51,Australia,Student,AI,Beginner,Coursera,College Project,24,11
U03326,27,Australia,Graduate,AI,Advanced,edX,Career Switch,19,14
U03327,51,USA,Postgraduate,Cybersecurity,Advanced,Skillshare,Interview Prep,3,31
U03328,47,Canada,Postgraduate,Soft Skills,Advanced,LinkedIn Learning,Upskilling,24,23
U03329,40,India,Student,Cybersecurity,Advanced,DataCamp,Career Switch,22,22
U03330,24,Canada,Postgraduate,Cybersecurity,Advanced,LinkedIn Learning,College Project,22,19
U03331,25,Germany,Postgraduate,Web,Intermediate,Coursera,Promotion,5,50
U03332,31,India,Postgraduate,Cybersecurity,Beginner,Skillshare,Certification,2,24
U03333,19,USA,Student,Business,Intermediate,DataCamp,Upskilling,21,41
U03334,47,UK,Postgraduate,Cloud,Beginner,Khan Academy,Promotion,9,45
U03335,52,USA,Postgraduate,Design,Beginner,edX,Career Switch,8,38
U03336,27,Australia,Student,Web,Beginner,DataCamp,Promotion,30,49
U03337,55,India,Graduate,Business,Advanced,Udemy,Promotion,9,38
U03338,24,Germany,Postgraduate,Web,Beginner,Skillshare,Certification,8,10
U03339,49,India,Postgraduate,Design,Beginner,LinkedIn Learning,Upskilling,21,19
U03340,36,USA,Student,Mobile,Beginner,Udemy,Career Switch,3,34
U03341,50,India,Student,Cloud,Beginner,FutureLearn,Promotion,4,33
U03342,55,India,Graduate,Mobile,Advanced,DataCamp,Certification,17,29
U03343,36,Germany,Graduate,Soft Skills,Intermediate,LinkedIn Learning,Certification,17,27
U03344,19,UK,Graduate,AI,Advanced,Udemy,Promotion,20,3
U03345,30,Australia,Student,Cloud,Beginner,DataCamp,Upskilling,8,40
U03346,18,Australia,Postgraduate,Cybersecurity,Beginner,Skillshare,Certification,23,10
U03347,44,Germany,Graduate,Cybersecurity,Intermediate,FutureLearn,Certification,28,42
U03348,53,India,Student,Soft Skills,Intermediate,Khan Academy,Career Switch,13,37
U03349,40,USA,Graduate,Cybersecurity,Intermediate,Udemy,Career Switch,17,11
U03350,47,India,Postgraduate,Data Science,Beginner,FutureLearn,Career Switch,22,11
U03351,55,Canada,Student,AI,Intermediate,LinkedIn Learning,Upskilling,20,8
U03352,33,UK,Graduate,Programming,Advanced,Khan Academy,Certification,8,10
U03353,19,India,Postgraduate,AI,Beginner,LinkedIn Learning,Upskilling,5,27
U03354,39,Australia,Student,Mobile,Advanced,Khan Academy,Upskilling,6,50
U03355,42,Canada,Student,Business,Advanced,FutureLearn,Upskilling,25,38
U03356,45,UK,Graduate,Design,Beginner,Skillshare,Promotion,8,24
U03357,21,UK,Student,Programming,Advanced,DataCamp,Certification,24,42
U03358,55,India,Student,Design,Beginner,Coursera,Upskilling,23,31
U03359,50,Australia,Graduate,Data Science,Advanced,Udemy,Upskilling,9,16
U03360,34,USA,Graduate,Business,Beginner,DataCamp,Certification,22,41
U03361,31,Germany,Graduate,Soft Skills,Advanced,Udemy,Interview Prep,7,45
U03362,30,USA,Graduate,Cybersecurity,Advanced,LinkedIn Learning,Interview Prep,2,43
U03363,19,UK,Student,Mobile,Beginner,LinkedIn Learning,College Project,24,39
U03364,21,India,Graduate,Programming,Beginner,edX,Certification,13,31
U03365,45,Canada,Student,Business,Intermediate,Udemy,Promotion,26,4
U03366,48,USA,Student,Programming,Beginner,Khan Academy,Career Switch,26,32
U03367,48,India,Graduate,Web,Intermediate,DataCamp,Certification,23,7
U03368,50,UK,Graduate,Business,Beginner,Skillshare,Upskilling,13,28
U03369,20,UK,Student,Cybersecurity,Beginner,Skillshare,Promotion,9,12
U03370,27,Canada,Postgraduate,Design,Intermediate,FutureLearn,Upskilling,12,43
U03371,53,UK,Graduate,Mobile,Intermediate,LinkedIn Learning,Promotion,23,31
U03372,49,Canada,Postgraduate,Programming,Intermediate,FutureLearn,Interview Prep,3,3
U03373,38,UK,Student,Design,Intermediate,LinkedIn Learning,Certification,26,10
U03374,21,Germany,Student,Web,Advanced,edX,Career Switch,10,22
U03375,39,USA,Postgraduate,Web,Beginner,edX,Career Switch,25,30
U03376,21,UK,Graduate,Business,Intermediate,DataCamp,College Project,14,7
U03377,33,USA,Postgraduate,Soft Skills,Beginner,FutureLearn,Promotion,28,10
U03378,27,USA,Graduate,Web,Beginner,Coursera,College Project,15,20
U03379,22,Germany,Student,Cybersecurity,Intermediate,Skillshare,Upskilling,15,33
U03380,25,USA,Student,AI,Advanced,Udemy,Certification,25,50
U03381,41,Australia,Graduate,Business,Beginner,Coursera,Promotion,2,46
U03382,50,USA,Graduate,Soft Skills,Advanced,edX,College Project,29,42
U03383,32,India,Student,Web,Advanced,Udemy,Interview Prep,18,9
U03384,21,Australia,Postgraduate,Data Science,Intermediate,FutureLearn,Upskilling,16,26
U03385,26,Germany,Student,Cloud,Beginner,Skillshare,Certification,13,19
U03386,44,USA,Postgraduate,Cybersecurity,Beginner,Skillshare,Interview Prep,2,9
U03387,39,India,Graduate,Cybersecurity,Beginner,Skillshare,Career Switch,16,47
U03388,31,Germany,Graduate,Cloud,Advanced,edX,College Project,8,16
U03389,31,USA,Graduate,AI,Advanced,edX,College Project,22,19
U03390,47,Australia,Graduate,Data Science,Advanced,Skillshare,Upskilling,22,2
U03391,35,UK,Postgraduate,Web,Intermediate,Khan Academy,Interview Prep,15,24
U03392,40,Germany,Postgraduate,Data Science,Beginner,DataCamp,Certification,21,23
U03393,28,Australia,Student,Programming,Advanced,edX,Career Switch,15,33
U03394,45,Canada,Student,Design,Beginner,FutureLearn,Promotion,27,24
U03395,18,UK,Student,Programming,Advanced,Coursera,Interview Prep,27,49
U03396,36,India,Postgraduate,Design,Advanced,Udemy,Promotion,18,45
U03397,42,UK,Postgraduate,Programming,Beginner,LinkedIn Learning,Certification,12,20
U03398,40,Australia,Graduate,Cybersecurity,Intermediate,Skillshare,Upskilling,28,4
U03399,33,USA,Postgraduate,Data Science,Advanced,FutureLearn,Upskilling,26,0
U03400,28,Australia,Postgraduate,Mobile,Beginner,Udemy,College Project,20,37
U03401,20,India,Postgraduate,Mobile,Intermediate,Khan Academy,Promotion,9,23
U03402,36,Canada,Postgraduate,Business,Beginner,Khan Academy,Certification,15,19
U03403,31,India,Student,Soft Skills,Intermediate,LinkedIn Learning,Upskilling,25,5
U03404,23,USA,Student,Web,Intermediate,LinkedIn Learning,Certification,16,21
U03405,47,USA,Postgraduate,Soft Skills,Intermediate,DataCamp,Career Switch,17,34
U03406,21,USA,Student,Cloud,Beginner,Khan Academy,Career Switch,24,30
U03407,44,India,Graduate,Design,Advanced,DataCamp,Career Switch,27,19
U03408,27,Germany,Student,Web,Advanced,Skillshare,Promotion,21,45
U03409,19,UK,Postgraduate,Soft Skills,Beginner,Skillshare,College Project,30,45
U03410,41,Canada,Graduate,Mobile,Intermediate,LinkedIn Learning,Promotion,26,15
U03411,54,Germany,Postgraduate,Programming,Advanced,edX,College Project,8,35
U03412,35,UK,Student,Design,Beginner,edX,Interview Prep,24,16
U03413,33,USA,Graduate,Cybersecurity,Intermediate,DataCamp,College Project,3,22
U03414,25,UK,Graduate,Soft Skills,Intermediate,Khan Academy,Interview Prep,27,25
U03415,50,Australia,Graduate,Programming,Advanced,Coursera,Certification,3,16
U03416,55,Germany,Postgraduate,Programming,Beginner,Skillshare,Promotion,6,13
U03417,51,USA,Student,Web,Beginner,Skillshare,College Project,10,17
U03418,30,UK,Student,Business,Beginner,Coursera,Upskilling,24,9
U03419,35,Australia,Postgraduate,Programming,Beginner,DataCamp,Interview Prep,15,2
U03420,40,Canada,Student,Web,Advanced,Udemy,Interview Prep,25,14
U03421,47,Canada,Postgraduate,Programming,Beginner,Khan Academy,Promotion,19,20
U03422,43,USA,Student,Design,Beginner,FutureLearn,Promotion,24,12
U03423,34,India,Graduate,Mobile,Beginner,FutureLearn,Promotion,30,30
U03424,41,USA,Graduate,Data Science,Beginner,edX,Upskilling,21,49
U03425,55,Germany,Postgraduate,Cybersecurity,Beginner,Skillshare,Interview Prep,13,22
U03426,26,Canada,Student,Web,Intermediate,Skillshare,Promotion,16,43
U03427,38,Germany,Student,Soft Skills,Advanced,DataCamp,Promotion,4,26
U03428,46,USA,Student,Design,Beginner,LinkedIn Learning,College Project,30,39
U03429,44,Germany,Student,Design,Advanced,Khan Academy,Interview Prep,15,14
U03430,20,Canada,Student,Web,Intermediate,LinkedIn Learning,Interview Prep,6,31
U03431,22,UK,Postgraduate,Cloud,Advanced,Coursera,Interview Prep,23,6
U03432,29,Canada,Student,Web,Intermediate,LinkedIn Learning,Promotion,7,2
U03433,27,Canada,Graduate,Cloud,Intermediate,Skillshare,Promotion,21,1
U03434,53,India,Graduate,Web,Beginner,edX,College Project,20,35
U03435,49,India,Student,Design,Advanced,FutureLearn,Interview Prep,13,15
U03436,38,Australia,Student,Programming,Intermediate,DataCamp,Upskilling,25,8
U03437,47,Germany,Postgraduate,Design,Beginner,edX,Career Switch,7,18
U03438,41,Australia,Student,Soft Skills,Advanced,LinkedIn Learning,Career Switch,9,19
U03439,47,India,Postgraduate,Cloud,Beginner,Skillshare,Certification,20,38
U03440,21,Germany,Graduate,Cloud,Advanced,DataCamp,Upskilling,15,18
U03441,49,India,Student,Business,Beginner,edX,Career Switch,28,33
U03442,29,Australia,Postgraduate,Soft Skills,Beginner,LinkedIn Learning,Promotion,29,37
U03443,46,India,Graduate,Programming,Intermediate,Coursera,Upskilling,12,14
U03444,21,Canada,Student,Business,Beginner,FutureLearn,Certification,23,37
U03445,22,India,Graduate,Web,Advanced,FutureLearn,Upskilling,22,27
U03446,33,UK,Postgraduate,Soft Skills,Beginner,edX,Upskilling,13,29
U03447,54,India,Student,AI,Advanced,Khan Academy,Promotion,12,27
U03448,31,Germany,Graduate,Cloud,Advanced,Udemy,Certification,22,13
U03449,29,Germany,Postgraduate,Design,Intermediate,FutureLearn,Interview Prep,11,35
U03450,25,Canada,Postgraduate,Mobile,Intermediate,FutureLearn,Upskilling,30,15
U03451,42,UK,Graduate,Web,Intermediate,LinkedIn Learning,Interview Prep,14,29
U03452,42,Germany,Postgraduate,Data Science,Intermediate,Skillshare,College Project,19,50
U03453,50,Australia,Graduate,Web,Intermediate,LinkedIn Learning,College Project,19,7
U03454,55,Germany,Graduate,Cloud,Intermediate,Udemy,Certification,19,22
U03455,22,USA,Postgraduate,Design,Advanced,LinkedIn Learning,Promotion,17,22
U03456,25,Canada,Student,Cloud,Intermediate,Khan Academy,Promotion,10,44
U03457,31,Germany,Student,Soft Skills,Intermediate,Coursera,Promotion,12,24
U03458,53,India,Graduate,AI,Advanced,Udemy,Promotion,11,36
U03459,26,Australia,Graduate,Web,Advanced,Khan Academy,Interview Prep,27,39
U03460,27,Australia,Student,Programming,Intermediate,Khan Academy,Certification,5,28
U03461,20,USA,Postgraduate,Cloud,Beginner,FutureLearn,College Project,10,7
U03462,27,USA,Postgraduate,Business,Beginner,Coursera,Career Switch,6,9
U03463,36,USA,Student,Soft Skills,Intermediate,Skillshare,Career Switch,28,1
U03464,53,USA,Student,Web,Intermediate,DataCamp,Career Switch,26,43
U03465,52,India,Graduate,Mobile,Intermediate,FutureLearn,Career Switch,2,4
U03466,37,Australia,Student,Business,Beginner,FutureLearn,College Project,14,46
U03467,54,Canada,Student,Mobile,Intermediate,Khan Academy,Certification,12,25
U03468,21,Canada,Graduate,Design,Advanced,edX,Career Switch,26,38
U03469,29,Canada,Graduate,Design,Advanced,FutureLearn,Certification,24,20
U03470,48,India,Postgraduate,Programming,Advanced,Udemy,Certification,5,14
U03471,39,Australia,Student,Web,Advanced,Khan Academy,Certification,14,28
U03472,31,Canada,Student,Programming,Intermediate,DataCamp,Career Switch,13,40
U03473,45,USA,Graduate,Design,Beginner,LinkedIn Learning,Certification,6,14
U03474,37,Canada,Graduate,Programming,Advanced,edX,Promotion,16,15
U03475,48,India,Graduate,Soft Skills,Advanced,DataCamp,Upskilling,2,42
U03476,23,USA,Graduate,Programming,Advanced,Coursera,Interview Prep,26,18
U03477,19,Canada,Postgraduate,AI,Beginner,Skillshare,Upskilling,17,44
U03478,27,Germany,Postgraduate,Programming,Advanced,LinkedIn Learning,Career Switch,7,47
U03479,37,Australia,Postgraduate,Cybersecurity,Intermediate,Khan Academy,Career Switch,3,45
U03480,26,India,Graduate,Mobile,Beginner,Skillshare,College Project,29,19
U03481,48,India,Graduate,Programming,Advanced,DataCamp,Upskilling,13,18
U03482,50,Canada,Student,Cybersecurity,Advanced,Coursera,Interview Prep,20,33
U03483,22,UK,Graduate,Web,Intermediate,LinkedIn Learning,Career Switch,26,12
U03484,18,USA,Student,Programming,Intermediate,Skillshare,Certification,5,47
U03485,54,India,Student,AI,Beginner,edX,Interview Prep,11,2
U03486,19,India,Postgraduate,Data Science,Advanced,DataCamp,Promotion,20,15
U03487,38,USA,Graduate,Business,Advanced,Udemy,Upskilling,25,37
U03488,46,USA,Postgraduate,Business,Beginner,Skillshare,College Project,25,16
U03489,52,India,Graduate,Soft Skills,Beginner,edX,Promotion,24,41
U03490,35,Germany,Graduate,Data Science,Intermediate,Khan Academy,Promotion,14,45
U03491,55,USA,Student,Design,Beginner,Skillshare,College Project,29,22
U03492,53,USA,Postgraduate,Soft Skills,Beginner,FutureLearn,Promotion,23,7
U03493,27,India,Postgraduate,AI,Advanced,Skillshare,Upskilling,27,18
U03494,42,Germany,Graduate,Cybersecurity,Beginner,Coursera,Upskilling,9,49
U03495,49,UK,Student,Programming,Beginner,edX,Certification,15,45
U03496,23,Germany,Student,AI,Intermediate,DataCamp,Upskilling,5,13
U03497,36,Germany,Student,Cybersecurity,Beginner,Coursera,Career Switch,13,8
U03498,31,Germany,Student,Mobile,Advanced,DataCamp,Upskilling,23,22
U03499,25,Germany,Student,Data Science,Advanced,edX,Career Switch,10,15
U03500,34,USA,Student,Business,Intermediate,Coursera,Certification,9,45
U03501,48,Canada,Student,Cloud,Intermediate,Khan Academy,Career Switch,17,26
U03502,20,Australia,Postgraduate,Mobile,Intermediate,edX,Interview Prep,24,31
U03503,21,Australia,Student,AI,Beginner,LinkedIn Learning,Interview Prep,4,29
U03504,48,Canada,Graduate,Web,Beginner,Udemy,Promotion,10,10
U03505,31,UK,Graduate,Soft Skills,Beginner,Khan Academy,Interview Prep,16,34
U03506,26,India,Student,Programming,Advanced,Udemy,Career Switch,22,46
U03507,26,Canada,Graduate,Cybersecurity,Advanced,LinkedIn Learning,Interview Prep,2,38
U03508,19,Australia,Student,Cybersecurity,Advanced,LinkedIn Learning,Promotion,20,44
U03509,46,Germany,Graduate,Business,Beginner,Coursera,Certification,8,3
U03510,19,Canada,Postgraduate,Business,Intermediate,edX,Interview Prep,2,39
U03511,50,UK,Postgraduate,Business,Advanced,edX,Certification,28,45
U03512,38,India,Graduate,Cybersecurity,Advanced,Khan Academy,Career Switch,28,10
U03513,50,Australia,Student,Mobile,Beginner,Coursera,Upskilling,9,8
U03514,40,Australia,Student,Design,Intermediate,Coursera,Upskilling,8,11
U03515,39,Australia,Graduate,Web,Intermediate,Coursera,Career Switch,16,34
U03516,19,Australia,Student,Soft Skills,Intermediate,Udemy,Certification,23,31
U03517,47,Australia,Graduate,Cybersecurity,Intermediate,FutureLearn,Career Switch,4,20
U03518,23,Canada,Postgraduate,Data Science,Advanced,DataCamp,College Project,12,10
U03519,30,Canada,Graduate,Programming,Advanced,edX,Certification,21,29
U03520,42,Germany,Graduate,Business,Beginner,Udemy,Promotion,3,8
U03521,37,Germany,Graduate,Web,Intermediate,Khan Academy,Upskilling,16,37
U03522,55,Australia,Student,Business,Advanced,Udemy,Certification,13,23
U03523,49,Australia,Student,Cybersecurity,Advanced,Udemy,College Project,30,49
U03524,45,India,Postgraduate,Programming,Intermediate,Khan Academy,College Project,23,9
U03525,46,Australia,Student,Cloud,Advanced,Skillshare,Certification,12,21
U03526,37,USA,Graduate,Mobile,Beginner,Coursera,Interview Prep,2,16
U03527,21,Canada,Graduate,Design,Intermediate,Skillshare,Certification,30,26
U03528,47,Germany,Postgraduate,AI,Beginner,Udemy,Upskilling,12,21
U03529,54,USA,Postgraduate,Design,Intermediate,DataCamp,Promotion,16,5
U03530,30,USA,Graduate,Design,Beginner,Coursera,Interview Prep,4,19
U03531,42,Germany,Postgraduate,Business,Beginner,FutureLearn,Upskilling,5,3
U03532,43,USA,Postgraduate,Data Science,Beginner,Skillshare,College Project,24,14
U03533,36,Australia,Postgraduate,Data Science,Beginner,Skillshare,Certification,20,43
U03534,28,Australia,Postgraduate,Cloud,Intermediate,Khan Academy,College Project,5,35
U03535,24,Canada,Student,Web,Intermediate,Udemy,Upskilling,2,1
U03536,18,USA,Student,Soft Skills,Advanced,Skillshare,Upskilling,29,32
U03537,43,India,Postgraduate,Web,Beginner,Coursera,Upskilling,26,36
U03538,19,USA,Postgraduate,Design,Intermediate,Khan Academy,Certification,15,44
U03539,18,Australia,Postgraduate,Mobile,Intermediate,Khan Academy,Upskilling,20,27
U03540,26,UK,Graduate,Web,Intermediate,DataCamp,Career Switch,18,26
U03541,46,UK,Student,AI,Beginner,edX,Interview Prep,9,45
U03542,22,Australia,Student,Cloud,Advanced,DataCamp,Certification,14,9
U03543,42,India,Student,Business,Advanced,Coursera,Interview Prep,22,6
U03544,37,Canada,Postgraduate,Mobile,Intermediate,edX,Promotion,29,27
U03545,27,India,Postgraduate,Programming,Advanced,LinkedIn Learning,Career Switch,4,34
U03546,47,UK,Postgraduate,Programming,Intermediate,DataCamp,Certification,12,15
U03547,47,UK,Postgraduate,Web,Advanced,Coursera,Upskilling,28,33
U03548,37,Canada,Graduate,Data Science,Intermediate,LinkedIn Learning,College Project,17,37
U03549,48,Canada,Student,Business,Advanced,LinkedIn Learning,Upskilling,13,38
U03550,27,UK,Postgraduate,Soft Skills,Intermediate,FutureLearn,College Project,29,4
U03551,44,India,Student,Cybersecurity,Intermediate,edX,Certification,22,35
U03552,44,India,Postgraduate,Cloud,Advanced,DataCamp,College Project,5,43
U03553,22,India,Postgraduate,AI,Intermediate,Khan Academy,Certification,3,45
U03554,30,Canada,Graduate,Business,Beginner,Coursera,Upskilling,6,17
U03555,41,India,Postgraduate,Design,Intermediate,LinkedIn Learning,Upskilling,19,0
U03556,24,USA,Graduate,Soft Skills,Intermediate,edX,College Project,11,22
U03557,30,USA,Postgraduate,AI,Advanced,Khan Academy,Certification,5,0
U03558,41,India,Postgraduate,Programming,Intermediate,Udemy,Interview Prep,16,1
U03559,23,Canada,Student,AI,Advanced,edX,College Project,10,39
U03560,40,USA,Student,Cybersecurity,Beginner,LinkedIn Learning,Upskilling,15,36
U03561,48,Canada,Student,AI,Advanced,Coursera,Upskilling,25,6
U03562,38,Australia,Student,Programming,Intermediate,Khan Academy,Upskilling,26,14
U03563,42,Germany,Graduate,Business,Beginner,FutureLearn,Interview Prep,27,0
U03564,19,USA,Postgraduate,Web,Intermediate,LinkedIn Learning,Career Switch,23,2
U03565,52,Australia,Postgraduate,Cloud,Advanced,LinkedIn Learning,Career Switch,9,19
U03566,48,UK,Student,Web,Intermediate,Coursera,Certification,15,29
U03567,22,Canada,Student,Cybersecurity,Beginner,FutureLearn,Interview Prep,6,49
U03568,38,Canada,Postgraduate,Data Science,Beginner,FutureLearn,Upskilling,25,28
U03569,48,UK,Student,Data Science,Advanced,DataCamp,College Project,13,28
U03570,46,UK,Graduate,Mobile,Beginner,Skillshare,Career Switch,11,11
U03571,22,Germany,Student,Data Science,Beginner,LinkedIn Learning,Upskilling,28,36
U03572,30,USA,Postgraduate,Programming,Intermediate,FutureLearn,Career Switch,3,23
U03573,44,UK,Postgraduate,Cloud,Advanced,Khan Academy,Interview Prep,26,47
U03574,31,Germany,Graduate,Cybersecurity,Beginner,Khan Academy,Career Switch,2,4
U03575,37,USA,Postgraduate,Design,Advanced,edX,Promotion,30,36
U03576,36,UK,Postgraduate,Data Science,Intermediate,LinkedIn Learning,College Project,2,27
U03577,18,Canada,Student,Web,Intermediate,Coursera,Promotion,13,41
U03578,20,Australia,Postgraduate,Data Science,Advanced,FutureLearn,Career Switch,16,23
U03579,43,USA,Postgraduate,Data Science,Beginner,Udemy,College Project,10,13
U03580,55,Canada,Postgraduate,Data Science,Advanced,Coursera,Career Switch,12,22
U03581,41,USA,Postgraduate,Cloud,Beginner,Skillshare,Upskilling,6,5
U03582,26,USA,Student,Web,Intermediate,LinkedIn Learning,Interview Prep,26,41
U03583,39,Germany,Student,AI,Beginner,Coursera,Promotion,4,24
U03584,46,Canada,Student,Data Science,Beginner,Udemy,College Project,25,21
U03585,47,UK,Postgraduate,Mobile,Intermediate,FutureLearn,College Project,24,18
U03586,20,India,Postgraduate,AI,Intermediate,DataCamp,Certification,12,39
U03587,50,USA,Graduate,Cloud,Beginner,Khan Academy,Upskilling,5,26
U03588,22,UK,Graduate,Web,Beginner,FutureLearn,Upskilling,24,38
U03589,49,USA,Student,Web,Beginner,Skillshare,College Project,23,16
U03590,40,India,Postgraduate,AI,Intermediate,edX,Promotion,17,9
U03591,47,Australia,Graduate,AI,Beginner,Coursera,Interview Prep,4,46
U03592,36,Canada,Student,Cybersecurity,Advanced,Skillshare,Upskilling,26,43
U03593,46,USA,Student,Design,Intermediate,DataCamp,Promotion,21,5
U03594,37,UK,Student,Design,Intermediate,edX,Certification,26,20
U03595,23,USA,Graduate,Programming,Intermediate,FutureLearn,Promotion,19,30
U03596,38,UK,Postgraduate,Business,Beginner,Coursera,Career Switch,9,39
U03597,52,Germany,Student,Web,Intermediate,edX,Promotion,12,2
U03598,36,Canada,Student,Data Science,Advanced,DataCamp,Certification,25,40
U03599,49,Canada,Postgraduate,Business,Beginner,Khan Academy,College Project,16,25
U03600,48,Canada,Graduate,Soft Skills,Advanced,Udemy,Promotion,10,44
U03601,34,Germany,Graduate,Cybersecurity,Advanced,DataCamp,Certification,4,15
U03602,27,Canada,Student,Soft Skills,Intermediate,Khan Academy,Interview Prep,15,29
U03603,31,Australia,Graduate,Soft Skills,Advanced,LinkedIn Learning,College Project,23,16
U03604,44,India,Student,Cybersecurity,Beginner,Udemy,Certification,14,39
U03605,35,Germany,Postgraduate,Mobile,Beginner,LinkedIn Learning,Career Switch,17,24
U03606,38,Germany,Graduate,Cybersecurity,Beginner,Udemy,Upskilling,9,14
U03607,46,Germany,Graduate,AI,Intermediate,Khan Academy,Interview Prep,27,39
U03608,41,USA,Student,Data Science,Intermediate,Udemy,Career Switch,14,27
U03609,54,UK,Postgraduate,Mobile,Advanced,FutureLearn,College Project,27,48
U03610,22,Australia,Postgraduate,Cloud,Intermediate,Udemy,Certification,22,17
U03611,45,India,Postgraduate,Business,Intermediate,FutureLearn,Career Switch,2,19
U03612,49,USA,Student,Mobile,Intermediate,Udemy,College Project,11,40
U03613,36,India,Student,Soft Skills,Intermediate,FutureLearn,Upskilling,30,8
U03614,19,UK,Postgraduate,Cybersecurity,Intermediate,Coursera,Promotion,22,46
U03615,37,India,Student,Web,Advanced,Khan Academy,College Project,10,2
U03616,55,India,Graduate,Mobile,Advanced,Udemy,College Project,29,25
U03617,24,UK,Graduate,Cybersecurity,Advanced,edX,Certification,19,29
U03618,53,Canada,Postgraduate,Web,Intermediate,FutureLearn,Certification,5,26
U03619,19,Australia,Graduate,AI,Beginner,Udemy,Interview Prep,12,46
U03620,35,Australia,Postgraduate,Cloud,Beginner,FutureLearn,Certification,18,23
U03621,36,Germany,Student,Design,Beginner,DataCamp,College Project,22,23
U03622,36,USA,Student,Programming,Advanced,FutureLearn,Promotion,18,10
U03623,54,USA,Graduate,Web,Intermediate,Coursera,Promotion,15,50
U03624,29,India,Postgraduate,Cloud,Advanced,Udemy,College Project,5,6
U03625,39,Germany,Postgraduate,Cybersecurity,Beginner,FutureLearn,College Project,21,6
U03626,51,USA,Postgraduate,Design,Intermediate,DataCamp,College Project,20,1
U03627,40,Germany,Graduate,Programming,Intermediate,FutureLearn,Promotion,26,7
U03628,51,Germany,Postgraduate,Business,Beginner,LinkedIn Learning,College Project,26,20
U03629,27,USA,Postgraduate,Programming,Intermediate,Coursera,Upskilling,18,11
U03630,37,Germany,Graduate,Mobile,Intermediate,Udemy,College Project,19,20
U03631,48,Germany,Student,Web,Advanced,Udemy,Upskilling,13,38
U03632,53,Canada,Graduate,Data Science,Intermediate,edX,College Project,13,18
U03633,46,Canada,Graduate,Data Science,Advanced,Skillshare,Interview Prep,27,40
U03634,39,Germany,Student,Cybersecurity,Advanced,Udemy,Promotion,4,19
U03635,42,Australia,Postgraduate,Cloud,Advanced,DataCamp,Upskilling,14,41
U03636,46,UK,Student,Design,Intermediate,DataCamp,Interview Prep,10,45
U03637,35,Germany,Postgraduate,Cloud,Intermediate,LinkedIn Learning,College Project,30,41
U03638,49,India,Postgraduate,AI,Beginner,Coursera,Career Switch,30,37
U03639,43,UK,Student,Programming,Intermediate,LinkedIn Learning,Certification,4,36
U03640,31,Australia,Student,Web,Intermediate,Skillshare,Upskilling,21,5
U03641,46,Germany,Postgraduate,Web,Advanced,LinkedIn Learning,Career Switch,12,38
U03642,27,India,Student,Programming,Intermediate,Coursera,Certification,15,4
U03643,52,Australia,Postgraduate,Programming,Advanced,DataCamp,Upskilling,4,40
U03644,52,Australia,Postgraduate,Mobile,Intermediate,LinkedIn Learning,Certification,21,48
U03645,29,USA,Student,Cybersecurity,Beginner,edX,Promotion,14,33
U03646,31,Germany,Student,AI,Beginner,Coursera,Certification,24,2
U03647,46,USA,Postgraduate,Design,Advanced,edX,Career Switch,2,12
U03648,35,USA,Student,Web,Beginner,edX,Interview Prep,5,48
U03649,48,USA,Postgraduate,Business,Beginner,Khan Academy,Interview Prep,20,33
U03650,36,Germany,Student,Programming,Intermediate,DataCamp,Interview Prep,23,15
U03651,20,UK,Student,Business,Advanced,Skillshare,Certification,13,47
U03652,49,USA,Postgraduate,Cybersecurity,Intermediate,LinkedIn Learning,Career Switch,20,31
U03653,45,USA,Graduate,Soft Skills,Intermediate,Skillshare,Upskilling,25,8
U03654,43,UK,Postgraduate,Design,Beginner,LinkedIn Learning,Interview Prep,11,25
U03655,18,India,Postgraduate,Mobile,Advanced,Coursera,Certification,12,37
U03656,18,Australia,Student,Web,Intermediate,Khan Academy,Interview Prep,29,40
U03657,24,India,Postgraduate,Design,Intermediate,LinkedIn Learning,Certification,30,31
U03658,24,Germany,Postgraduate,Cybersecurity,Advanced,Udemy,College Project,27,9
U03659,30,Canada,Graduate,Mobile,Intermediate,Skillshare,Promotion,19,43
U03660,37,Australia,Postgraduate,Soft Skills,Intermediate,edX,Upskilling,5,23
U03661,42,USA,Student,Soft Skills,Advanced,Udemy,Career Switch,19,8
U03662,38,Canada,Postgraduate,Programming,Intermediate,Coursera,College Project,26,22
U03663,28,USA,Postgraduate,Design,Intermediate,FutureLearn,Career Switch,5,4
U03664,44,Australia,Graduate,Soft Skills,Advanced,Khan Academy,Promotion,9,0
U03665,19,India,Graduate,Business,Advanced,DataCamp,Promotion,12,19
U03666,52,USA,Student,AI,Advanced,Khan Academy,Career Switch,18,46
U03667,36,India,Student,Design,Intermediate,Udemy,Career Switch,17,25
U03668,21,UK,Postgraduate,Business,Advanced,Skillshare,Interview Prep,3,35
U03669,51,India,Postgraduate,Business,Intermediate,FutureLearn,Career Switch,9,7
U03670,40,India,Student,Web,Beginner,LinkedIn Learning,Promotion,3,39
U03671,53,USA,Student,Mobile,Intermediate,Skillshare,Upskilling,30,22
U03672,20,Canada,Graduate,Cybersecurity,Beginner,DataCamp,Certification,22,15
U03673,35,Australia,Graduate,Programming,Intermediate,Khan Academy,Certification,7,50
U03674,48,India,Student,Cloud,Intermediate,edX,College Project,16,50
U03675,19,Canada,Postgraduate,AI,Advanced,Khan Academy,Certification,9,30
U03676,28,USA,Graduate,Soft Skills,Intermediate,FutureLearn,Career Switch,18,18
U03677,23,Canada,Postgraduate,AI,Intermediate,FutureLearn,Upskilling,14,15
U03678,44,Germany,Student,Soft Skills,Beginner,Udemy,Career Switch,27,7
U03679,27,Australia,Postgraduate,Data Science,Beginner,FutureLearn,Promotion,23,15
U03680,41,USA,Postgraduate,Web,Advanced,LinkedIn Learning,Career Switch,20,49
U03681,47,Germany,Graduate,Programming,Beginner,LinkedIn Learning,Interview Prep,15,28
U03682,36,USA,Graduate,Soft Skills,Intermediate,LinkedIn Learning,Career Switch,12,17
U03683,35,UK,Graduate,Soft Skills,Intermediate,FutureLearn,Career Switch,26,24
U03684,44,Germany,Postgraduate,Mobile,Advanced,Khan Academy,Upskilling,10,7
U03685,50,India,Student,Soft Skills,Advanced,Udemy,Interview Prep,3,11
U03686,24,India,Graduate,Cloud,Beginner,Coursera,Interview Prep,12,46
U03687,38,Australia,Postgraduate,Cloud,Beginner,edX,Upskilling,6,30
U03688,23,Canada,Student,Mobile,Advanced,LinkedIn Learning,Career Switch,11,48
U03689,25,UK,Student,Design,Advanced,LinkedIn Learning,Interview Prep,8,17
U03690,51,Germany,Student,Soft Skills,Beginner,DataCamp,College Project,30,49
U03691,53,USA,Student,Business,Advanced,edX,Upskilling,26,3
U03692,31,Canada,Student,Soft Skills,Advanced,Coursera,Promotion,23,22
U03693,46,USA,Postgraduate,Cloud,Intermediate,DataCamp,College Project,2,50
U03694,36,USA,Student,Soft Skills,Beginner,Coursera,Interview Prep,3,46
U03695,39,Australia,Student,Programming,Beginner,DataCamp,Certification,20,0
U03696,53,India,Graduate,Business,Advanced,Udemy,Certification,3,27
U03697,31,USA,Postgraduate,Programming,Intermediate,FutureLearn,Certification,12,15
U03698,49,Canada,Student,Design,Beginner,edX,Interview Prep,14,12
U03699,24,Germany,Student,Soft Skills,Intermediate,LinkedIn Learning,Career Switch,16,2
U03700,20,UK,Student,AI,Intermediate,Udemy,Upskilling,9,6
U03701,39,USA,Graduate,Mobile,Intermediate,Skillshare,Interview Prep,10,2
U03702,35,Australia,Student,Mobile,Advanced,LinkedIn Learning,Interview Prep,17,31
U03703,25,India,Graduate,Programming,Advanced,Khan Academy,Certification,22,22
U03704,53,Canada,Graduate,Mobile,Advanced,edX,Interview Prep,12,27
U03705,43,USA,Postgraduate,Mobile,Beginner,edX,Upskilling,8,4
U03706,20,UK,Postgraduate,Business,Advanced,Udemy,Interview Prep,12,6
U03707,22,UK,Student,Design,Beginner,edX,Upskilling,3,40
U03708,31,USA,Student,Design,Beginner,Coursera,College Project,14,45
U03709,50,Australia,Student,Web,Intermediate,Skillshare,Certification,14,21
U03710,19,USA,Student,Programming,Beginner,Udemy,College Project,22,43
U03711,35,Germany,Postgraduate,Business,Intermediate,Coursera,Promotion,28,8
U03712,33,India,Student,Soft Skills,Beginner,Udemy,Upskilling,14,46
U03713,25,Germany,Graduate,Design,Advanced,Skillshare,College Project,21,8
U03714,20,Australia,Student,Design,Beginner,FutureLearn,Upskilling,5,28
U03715,29,Australia,Student,Design,Intermediate,Coursera,Upskilling,6,40
U03716,31,UK,Student,Soft Skills,Advanced,DataCamp,Upskilling,13,27
U03717,53,Germany,Graduate,Business,Advanced,LinkedIn Learning,Career Switch,29,3
U03718,22,Germany,Graduate,Programming,Beginner,Udemy,Upskilling,8,42
U03719,27,Australia,Student,Cybersecurity,Beginner,LinkedIn Learning,College Project,10,8
U03720,33,Australia,Graduate,AI,Advanced,FutureLearn,College Project,4,24
U03721,46,UK,Graduate,AI,Advanced,Coursera,Certification,27,33
U03722,42,USA,Student,Design,Beginner,Udemy,College Project,9,1
U03723,51,Germany,Postgraduate,Cloud,Intermediate,DataCamp,Certification,8,23
U03724,55,Germany,Graduate,Programming,Advanced,DataCamp,College Project,17,16
U03725,38,Germany,Student,Mobile,Beginner,Khan Academy,Interview Prep,30,40
U03726,39,Germany,Student,Programming,Advanced,Skillshare,Career Switch,17,9
U03727,28,India,Graduate,Design,Beginner,Coursera,Career Switch,16,42
U03728,43,Australia,Postgraduate,Cloud,Intermediate,Coursera,Career Switch,24,18
U03729,27,Canada,Graduate,Cloud,Advanced,Skillshare,Career Switch,19,49
U03730,48,Germany,Postgraduate,Cybersecurity,Intermediate,Skillshare,Promotion,18,30
U03731,30,USA,Postgraduate,Mobile,Intermediate,Udemy,Upskilling,22,43
U03732,19,Canada,Student,Mobile,Advanced,LinkedIn Learning,Certification,8,7
U03733,52,UK,Graduate,Web,Advanced,edX,College Project,22,46
U03734,27,Australia,Graduate,Mobile,Beginner,Coursera,Promotion,11,41
U03735,51,Germany,Graduate,Programming,Advanced,Udemy,Promotion,28,17
U03736,23,India,Student,Business,Advanced,Udemy,College Project,4,45
U03737,34,Australia,Student,Web,Advanced,Coursera,Career Switch,26,7
U03738,51,Germany,Student,Web,Beginner,Coursera,Upskilling,18,21
U03739,49,Australia,Student,Cybersecurity,Beginner,Udemy,College Project,22,38
U03740,33,UK,Postgraduate,Cybersecurity,Advanced,LinkedIn Learning,College Project,12,20
U03741,34,UK,Student,Business,Advanced,Skillshare,College Project,18,0
U03742,33,UK,Graduate,Cybersecurity,Beginner,LinkedIn Learning,College Project,17,48
U03743,54,UK,Postgraduate,Data Science,Beginner,Skillshare,Upskilling,17,47
U03744,30,Australia,Graduate,Design,Advanced,LinkedIn Learning,Promotion,22,23
U03745,25,Australia,Student,Business,Advanced,Udemy,Promotion,22,6
U03746,27,Canada,Graduate,Data Science,Intermediate,Coursera,College Project,30,45
U03747,39,USA,Student,Business,Beginner,Coursera,Career Switch,19,19
U03748,29,USA,Postgraduate,Design,Beginner,Skillshare,Certification,5,19
U03749,33,UK,Student,Data Science,Intermediate,LinkedIn Learning,Career Switch,6,35
U03750,48,Canada,Graduate,Programming,Beginner,Skillshare,Promotion,11,1
U03751,30,UK,Postgraduate,Design,Advanced,LinkedIn Learning,College Project,16,8
U03752,49,USA,Student,Mobile,Intermediate,Khan Academy,Promotion,18,24
U03753,23,Germany,Postgraduate,Cloud,Advanced,Udemy,Upskilling,10,36
U03754,30,Australia,Student,Data Science,Advanced,Skillshare,Upskilling,15,10
U03755,53,USA,Postgraduate,Programming,Beginner,LinkedIn Learning,Interview Prep,29,4
U03756,26,India,Graduate,AI,Advanced,LinkedIn Learning,Interview Prep,28,12
U03757,20,USA,Postgraduate,Web,Advanced,Skillshare,Certification,3,10
U03758,47,India,Student,Cybersecurity,Advanced,edX,Career Switch,6,12
U03759,32,India,Student,Data Science,Intermediate,Khan Academy,Upskilling,12,40
U03760,36,Germany,Postgraduate,Cybersecurity,Beginner,LinkedIn Learning,College Project,25,28
U03761,39,Australia,Graduate,Web,Beginner,edX,Upskilling,3,2
U03762,54,UK,Graduate,AI,Beginner,Coursera,Promotion,11,5
U03763,20,India,Postgraduate,Design,Beginner,edX,Promotion,6,50
U03764,33,UK,Student,Mobile,Intermediate,LinkedIn Learning,Career Switch,19,5
U03765,54,India,Student,Cloud,Advanced,Udemy,Interview Prep,11,33
U03766,30,Canada,Student,AI,Intermediate,Udemy,Upskilling,23,10
U03767,34,Germany,Postgraduate,Cloud,Intermediate,DataCamp,Upskilling,2,46
U03768,33,Canada,Graduate,Web,Advanced,FutureLearn,Interview Prep,8,4
U03769,40,India,Student,Business,Advanced,Skillshare,Certification,6,33
U03770,48,UK,Student,Cloud,Advanced,FutureLearn,Career Switch,11,47
U03771,42,USA,Graduate,Cybersecurity,Beginner,DataCamp,College Project,24,13
U03772,26,Germany,Graduate,Soft Skills,Advanced,Skillshare,Career Switch,7,38
U03773,51,Canada,Student,Cybersecurity,Intermediate,Udemy,Interview Prep,23,17
U03774,23,India,Graduate,Cloud,Intermediate,Udemy,Upskilling,27,19
U03775,31,Australia,Postgraduate,Mobile,Beginner,edX,Certification,9,9
U03776,47,Australia,Graduate,Programming,Beginner,edX,Promotion,5,31
U03777,32,Australia,Student,Design,Intermediate,FutureLearn,Promotion,14,6
U03778,44,Canada,Student,Mobile,Intermediate,Udemy,College Project,28,48
U03779,44,UK,Graduate,Cybersecurity,Advanced,LinkedIn Learning,Promotion,15,8
U03780,25,Australia,Student,Web,Beginner,Udemy,Promotion,14,43
U03781,36,USA,Graduate,Mobile,Intermediate,Udemy,Interview Prep,9,43
U03782,35,Germany,Postgraduate,Design,Beginner,DataCamp,Promotion,12,32
U03783,37,Germany,Student,Cybersecurity,Advanced,edX,Interview Prep,3,45
U03784,53,India,Student,Cloud,Advanced,edX,Interview Prep,4,2
U03785,33,UK,Student,Data Science,Intermediate,Khan Academy,Certification,4,45
U03786,44,USA,Graduate,AI,Beginner,LinkedIn Learning,Career Switch,26,13
U03787,29,USA,Student,Data Science,Advanced,Udemy,Career Switch,15,3
U03788,43,Australia,Graduate,Programming,Intermediate,FutureLearn,Promotion,16,46
U03789,45,India,Student,Business,Intermediate,Skillshare,Interview Prep,25,43
U03790,25,UK,Student,Data Science,Advanced,Khan Academy,Certification,2,11
U03791,42,UK,Student,Web,Advanced,Udemy,College Project,30,40
U03792,34,Australia,Graduate,Mobile,Intermediate,LinkedIn Learning,Promotion,10,43
U03793,28,Australia,Student,Design,Intermediate,FutureLearn,Upskilling,6,35
U03794,51,Germany,Graduate,Cloud,Advanced,LinkedIn Learning,Interview Prep,19,35
U03795,48,USA,Postgraduate,AI,Intermediate,edX,College Project,5,0
U03796,49,Australia,Student,Mobile,Beginner,Khan Academy,College Project,18,45
U03797,53,UK,Student,Design,Beginner,LinkedIn Learning,Certification,10,44
U03798,52,Germany,Graduate,Business,Beginner,DataCamp,Interview Prep,12,30
U03799,46,India,Graduate,Cloud,Advanced,LinkedIn Learning,Promotion,2,44
U03800,45,USA,Student,Soft Skills,Beginner,edX,Upskilling,15,28
U03801,42,UK,Graduate,Design,Advanced,edX,Certification,26,9
U03802,27,India,Student,Mobile,Advanced,Khan Academy,College Project,26,22
U03803,29,Canada,Student,Programming,Beginner,FutureLearn,Certification,21,17
U03804,24,Canada,Postgraduate,Cybersecurity,Advanced,LinkedIn Learning,Upskilling,10,16
U03805,21,USA,Postgraduate,Cloud,Advanced,LinkedIn Learning,Interview Prep,9,7
U03806,18,India,Student,Mobile,Intermediate,DataCamp,College Project,9,19
U03807,22,Germany,Graduate,Soft Skills,Beginner,FutureLearn,College Project,19,28
U03808,25,Australia,Student,Mobile,Intermediate,Coursera,Upskilling,10,31
U03809,31,Germany,Student,Business,Intermediate,DataCamp,Career Switch,28,33
U03810,45,Germany,Student,Cybersecurity,Intermediate,Skillshare,College Project,2,2
U03811,43,Germany,Student,Programming,Beginner,Udemy,Upskilling,7,6
U03812,52,Canada,Graduate,Cloud,Intermediate,Coursera,Upskilling,21,24
U03813,46,Canada,Graduate,AI,Advanced,DataCamp,Promotion,24,36
U03814,36,Canada,Graduate,Data Science,Beginner,FutureLearn,College Project,25,31
U03815,43,UK,Student,Cybersecurity,Advanced,edX,Promotion,11,43
U03816,19,Canada,Postgraduate,Mobile,Beginner,Coursera,College Project,18,9
U03817,47,India,Graduate,Design,Advanced,Khan Academy,Interview Prep,3,35
U03818,52,USA,Postgraduate,Data Science,Intermediate,DataCamp,Certification,18,41
U03819,55,India,Postgraduate,Mobile,Intermediate,edX,College Project,25,50
U03820,31,India,Postgraduate,Cloud,Beginner,FutureLearn,Interview Prep,9,8
U03821,27,Germany,Graduate,Mobile,Beginner,Coursera,Interview Prep,26,27
U03822,18,Australia,Graduate,Design,Beginner,FutureLearn,Interview Prep,12,46
U03823,51,India,Student,Mobile,Advanced,Skillshare,Upskilling,20,25
U03824,36,Germany,Graduate,Design,Advanced,edX,Upskilling,22,45
U03825,43,USA,Graduate,AI,Advanced,Udemy,Certification,2,48
U03826,29,Germany,Postgraduate,Data Science,Advanced,LinkedIn Learning,Promotion,24,28
U03827,36,UK,Graduate,Design,Intermediate,Udemy,College Project,9,50
U03828,36,Germany,Student,AI,Beginner,Coursera,Interview Prep,17,47
U03829,18,Australia,Student,Data Science,Beginner,Coursera,Career Switch,9,22
U03830,27,Canada,Postgraduate,Data Science,Advanced,LinkedIn Learning,Upskilling,19,24
U03831,41,Germany,Student,Design,Beginner,DataCamp,Certification,17,42
U03832,43,USA,Student,Business,Beginner,FutureLearn,Career Switch,17,41
U03833,49,Germany,Student,AI,Intermediate,Udemy,Career Switch,17,30
U03834,25,Canada,Student,Cloud,Beginner,Skillshare,Career Switch,12,35
U03835,43,Canada,Postgraduate,Cloud,Intermediate,LinkedIn Learning,Certification,24,22
U03836,55,UK,Postgraduate,Mobile,Advanced,FutureLearn,Career Switch,11,31
U03837,24,UK,Student,Design,Beginner,edX,Interview Prep,10,34
U03838,50,Australia,Postgraduate,Soft Skills,Intermediate,Udemy,Upskilling,25,13
U03839,28,India,Student,Soft Skills,Advanced,edX,College Project,13,35
U03840,51,USA,Postgraduate,Data Science,Advanced,Udemy,Interview Prep,4,23
U03841,22,Germany,Student,Programming,Beginner,Khan Academy,Upskilling,10,32
U03842,31,Germany,Graduate,Soft Skills,Intermediate,Skillshare,Upskilling,24,9
U03843,24,Canada,Postgraduate,Mobile,Intermediate,Coursera,Career Switch,13,29
U03844,47,USA,Student,AI,Intermediate,Khan Academy,Career Switch,2,25
U03845,38,Canada,Graduate,Business,Intermediate,LinkedIn Learning,Certification,9,41
U03846,44,Australia,Student,Soft Skills,Intermediate,edX,Interview Prep,26,17
U03847,22,Canada,Student,Cybersecurity,Advanced,Udemy,Upskilling,23,7
U03848,53,UK,Graduate,Soft Skills,Advanced,Udemy,Promotion,17,27
U03849,43,UK,Student,Cybersecurity,Intermediate,FutureLearn,Promotion,19,18
U03850,25,India,Student,Data Science,Advanced,Coursera,College Project,24,28
U03851,29,India,Postgraduate,Soft Skills,Intermediate,FutureLearn,College Project,5,48
U03852,29,Australia,Postgraduate,Programming,Beginner,Khan Academy,Promotion,6,49
U03853,40,Germany,Graduate,Design,Advanced,edX,Upskilling,15,25
U03854,20,USA,Postgraduate,Soft Skills,Advanced,DataCamp,Interview Prep,23,47
U03855,20,UK,Graduate,Design,Intermediate,Udemy,Career Switch,28,32
U03856,46,Canada,Postgraduate,Cloud,Intermediate,Udemy,Upskilling,6,14
U03857,38,Australia,Student,Programming,Advanced,DataCamp,Upskilling,14,11
U03858,30,Australia,Graduate,Programming,Intermediate,Coursera,Certification,4,24
U03859,29,USA,Student,Cybersecurity,Advanced,edX,Certification,9,17
U03860,53,Germany,Student,Programming,Advanced,DataCamp,Career Switch,25,23
U03861,50,USA,Graduate,Programming,Intermediate,Udemy,Promotion,23,38
U03862,21,Germany,Student,Mobile,Intermediate,edX,Career Switch,18,37
U03863,50,USA,Graduate,Business,Advanced,edX,Promotion,11,34
U03864,55,India,Graduate,Programming,Advanced,Udemy,College Project,4,27
U03865,47,Canada,Student,AI,Advanced,FutureLearn,College Project,6,14
U03866,45,Germany,Student,Cybersecurity,Advanced,edX,Certification,13,3
U03867,31,India,Graduate,Cybersecurity,Intermediate,Khan Academy,College Project,21,24
U03868,53,Canada,Graduate,Soft Skills,Intermediate,Skillshare,College Project,25,34
U03869,47,Canada,Postgraduate,Soft Skills,Beginner,Udemy,Career Switch,11,22
U03870,18,Australia,Student,Cybersecurity,Advanced,LinkedIn Learning,Interview Prep,14,43
U03871,24,Germany,Graduate,Mobile,Intermediate,Skillshare,Interview Prep,5,30
U03872,51,India,Postgraduate,Cloud,Beginner,Udemy,Career Switch,25,5
U03873,36,USA,Graduate,AI,Advanced,Skillshare,Certification,5,15
U03874,35,India,Student,Business,Advanced,FutureLearn,Certification,20,44
U03875,42,Germany,Postgraduate,Mobile,Advanced,Khan Academy,College Project,6,34
U03876,26,UK,Postgraduate,AI,Beginner,LinkedIn Learning,Upskilling,14,40
U03877,21,UK,Graduate,Programming,Intermediate,DataCamp,Interview Prep,7,13
U03878,31,Germany,Student,Design,Advanced,Udemy,College Project,17,40
U03879,23,UK,Graduate,Soft Skills,Intermediate,Udemy,College Project,27,11
U03880,45,UK,Student,AI,Intermediate,Coursera,Career Switch,2,23
U03881,52,Germany,Postgraduate,Cybersecurity,Beginner,Khan Academy,Career Switch,6,30
U03882,42,UK,Postgraduate,Data Science,Advanced,DataCamp,Promotion,9,44
U03883,31,Australia,Student,Cybersecurity,Intermediate,Khan Academy,Career Switch,26,26
U03884,41,Canada,Graduate,Cybersecurity,Intermediate,Coursera,Career Switch,20,17
U03885,33,India,Student,Data Science,Advanced,Udemy,Promotion,5,44
U03886,28,Australia,Postgraduate,Soft Skills,Advanced,LinkedIn Learning,College Project,21,6
U03887,22,Germany,Student,Data Science,Advanced,edX,College Project,5,32
U03888,35,Canada,Graduate,AI,Advanced,Coursera,Promotion,5,49
U03889,29,Germany,Postgraduate,Web,Advanced,Udemy,Interview Prep,24,37
U03890,44,Australia,Graduate,Mobile,Advanced,Udemy,Upskilling,20,10
U03891,53,Australia,Postgraduate,AI,Intermediate,Khan Academy,Upskilling,19,45
U03892,27,Canada,Graduate,AI,Advanced,FutureLearn,Interview Prep,3,10
U03893,24,India,Student,Data Science,Advanced,Skillshare,Career Switch,10,41
U03894,37,Australia,Graduate,Web,Beginner,Udemy,College Project,19,8
U03895,23,Germany,Postgraduate,Data Science,Intermediate,LinkedIn Learning,College Project,10,40
U03896,25,UK,Student,Cloud,Beginner,Coursera,College Project,27,50
U03897,33,UK,Postgraduate,Web,Beginner,DataCamp,Certification,21,2
U03898,24,Australia,Student,Design,Beginner,DataCamp,Career Switch,28,5
U03899,40,USA,Graduate,Mobile,Intermediate,edX,Career Switch,4,16
U03900,51,UK,Graduate,Soft Skills,Beginner,Skillshare,Promotion,4,19
U03901,22,Canada,Graduate,Cloud,Advanced,Udemy,Certification,7,22
U03902,32,USA,Postgraduate,Web,Beginner,DataCamp,Upskilling,13,23
U03903,49,UK,Graduate,Business,Advanced,Skillshare,Promotion,11,26
U03904,50,Germany,Postgraduate,Soft Skills,Advanced,edX,Interview Prep,23,11
U03905,18,Canada,Graduate,Mobile,Beginner,Udemy,Promotion,20,48
U03906,52,Germany,Student,AI,Beginner,DataCamp,Promotion,10,43
U03907,47,Canada,Student,Web,Beginner,Khan Academy,Certification,19,14
U03908,30,India,Student,Programming,Beginner,Khan Academy,Upskilling,30,26
U03909,27,Germany,Graduate,Business,Advanced,FutureLearn,Career Switch,24,39
U03910,36,Germany,Graduate,Soft Skills,Beginner,DataCamp,Upskilling,25,28
U03911,18,UK,Graduate,Data Science,Intermediate,FutureLearn,Promotion,5,30
U03912,45,Australia,Graduate,Programming,Intermediate,Coursera,College Project,22,36
U03913,29,Australia,Student,Design,Advanced,edX,College Project,17,46
U03914,37,India,Student,Soft Skills,Intermediate,edX,Certification,23,13
U03915,54,India,Postgraduate,Soft Skills,Advanced,Udemy,Certification,11,32
U03916,18,UK,Graduate,Mobile,Beginner,Skillshare,College Project,8,42
U03917,19,USA,Postgraduate,Data Science,Advanced,edX,Upskilling,26,44
U03918,48,UK,Postgraduate,Programming,Beginner,FutureLearn,Interview Prep,24,24
U03919,54,UK,Postgraduate,Cybersecurity,Advanced,FutureLearn,Career Switch,24,20
U03920,21,Canada,Postgraduate,Data Science,Advanced,Khan Academy,Certification,30,47
U03921,22,India,Student,Cloud,Beginner,Udemy,Interview Prep,21,48
U03922,45,Germany,Postgraduate,Business,Beginner,Coursera,Promotion,6,7
U03923,47,Canada,Student,Business,Intermediate,FutureLearn,Upskilling,18,33
U03924,23,India,Student,Data Science,Intermediate,Skillshare,Promotion,4,10
U03925,34,UK,Graduate,Data Science,Beginner,DataCamp,Upskilling,16,39
U03926,21,India,Graduate,Mobile,Intermediate,Skillshare,Interview Prep,11,24
U03927,29,Australia,Student,Business,Advanced,FutureLearn,Career Switch,2,14
U03928,18,India,Graduate,Data Science,Beginner,Khan Academy,Career Switch,11,50
U03929,49,Australia,Student,Soft Skills,Intermediate,LinkedIn Learning,Interview Prep,7,36
U03930,44,Canada,Postgraduate,Mobile,Intermediate,edX,Career Switch,20,32
U03931,19,Australia,Graduate,Programming,Advanced,Udemy,Upskilling,13,40
U03932,50,USA,Graduate,AI,Beginner,edX,Interview Prep,10,2
U03933,19,Germany,Student,AI,Intermediate,Skillshare,Certification,24,29
U03934,49,Canada,Postgraduate,Cloud,Beginner,FutureLearn,Certification,7,33
U03935,48,USA,Student,Data Science,Beginner,edX,Interview Prep,18,43
U03936,21,India,Student,Design,Advanced,LinkedIn Learning,Interview Prep,15,10
U03937,47,USA,Postgraduate,Mobile,Intermediate,FutureLearn,Promotion,22,9
U03938,45,Canada,Postgraduate,Mobile,Beginner,FutureLearn,Certification,3,11
U03939,37,India,Student,AI,Intermediate,Skillshare,Promotion,4,21
U03940,23,UK,Postgraduate,Cloud,Beginner,LinkedIn Learning,Career Switch,3,46
U03941,44,Australia,Graduate,Web,Intermediate,DataCamp,College Project,2,16
U03942,49,India,Graduate,Programming,Beginner,Coursera,College Project,9,29
U03943,51,India,Postgraduate,Mobile,Advanced,Skillshare,Upskilling,21,44
U03944,33,India,Graduate,Design,Beginner,Skillshare,College Project,3,20
U03945,51,Australia,Postgraduate,Business,Intermediate,FutureLearn,College Project,18,43
U03946,53,Australia,Postgraduate,Data Science,Beginner,DataCamp,Career Switch,12,2
U03947,51,India,Student,Cybersecurity,Beginner,LinkedIn Learning,Upskilling,15,41
U03948,45,USA,Postgraduate,Cybersecurity,Intermediate,Coursera,Upskilling,17,19
U03949,55,UK,Student,Mobile,Beginner,Skillshare,Upskilling,6,17
U03950,49,USA,Postgraduate,Programming,Advanced,DataCamp,Interview Prep,13,7
U03951,44,Canada,Graduate,Web,Advanced,DataCamp,Interview Prep,30,41
U03952,42,Germany,Graduate,Mobile,Advanced,Udemy,Certification,18,47
U03953,29,UK,Postgraduate,Cybersecurity,Beginner,Skillshare,Certification,25,6
U03954,22,Canada,Student,Design,Intermediate,DataCamp,Upskilling,11,15
U03955,26,Germany,Student,Mobile,Advanced,edX,Certification,20,10
U03956,43,Germany,Graduate,Soft Skills,Advanced,FutureLearn,Promotion,6,15
U03957,54,India,Postgraduate,AI,Advanced,Skillshare,Career Switch,12,36
U03958,32,Germany,Postgraduate,Cloud,Advanced,Skillshare,Promotion,26,39
U03959,34,Australia,Student,Business,Beginner,Skillshare,Promotion,11,1
U03960,23,Canada,Student,Business,Advanced,Udemy,Upskilling,7,12
U03961,46,Australia,Student,Business,Intermediate,edX,Certification,2,18
U03962,45,Canada,Postgraduate,Cybersecurity,Advanced,DataCamp,College Project,23,49
U03963,55,USA,Postgraduate,Web,Beginner,DataCamp,Career Switch,12,16
U03964,50,USA,Student,Web,Intermediate,FutureLearn,Interview Prep,9,15
U03965,26,India,Graduate,Mobile,Beginner,Khan Academy,Interview Prep,16,5
U03966,24,Australia,Student,Web,Advanced,DataCamp,Interview Prep,2,29
U03967,42,Australia,Postgraduate,AI,Advanced,FutureLearn,Promotion,15,29
U03968,28,UK,Postgraduate,Business,Intermediate,DataCamp,Promotion,4,46
U03969,39,Canada,Graduate,Mobile,Intermediate,Skillshare,Career Switch,25,16
U03970,42,Germany,Graduate,AI,Intermediate,Coursera,Interview Prep,21,0
U03971,23,India,Postgraduate,Mobile,Advanced,LinkedIn Learning,Certification,22,50
U03972,28,USA,Postgraduate,Web,Intermediate,DataCamp,Upskilling,21,42
U03973,53,Canada,Postgraduate,Mobile,Intermediate,FutureLearn,Promotion,22,19
U03974,46,Canada,Student,Mobile,Intermediate,DataCamp,Upskilling,20,26
U03975,18,Australia,Graduate,Cybersecurity,Beginner,DataCamp,Certification,13,31
U03976,31,Canada,Graduate,Design,Advanced,Skillshare,Career Switch,10,8
U03977,26,Canada,Postgraduate,Cloud,Intermediate,edX,Interview Prep,19,26
U03978,23,USA,Graduate,Business,Beginner,Khan Academy,Upskilling,28,35
U03979,52,Australia,Postgraduate,Cloud,Advanced,FutureLearn,Upskilling,16,21
U03980,50,Canada,Postgraduate,Web,Beginner,Coursera,Certification,11,44
U03981,49,Germany,Graduate,Mobile,Advanced,Khan Academy,Interview Prep,9,29
U03982,43,India,Student,AI,Advanced,LinkedIn Learning,College Project,3,25
U03983,49,Australia,Graduate,Design,Advanced,FutureLearn,Certification,14,1
U03984,34,India,Postgraduate,Programming,Intermediate,Udemy,Promotion,12,22
U03985,49,Canada,Graduate,Soft Skills,Advanced,Coursera,Upskilling,23,29
U03986,43,USA,Graduate,Web,Intermediate,LinkedIn Learning,Certification,9,2
U03987,42,Australia,Student,Business,Advanced,LinkedIn Learning,College Project,13,47
U03988,51,USA,Graduate,Business,Intermediate,Coursera,Promotion,15,37
U03989,48,India,Student,Web,Advanced,FutureLearn,Career Switch,16,27
U03990,44,UK,Graduate,Programming,Advanced,Khan Academy,Promotion,16,12
U03991,39,India,Postgraduate,Soft Skills,Intermediate,Udemy,College Project,12,1
U03992,25,India,Postgraduate,Business,Intermediate,LinkedIn Learning,Upskilling,17,34
U03993,41,Germany,Student,Web,Beginner,Khan Academy,Career Switch,3,18
U03994,41,Germany,Graduate,Cybersecurity,Beginner,Coursera,Interview Prep,9,49
U03995,55,Germany,Student,Cloud,Beginner,Coursera,College Project,3,41
U03996,32,UK,Student,Data Science,Advanced,FutureLearn,Promotion,28,18
U03997,23,UK,Postgraduate,Programming,Beginner,Skillshare,Upskilling,12,21
U03998,42,UK,Postgraduate,AI,Intermediate,Khan Academy,College Project,5,11
U03999,33,USA,Student,Soft Skills,Intermediate,Skillshare,Promotion,28,12
U04000,31,Germany,Student,Web,Intermediate,Coursera,Interview Prep,17,1
U04001,47,UK,Graduate,AI,Beginner,DataCamp,College Project,14,27
U04002,22,India,Graduate,AI,Intermediate,Skillshare,College Project,11,15
U04003,25,Germany,Student,Design,Advanced,FutureLearn,Promotion,19,22
U04004,30,UK,Postgraduate,Business,Advanced,edX,Career Switch,4,40
U04005,29,UK,Graduate,Cybersecurity,Intermediate,DataCamp,Promotion,26,6
U04006,39,India,Postgraduate,Data Science,Beginner,FutureLearn,Certification,4,16
U04007,34,India,Graduate,Web,Advanced,Skillshare,Promotion,19,50
U04008,46,India,Postgraduate,Business,Beginner,FutureLearn,Career Switch,2,39
U04009,32,India,Student,Business,Advanced,Skillshare,Upskilling,5,41
U04010,45,USA,Graduate,Soft Skills,Beginner,Khan Academy,Upskilling,17,10
U04011,18,UK,Student,Programming,Intermediate,Coursera,College Project,9,42
U04012,52,USA,Postgraduate,AI,Beginner,Khan Academy,Promotion,23,45
U04013,30,Germany,Graduate,Design,Advanced,DataCamp,Certification,15,36
U04014,24,Canada,Postgraduate,Web,Intermediate,Skillshare,College Project,11,19
U04015,42,Canada,Student,AI,Beginner,Udemy,Interview Prep,9,46
U04016,39,Germany,Graduate,Data Science,Intermediate,Udemy,Career Switch,14,32
U04017,52,Australia,Postgraduate,Soft Skills,Beginner,edX,Career Switch,27,1
U04018,25,Australia,Postgraduate,AI,Intermediate,Udemy,College Project,14,43
U04019,26,Canada,Student,Cybersecurity,Advanced,Khan Academy,Interview Prep,26,14
U04020,21,Germany,Student,Soft Skills,Intermediate,Coursera,Certification,14,19
U04021,22,Australia,Graduate,Mobile,Beginner,Khan Academy,Certification,22,18
U04022,36,USA,Student,Business,Intermediate,Udemy,Interview Prep,24,16
U04023,51,USA,Student,Cybersecurity,Beginner,LinkedIn Learning,Upskilling,29,46
U04024,50,Germany,Postgraduate,Design,Advanced,DataCamp,College Project,26,28
U04025,21,Canada,Student,Cloud,Beginner,Khan Academy,College Project,4,3
U04026,42,UK,Graduate,Programming,Advanced,edX,Promotion,3,47
U04027,55,Germany,Graduate,Soft Skills,Beginner,edX,College Project,24,28
U04028,22,UK,Graduate,Programming,Intermediate,LinkedIn Learning,Interview Prep,24,8
U04029,38,USA,Postgraduate,Data Science,Beginner,LinkedIn Learning,Career Switch,2,15
U04030,24,UK,Student,Soft Skills,Advanced,Khan Academy,Career Switch,10,21
U04031,51,USA,Graduate,Mobile,Beginner,edX,College Project,6,27
U04032,49,USA,Student,Programming,Intermediate,Udemy,Promotion,27,41
U04033,29,UK,Student,Business,Intermediate,Khan Academy,Upskilling,10,4
U04034,37,India,Student,Cybersecurity,Intermediate,Udemy,Promotion,12,42
U04035,42,Canada,Postgraduate,Mobile,Advanced,Skillshare,Certification,6,29
U04036,37,India,Student,AI,Intermediate,FutureLearn,Promotion,29,13
U04037,33,USA,Graduate,Business,Beginner,Udemy,Interview Prep,16,7
U04038,34,India,Graduate,AI,Advanced,Khan Academy,Upskilling,9,34
U04039,42,Australia,Postgraduate,Cloud,Beginner,LinkedIn Learning,Promotion,17,7
U04040,32,India,Student,Data Science,Beginner,Udemy,College Project,18,47
U04041,38,India,Student,Cloud,Beginner,LinkedIn Learning,Promotion,27,42
U04042,37,UK,Student,Business,Beginner,LinkedIn Learning,Career Switch,29,6
U04043,35,Canada,Postgraduate,Cybersecurity,Advanced,edX,College Project,26,13
U04044,35,Australia,Student,Programming,Advanced,Skillshare,Promotion,5,27
U04045,26,Germany,Graduate,Data Science,Intermediate,DataCamp,Upskilling,22,7
U04046,22,India,Postgraduate,Cybersecurity,Advanced,LinkedIn Learning,Interview Prep,10,7
U04047,48,Australia,Student,Cybersecurity,Intermediate,LinkedIn Learning,College Project,7,33
U04048,47,Germany,Student,AI,Beginner,Khan Academy,Certification,14,33
U04049,41,India,Student,Business,Intermediate,Udemy,College Project,5,2
U04050,27,Australia,Graduate,AI,Advanced,Udemy,Interview Prep,29,7
U04051,46,Australia,Postgraduate,Mobile,Advanced,Udemy,Career Switch,30,38
U04052,41,Germany,Postgraduate,Soft Skills,Advanced,Khan Academy,Career Switch,11,42
U04053,47,Australia,Student,Business,Advanced,DataCamp,Certification,9,18
U04054,46,Canada,Graduate,Design,Intermediate,Khan Academy,Career Switch,17,16
U04055,37,Australia,Student,Cybersecurity,Intermediate,DataCamp,Promotion,26,24
U04056,33,USA,Postgraduate,AI,Advanced,Udemy,College Project,27,50
U04057,21,Germany,Postgraduate,Soft Skills,Beginner,Coursera,College Project,11,33
U04058,51,India,Postgraduate,Design,Beginner,edX,College Project,15,0
U04059,51,Germany,Postgraduate,Business,Advanced,Skillshare,College Project,23,44
U04060,28,UK,Graduate,Data Science,Beginner,Skillshare,Career Switch,9,0
U04061,27,India,Postgraduate,Web,Intermediate,Udemy,Certification,16,32
U04062,28,Australia,Postgraduate,Cloud,Beginner,Khan Academy,Interview Prep,22,26
U04063,31,India,Student,AI,Advanced,FutureLearn,Interview Prep,3,18
U04064,46,Canada,Graduate,Programming,Advanced,edX,Certification,19,8
U04065,29,India,Postgraduate,Design,Intermediate,edX,Promotion,29,31
U04066,29,UK,Postgraduate,Soft Skills,Beginner,Skillshare,Certification,20,45
U04067,42,India,Student,Design,Intermediate,Skillshare,Certification,12,38
U04068,47,USA,Graduate,Data Science,Intermediate,DataCamp,Promotion,14,34
U04069,42,Australia,Graduate,Web,Beginner,DataCamp,College Project,27,13
U04070,39,India,Student,Cloud,Advanced,Coursera,Promotion,18,3
U04071,28,Australia,Postgraduate,Soft Skills,Beginner,LinkedIn Learning,Promotion,7,27
U04072,30,India,Postgraduate,Cybersecurity,Advanced,DataCamp,Certification,25,8
U04073,47,Germany,Postgraduate,Cloud,Beginner,edX,Certification,6,21
U04074,38,Germany,Graduate,Business,Beginner,edX,College Project,29,5
U04075,43,India,Postgraduate,Mobile,Advanced,edX,Promotion,21,33
U04076,26,Australia,Student,Programming,Intermediate,Coursera,Career Switch,8,49
U04077,36,USA,Postgraduate,Data Science,Beginner,edX,Upskilling,2,22
U04078,45,USA,Postgraduate,Mobile,Intermediate,FutureLearn,Career Switch,11,28
U04079,26,Canada,Postgraduate,Design,Beginner,LinkedIn Learning,Certification,6,39
U04080,43,India,Graduate,Cloud,Intermediate,DataCamp,Certification,17,34
U04081,49,Canada,Student,Programming,Advanced,LinkedIn Learning,Certification,5,37
U04082,35,Canada,Graduate,Web,Advanced,Coursera,Interview Prep,8,9
U04083,51,Australia,Graduate,AI,Advanced,Skillshare,Certification,27,30
U04084,38,India,Postgraduate,Soft Skills,Advanced,Coursera,College Project,11,43
U04085,22,India,Graduate,Mobile,Advanced,FutureLearn,Career Switch,7,13
U04086,51,India,Postgraduate,Design,Advanced,Coursera,Career Switch,9,5
U04087,32,USA,Postgraduate,Design,Beginner,Khan Academy,Certification,4,38
U04088,23,Australia,Postgraduate,AI,Intermediate,edX,Promotion,19,19
U04089,46,UK,Postgraduate,Soft Skills,Beginner,DataCamp,Career Switch,27,43
U04090,23,USA,Postgraduate,Programming,Beginner,LinkedIn Learning,Promotion,21,29
U04091,42,India,Graduate,Web,Intermediate,LinkedIn Learning,Career Switch,5,36
U04092,41,Canada,Graduate,Data Science,Intermediate,Khan Academy,Certification,21,23
U04093,27,India,Graduate,AI,Intermediate,edX,Interview Prep,21,2
U04094,23,Germany,Graduate,Data Science,Beginner,LinkedIn Learning,Certification,7,49
U04095,29,India,Student,Soft Skills,Beginner,Skillshare,College Project,7,11
U04096,41,Canada,Graduate,AI,Intermediate,Skillshare,Career Switch,7,49
U04097,32,USA,Postgraduate,Cloud,Intermediate,LinkedIn Learning,College Project,10,27
U04098,21,Canada,Postgraduate,Cybersecurity,Advanced,LinkedIn Learning,Interview Prep,14,38
U04099,25,USA,Postgraduate,Web,Intermediate,FutureLearn,Interview Prep,30,42
U04100,50,India,Postgraduate,AI,Advanced,Coursera,Promotion,18,47
U04101,31,USA,Student,AI,Advanced,Khan Academy,Interview Prep,14,7
U04102,36,USA,Graduate,Data Science,Beginner,Skillshare,College Project,27,43
U04103,42,Germany,Graduate,Design,Beginner,edX,College Project,3,18
U04104,53,UK,Graduate,Design,Advanced,FutureLearn,Certification,9,0
U04105,23,India,Student,AI,Intermediate,FutureLearn,College Project,17,14
U04106,43,Canada,Postgraduate,Web,Advanced,DataCamp,Career Switch,23,11
U04107,38,Germany,Student,Business,Intermediate,edX,College Project,13,8
U04108,35,UK,Graduate,Web,Intermediate,edX,Upskilling,17,46
U04109,33,Australia,Student,Cybersecurity,Advanced,FutureLearn,Interview Prep,26,40
U04110,31,USA,Graduate,Mobile,Beginner,LinkedIn Learning,Certification,15,28
U04111,25,India,Student,Soft Skills,Beginner,Udemy,Promotion,26,49
U04112,51,USA,Postgraduate,Web,Intermediate,FutureLearn,Promotion,30,47
U04113,18,USA,Graduate,Data Science,Beginner,edX,Upskilling,7,43
U04114,18,Canada,Student,Mobile,Beginner,edX,Interview Prep,27,24
U04115,41,Australia,Graduate,AI,Advanced,Udemy,Career Switch,6,49
U04116,51,India,Graduate,Mobile,Beginner,Udemy,Certification,12,1
U04117,47,Canada,Graduate,Business,Intermediate,Coursera,Interview Prep,16,27
U04118,43,Germany,Postgraduate,Cybersecurity,Advanced,DataCamp,Upskilling,15,13
U04119,18,USA,Student,Cybersecurity,Intermediate,Coursera,Interview Prep,6,20
U04120,48,Australia,Postgraduate,Programming,Beginner,Udemy,Career Switch,23,21
U04121,39,USA,Postgraduate,AI,Beginner,Coursera,Certification,22,36
U04122,45,India,Graduate,Business,Intermediate,Khan Academy,Career Switch,29,34
U04123,25,USA,Postgraduate,Business,Intermediate,Coursera,Interview Prep,29,34
U04124,49,Australia,Student,Business,Advanced,LinkedIn Learning,College Project,30,18
U04125,38,UK,Student,Data Science,Intermediate,Coursera,Promotion,13,35
U04126,35,Canada,Postgraduate,AI,Advanced,Udemy,Career Switch,11,26
U04127,33,Australia,Graduate,Programming,Advanced,edX,College Project,29,39
U04128,18,India,Graduate,Web,Intermediate,Udemy,College Project,10,30
U04129,44,Australia,Graduate,Mobile,Advanced,Udemy,College Project,29,2
U04130,52,Canada,Graduate,Data Science,Advanced,FutureLearn,Certification,27,38
U04131,19,Germany,Postgraduate,Data Science,Advanced,LinkedIn Learning,College Project,11,41
U04132,37,Australia,Student,Programming,Beginner,DataCamp,College Project,27,6
U04133,39,USA,Student,Cybersecurity,Beginner,edX,Career Switch,11,29
U04134,26,Germany,Graduate,Business,Advanced,Coursera,Interview Prep,16,49
U04135,37,Germany,Graduate,Soft Skills,Beginner,FutureLearn,Promotion,30,21
U04136,37,Germany,Graduate,Cybersecurity,Advanced,edX,Certification,13,32
U04137,20,Canada,Postgraduate,Web,Advanced,FutureLearn,Upskilling,13,24
U04138,51,Germany,Postgraduate,Design,Intermediate,Skillshare,Promotion,9,21
U04139,29,UK,Student,Web,Advanced,edX,Certification,19,17
U04140,50,Canada,Graduate,Business,Beginner,Khan Academy,College Project,26,30
U04141,40,Germany,Student,Mobile,Intermediate,DataCamp,Certification,19,5
U04142,35,India,Graduate,Data Science,Intermediate,LinkedIn Learning,Interview Prep,23,35
U04143,26,USA,Graduate,Cybersecurity,Beginner,Udemy,Promotion,27,49
U04144,18,Australia,Graduate,Soft Skills,Beginner,edX,Promotion,4,7
U04145,23,USA,Student,Soft Skills,Beginner,Skillshare,College Project,5,20
U04146,27,Germany,Student,Mobile,Advanced,Udemy,Certification,11,21
U04147,46,India,Postgraduate,Web,Beginner,FutureLearn,Career Switch,28,23
U04148,20,USA,Student,Business,Intermediate,Skillshare,Promotion,2,23
U04149,47,Australia,Postgraduate,AI,Beginner,DataCamp,Upskilling,16,43
U04150,19,USA,Student,Mobile,Beginner,Udemy,Certification,10,50
U04151,39,USA,Postgraduate,Data Science,Advanced,FutureLearn,Certification,18,0
U04152,31,India,Student,Design,Beginner,edX,Upskilling,6,27
U04153,23,USA,Student,Design,Intermediate,Coursera,Career Switch,20,30
U04154,22,Australia,Postgraduate,Design,Advanced,LinkedIn Learning,Upskilling,24,14
U04155,53,UK,Postgraduate,Cybersecurity,Intermediate,edX,Certification,4,44
U04156,39,UK,Graduate,Data Science,Beginner,FutureLearn,Career Switch,28,16
U04157,27,Germany,Student,Programming,Advanced,DataCamp,Certification,15,21
U04158,53,UK,Graduate,Business,Intermediate,Udemy,College Project,4,26
U04159,26,Canada,Graduate,Web,Advanced,edX,Upskilling,23,15
U04160,50,UK,Graduate,Programming,Beginner,Udemy,Interview Prep,29,18
U04161,32,UK,Postgraduate,Cloud,Intermediate,edX,Interview Prep,15,1
U04162,24,India,Postgraduate,Mobile,Advanced,Udemy,Certification,16,4
U04163,54,USA,Postgraduate,AI,Intermediate,Udemy,Career Switch,22,11
U04164,45,USA,Postgraduate,Cloud,Advanced,LinkedIn Learning,College Project,6,43
U04165,33,UK,Graduate,AI,Beginner,Udemy,Upskilling,25,28
U04166,36,UK,Student,Programming,Intermediate,Skillshare,Promotion,11,37
U04167,48,Germany,Student,Web,Advanced,Udemy,Promotion,7,47
U04168,21,USA,Postgraduate,Programming,Beginner,edX,Interview Prep,13,15
U04169,43,UK,Graduate,Cybersecurity,Advanced,edX,Certification,21,43
U04170,48,Australia,Postgraduate,Soft Skills,Beginner,Udemy,Promotion,13,17
U04171,27,Canada,Postgraduate,Business,Advanced,Coursera,College Project,17,44
U04172,28,UK,Student,Business,Advanced,Skillshare,Upskilling,14,21
U04173,45,Canada,Graduate,Mobile,Beginner,edX,College Project,4,23
U04174,45,India,Graduate,Mobile,Advanced,Coursera,Career Switch,30,4
U04175,27,UK,Student,Programming,Beginner,LinkedIn Learning,Upskilling,14,46
U04176,47,UK,Student,Cloud,Beginner,Skillshare,College Project,17,39
U04177,27,Canada,Student,Web,Advanced,Coursera,Promotion,12,6
U04178,51,Australia,Postgraduate,Design,Beginner,LinkedIn Learning,Upskilling,5,12
U04179,45,Australia,Student,AI,Intermediate,Udemy,Career Switch,18,10
U04180,40,Canada,Postgraduate,Business,Intermediate,Khan Academy,Upskilling,13,28
U04181,40,UK,Postgraduate,Cybersecurity,Advanced,Udemy,College Project,21,34
U04182,23,Australia,Student,Soft Skills,Advanced,LinkedIn Learning,College Project,13,49
U04183,55,Germany,Postgraduate,Programming,Intermediate,Coursera,College Project,17,16
U04184,36,Canada,Student,Mobile,Advanced,LinkedIn Learning,Promotion,20,20
U04185,21,UK,Graduate,Soft Skills,Beginner,Udemy,Career Switch,28,48
U04186,39,Canada,Graduate,Programming,Intermediate,FutureLearn,Career Switch,28,12
U04187,39,Germany,Graduate,Programming,Beginner,Coursera,College Project,13,41
U04188,30,Germany,Graduate,Cybersecurity,Intermediate,FutureLearn,Interview Prep,21,32
U04189,32,Canada,Graduate,Design,Advanced,Coursera,Certification,3,32
U04190,43,Germany,Student,Business,Advanced,FutureLearn,Upskilling,9,26
U04191,45,Germany,Postgraduate,Business,Beginner,Skillshare,Interview Prep,27,33
U04192,28,UK,Student,AI,Advanced,FutureLearn,Certification,30,32
U04193,20,Canada,Student,Programming,Intermediate,edX,Interview Prep,28,20
U04194,40,UK,Graduate,Cloud,Advanced,LinkedIn Learning,Career Switch,27,20
U04195,43,USA,Student,AI,Advanced,FutureLearn,Interview Prep,28,3
U04196,19,USA,Graduate,Design,Advanced,FutureLearn,Promotion,6,16
U04197,23,Germany,Postgraduate,Cybersecurity,Advanced,DataCamp,Upskilling,7,19
U04198,43,UK,Graduate,Web,Advanced,DataCamp,Interview Prep,24,38
U04199,32,India,Graduate,Programming,Intermediate,Udemy,Upskilling,29,2
U04200,44,Australia,Graduate,Web,Advanced,Coursera,Promotion,30,33
U04201,22,India,Student,Soft Skills,Intermediate,Skillshare,Certification,17,6
U04202,38,USA,Postgraduate,Design,Beginner,edX,Certification,18,50
U04203,26,Australia,Graduate,AI,Beginner,Udemy,Career Switch,8,24
U04204,46,USA,Postgraduate,Design,Advanced,Khan Academy,Interview Prep,17,21
U04205,27,Australia,Graduate,Design,Advanced,Khan Academy,Certification,9,47
U04206,49,UK,Postgraduate,Data Science,Beginner,FutureLearn,College Project,20,26
U04207,23,India,Graduate,Web,Advanced,Coursera,Certification,2,11
U04208,21,India,Student,Design,Intermediate,FutureLearn,Interview Prep,4,20
U04209,37,Australia,Postgraduate,Mobile,Advanced,DataCamp,Career Switch,16,40
U04210,49,Australia,Graduate,Data Science,Beginner,edX,College Project,28,25
U04211,52,UK,Graduate,Cybersecurity,Intermediate,Coursera,College Project,19,9
U04212,25,Canada,Graduate,Cybersecurity,Advanced,Khan Academy,Certification,3,44
U04213,45,India,Postgraduate,Mobile,Advanced,LinkedIn Learning,College Project,10,30
U04214,48,USA,Postgraduate,Design,Intermediate,edX,Certification,21,49
U04215,55,Canada,Graduate,Web,Advanced,Udemy,Interview Prep,4,12
U04216,19,UK,Postgraduate,Design,Beginner,Coursera,College Project,23,21
U04217,21,Germany,Graduate,AI,Advanced,edX,Career Switch,30,36
U04218,38,India,Postgraduate,AI,Advanced,LinkedIn Learning,Career Switch,26,26
U04219,40,USA,Graduate,Cloud,Beginner,Udemy,Upskilling,23,29
U04220,55,USA,Postgraduate,Cybersecurity,Beginner,Coursera,Promotion,20,4
U04221,52,India,Postgraduate,AI,Beginner,edX,College Project,16,7
U04222,47,UK,Student,Web,Beginner,Udemy,Career Switch,30,46
U04223,39,USA,Postgraduate,Business,Advanced,edX,Certification,6,30
U04224,18,India,Postgraduate,Web,Advanced,Coursera,Certification,10,21
U04225,38,Australia,Student,Programming,Intermediate,Coursera,Certification,6,5
U04226,23,Canada,Student,Design,Beginner,Udemy,Certification,12,31
U04227,40,Australia,Student,AI,Advanced,Skillshare,Upskilling,25,25
U04228,41,India,Postgraduate,Business,Intermediate,edX,Upskilling,22,6
U04229,52,UK,Student,Design,Beginner,Udemy,Interview Prep,18,41
U04230,48,UK,Postgraduate,Design,Advanced,FutureLearn,Promotion,25,43
U04231,30,USA,Graduate,Programming,Intermediate,FutureLearn,Upskilling,23,22
U04232,26,Germany,Student,Programming,Intermediate,Udemy,Interview Prep,20,34
U04233,51,Australia,Graduate,AI,Intermediate,Udemy,Interview Prep,16,13
U04234,54,Germany,Postgraduate,Design,Intermediate,edX,Interview Prep,8,43
U04235,41,Australia,Postgraduate,Mobile,Beginner,FutureLearn,Career Switch,6,39
U04236,31,Germany,Postgraduate,AI,Intermediate,LinkedIn Learning,Promotion,8,6
U04237,24,Germany,Student,Mobile,Advanced,Skillshare,Certification,18,6
U04238,51,Germany,Student,Cybersecurity,Beginner,edX,Promotion,15,35
U04239,47,Germany,Graduate,Data Science,Intermediate,LinkedIn Learning,College Project,19,17
U04240,34,Australia,Student,Mobile,Advanced,FutureLearn,Upskilling,23,26
U04241,22,Canada,Postgraduate,Business,Advanced,Skillshare,Promotion,4,11
U04242,51,USA,Student,Mobile,Advanced,Coursera,Certification,29,47
U04243,40,UK,Student,Business,Beginner,edX,Certification,15,33
U04244,49,Germany,Graduate,Web,Advanced,Khan Academy,Interview Prep,13,17
U04245,55,India,Student,Cloud,Intermediate,Udemy,Career Switch,5,0
U04246,39,Germany,Student,Data Science,Advanced,Udemy,Upskilling,15,46
U04247,21,UK,Postgraduate,Cloud,Beginner,FutureLearn,Interview Prep,10,23
U04248,29,Australia,Graduate,Soft Skills,Advanced,Coursera,Career Switch,14,8
U04249,47,Canada,Student,Cybersecurity,Beginner,FutureLearn,Promotion,8,25
U04250,40,India,Student,Mobile,Intermediate,Udemy,Promotion,26,28
U04251,30,USA,Graduate,Soft Skills,Intermediate,DataCamp,Certification,15,49
U04252,41,Germany,Graduate,Programming,Intermediate,Skillshare,Upskilling,18,26
U04253,37,India,Student,Business,Beginner,edX,Career Switch,5,41
U04254,26,USA,Student,Soft Skills,Beginner,Skillshare,Career Switch,6,39
U04255,46,UK,Postgraduate,Design,Beginner,FutureLearn,Interview Prep,8,42
U04256,49,Germany,Postgraduate,Programming,Advanced,Coursera,Upskilling,21,15
U04257,43,India,Student,Design,Intermediate,Khan Academy,Interview Prep,18,50
U04258,49,Germany,Postgraduate,Data Science,Advanced,edX,Interview Prep,25,12
U04259,37,India,Postgraduate,Cybersecurity,Intermediate,FutureLearn,Upskilling,19,29
U04260,38,Germany,Graduate,AI,Advanced,Udemy,Career Switch,12,2
U04261,25,India,Student,Business,Intermediate,Udemy,College Project,3,48
U04262,22,USA,Postgraduate,Cybersecurity,Beginner,edX,Interview Prep,23,15
U04263,18,USA,Graduate,Soft Skills,Beginner,Skillshare,Upskilling,28,2
U04264,47,Canada,Graduate,Programming,Beginner,Khan Academy,Promotion,21,19
U04265,19,USA,Postgraduate,Data Science,Beginner,Coursera,Interview Prep,12,6
U04266,31,India,Postgraduate,Programming,Intermediate,LinkedIn Learning,Certification,26,20
U04267,50,Canada,Graduate,Soft Skills,Beginner,Coursera,Interview Prep,19,31
U04268,38,Canada,Graduate,Business,Intermediate,Skillshare,Interview Prep,23,6
U04269,46,India,Student,Cloud,Intermediate,DataCamp,Career Switch,24,43
U04270,44,Germany,Postgraduate,Soft Skills,Intermediate,Khan Academy,Promotion,30,38
U04271,21,Canada,Postgraduate,Data Science,Advanced,Coursera,Upskilling,14,7
U04272,53,Germany,Student,Mobile,Advanced,Khan Academy,Certification,23,34
U04273,28,Australia,Graduate,Cloud,Advanced,Coursera,Certification,11,36
U04274,41,USA,Postgraduate,Programming,Advanced,DataCamp,Career Switch,22,27
U04275,23,India,Graduate,Data Science,Beginner,LinkedIn Learning,Career Switch,16,38
U04276,55,USA,Graduate,Soft Skills,Beginner,Skillshare,College Project,16,10
U04277,41,UK,Student,Mobile,Intermediate,FutureLearn,Promotion,14,31
U04278,49,Canada,Postgraduate,Mobile,Beginner,Skillshare,Interview Prep,17,15
U04279,55,USA,Student,Business,Beginner,Coursera,Promotion,29,1
U04280,33,Canada,Postgraduate,Data Science,Beginner,LinkedIn Learning,Certification,19,28
U04281,21,Germany,Student,Soft Skills,Advanced,DataCamp,Certification,21,28
U04282,33,UK,Postgraduate,Business,Beginner,DataCamp,Promotion,4,48
U04283,35,UK,Postgraduate,Mobile,Beginner,edX,Certification,30,23
U04284,36,UK,Postgraduate,Programming,Intermediate,Udemy,Career Switch,12,10
U04285,25,Canada,Postgraduate,Cloud,Intermediate,FutureLearn,Career Switch,9,11
U04286,37,UK,Student,AI,Advanced,Coursera,College Project,7,37
U04287,47,USA,Student,AI,Beginner,edX,Certification,7,4
U04288,30,USA,Student,Web,Beginner,Udemy,College Project,27,5
U04289,50,Australia,Graduate,Cybersecurity,Advanced,Khan Academy,Upskilling,21,49
U04290,37,UK,Graduate,Cloud,Beginner,Coursera,Certification,17,7
U04291,46,USA,Postgraduate,Web,Advanced,Coursera,Career Switch,15,6
U04292,55,USA,Postgraduate,Web,Beginner,edX,Upskilling,28,1
U04293,43,Canada,Student,Design,Advanced,FutureLearn,Promotion,13,15
U04294,20,Canada,Student,AI,Intermediate,FutureLearn,Certification,9,43
U04295,19,India,Postgraduate,Soft Skills,Advanced,FutureLearn,Interview Prep,24,40
U04296,45,USA,Postgraduate,Data Science,Beginner,Coursera,College Project,26,50
U04297,52,Germany,Graduate,Web,Intermediate,Skillshare,Promotion,15,4
U04298,21,India,Postgraduate,Cybersecurity,Advanced,Udemy,Certification,6,31
U04299,44,USA,Student,Business,Intermediate,edX,Certification,6,23
U04300,26,India,Postgraduate,Web,Intermediate,edX,Career Switch,3,31
U04301,35,Australia,Postgraduate,Programming,Intermediate,DataCamp,Promotion,29,5
U04302,37,Germany,Student,AI,Intermediate,FutureLearn,Certification,10,16
U04303,46,USA,Graduate,Business,Advanced,LinkedIn Learning,Certification,6,48
U04304,47,Canada,Student,Cybersecurity,Advanced,Khan Academy,Certification,7,38
U04305,55,UK,Graduate,Data Science,Beginner,Skillshare,Upskilling,16,7
U04306,21,USA,Graduate,Design,Advanced,FutureLearn,College Project,22,39
U04307,19,Australia,Graduate,Cybersecurity,Intermediate,Khan Academy,Upskilling,30,9
U04308,21,Canada,Student,Data Science,Advanced,Udemy,Certification,20,49
U04309,46,India,Graduate,Cloud,Advanced,edX,Promotion,11,8
U04310,39,Germany,Student,AI,Intermediate,LinkedIn Learning,College Project,24,23
U04311,44,Canada,Graduate,Soft Skills,Intermediate,Khan Academy,Interview Prep,5,42
U04312,31,Germany,Graduate,Mobile,Beginner,Udemy,Interview Prep,15,16
U04313,19,Germany,Student,Design,Advanced,edX,Certification,20,3
U04314,21,India,Student,Mobile,Beginner,Coursera,Upskilling,3,49
U04315,22,India,Graduate,Web,Beginner,edX,College Project,9,23
U04316,50,UK,Graduate,Web,Intermediate,Khan Academy,College Project,26,9
U04317,30,UK,Student,Soft Skills,Intermediate,LinkedIn Learning,College Project,23,35
U04318,40,UK,Student,Web,Intermediate,FutureLearn,Certification,2,9
U04319,32,Canada,Postgraduate,Data Science,Intermediate,Skillshare,Career Switch,8,30
U04320,40,India,Student,Data Science,Beginner,FutureLearn,Promotion,20,46
U04321,41,USA,Student,Mobile,Beginner,Skillshare,Upskilling,18,10
U04322,42,UK,Graduate,Programming,Intermediate,edX,Career Switch,24,1
U04323,42,Canada,Graduate,Cloud,Advanced,edX,Certification,5,48
U04324,39,USA,Student,Business,Beginner,LinkedIn Learning,Upskilling,9,11
U04325,42,USA,Postgraduate,Mobile,Advanced,DataCamp,Interview Prep,16,5
U04326,29,Australia,Postgraduate,Data Science,Beginner,Khan Academy,Career Switch,29,45
U04327,33,UK,Student,Business,Intermediate,Khan Academy,Interview Prep,16,13
U04328,53,Australia,Graduate,Programming,Intermediate,Khan Academy,Interview Prep,4,47
U04329,32,Australia,Student,Mobile,Intermediate,DataCamp,Upskilling,15,35
U04330,46,USA,Graduate,Mobile,Beginner,Khan Academy,Certification,7,41
U04331,50,UK,Graduate,Design,Advanced,LinkedIn Learning,Upskilling,13,18
U04332,25,Germany,Student,Business,Advanced,FutureLearn,Promotion,7,18
U04333,21,Canada,Student,Web,Advanced,Khan Academy,Certification,20,32
U04334,52,UK,Graduate,Mobile,Beginner,FutureLearn,College Project,13,25
U04335,48,India,Postgraduate,Web,Beginner,LinkedIn Learning,Upskilling,24,26
U04336,51,Canada,Student,Web,Intermediate,Khan Academy,Promotion,27,20
U04337,28,USA,Postgraduate,Data Science,Beginner,Udemy,Certification,3,1
U04338,48,Australia,Postgraduate,Design,Advanced,Udemy,Upskilling,24,43
U04339,28,USA,Graduate,Programming,Advanced,LinkedIn Learning,Certification,6,38
U04340,43,India,Graduate,Cybersecurity,Beginner,FutureLearn,Upskilling,30,11
U04341,53,India,Student,AI,Beginner,Coursera,Certification,19,5
U04342,35,UK,Postgraduate,Cloud,Intermediate,edX,Career Switch,23,0
U04343,41,Canada,Postgraduate,Design,Intermediate,Khan Academy,Certification,14,50
U04344,47,Australia,Postgraduate,Business,Advanced,Coursera,Upskilling,29,8
U04345,30,Germany,Student,Business,Intermediate,FutureLearn,College Project,16,32
U04346,31,Germany,Graduate,Mobile,Beginner,Khan Academy,College Project,23,35
U04347,29,Australia,Graduate,Cybersecurity,Advanced,LinkedIn Learning,Promotion,2,10
U04348,22,India,Postgraduate,Business,Beginner,Coursera,Interview Prep,21,17
U04349,41,Canada,Graduate,Mobile,Intermediate,FutureLearn,Promotion,7,48
U04350,33,India,Student,Programming,Advanced,edX,Upskilling,5,9
U04351,47,Australia,Student,Cybersecurity,Intermediate,Khan Academy,Interview Prep,29,15
U04352,36,India,Postgraduate,Cloud,Intermediate,Udemy,Upskilling,3,37
U04353,46,UK,Student,Business,Beginner,Coursera,Upskilling,15,27
U04354,48,UK,Postgraduate,Business,Advanced,edX,Career Switch,17,9
U04355,42,USA,Student,Cybersecurity,Advanced,Khan Academy,Certification,12,11
U04356,46,UK,Student,Business,Beginner,DataCamp,Career Switch,27,39
U04357,22,UK,Graduate,Web,Advanced,edX,Certification,24,21
U04358,19,UK,Postgraduate,Soft Skills,Intermediate,Udemy,Upskilling,15,4
U04359,27,Germany,Graduate,Mobile,Advanced,Udemy,Career Switch,30,49
U04360,28,India,Graduate,Mobile,Beginner,Khan Academy,College Project,25,7
U04361,27,Canada,Student,Design,Intermediate,Skillshare,College Project,22,49
U04362,54,Australia,Graduate,Data Science,Intermediate,Udemy,Interview Prep,13,41
U04363,31,USA,Graduate,Business,Intermediate,Khan Academy,Upskilling,6,18
U04364,38,UK,Student,Cybersecurity,Beginner,Khan Academy,Career Switch,13,14
U04365,42,USA,Postgraduate,Web,Intermediate,edX,College Project,16,11
U04366,30,UK,Graduate,Mobile,Beginner,FutureLearn,Upskilling,5,12
U04367,53,UK,Graduate,Design,Intermediate,Skillshare,Career Switch,24,26
U04368,51,India,Student,Business,Advanced,Khan Academy,Certification,26,18
U04369,48,India,Graduate,Mobile,Intermediate,LinkedIn Learning,Career Switch,26,35
U04370,28,UK,Graduate,Web,Beginner,Coursera,Upskilling,15,48
U04371,31,Canada,Postgraduate,Data Science,Advanced,DataCamp,Interview Prep,14,44
U04372,47,Australia,Graduate,Web,Beginner,Skillshare,Upskilling,3,4
U04373,42,UK,Student,Soft Skills,Advanced,LinkedIn Learning,Certification,11,2
U04374,37,UK,Student,Mobile,Beginner,DataCamp,Upskilling,22,47
U04375,19,UK,Postgraduate,AI,Beginner,DataCamp,Promotion,6,14
U04376,23,Australia,Student,Mobile,Intermediate,Coursera,Promotion,18,22
U04377,28,Australia,Postgraduate,Data Science,Intermediate,LinkedIn Learning,Certification,21,12
U04378,55,UK,Student,Business,Beginner,DataCamp,Promotion,24,9
U04379,19,USA,Postgraduate,AI,Beginner,Coursera,College Project,4,44
U04380,24,India,Student,AI,Advanced,FutureLearn,Certification,15,6
U04381,48,India,Graduate,Business,Advanced,Udemy,Upskilling,9,26
U04382,28,UK,Student,Mobile,Intermediate,Coursera,Upskilling,28,1
U04383,29,Germany,Graduate,AI,Advanced,Khan Academy,Certification,7,27
U04384,22,USA,Student,Mobile,Beginner,Udemy,Certification,16,45
U04385,22,Australia,Postgraduate,Cybersecurity,Beginner,LinkedIn Learning,Certification,29,7
U04386,19,UK,Graduate,AI,Advanced,Khan Academy,Certification,17,3
U04387,45,USA,Postgraduate,Soft Skills,Beginner,LinkedIn Learning,Upskilling,7,30
U04388,20,UK,Student,Cloud,Intermediate,LinkedIn Learning,Interview Prep,17,37
U04389,30,Canada,Postgraduate,Mobile,Advanced,FutureLearn,Promotion,23,23
U04390,26,Australia,Postgraduate,Programming,Intermediate,LinkedIn Learning,Career Switch,12,14
U04391,27,India,Student,Cybersecurity,Intermediate,DataCamp,Promotion,22,35
U04392,30,USA,Graduate,AI,Beginner,FutureLearn,Certification,25,20
U04393,40,India,Postgraduate,Web,Beginner,edX,College Project,2,5
U04394,39,India,Student,Programming,Beginner,Khan Academy,Certification,5,37
U04395,23,India,Graduate,Cloud,Advanced,edX,Upskilling,27,49
U04396,27,Germany,Graduate,Web,Intermediate,Khan Academy,Certification,10,5
U04397,54,USA,Postgraduate,Business,Advanced,LinkedIn Learning,Certification,15,34
U04398,48,India,Graduate,Web,Intermediate,DataCamp,Interview Prep,13,49
U04399,52,USA,Graduate,Soft Skills,Advanced,FutureLearn,Interview Prep,20,26
U04400,39,Canada,Postgraduate,Soft Skills,Advanced,Khan Academy,Upskilling,6,50
U04401,36,Australia,Student,Programming,Beginner,Udemy,Promotion,28,7
U04402,21,Canada,Postgraduate,Design,Intermediate,DataCamp,Promotion,20,7
U04403,48,USA,Student,Cloud,Intermediate,DataCamp,Interview Prep,20,42
U04404,37,USA,Graduate,Business,Beginner,Coursera,Interview Prep,5,49
U04405,44,Canada,Postgraduate,Mobile,Advanced,LinkedIn Learning,Upskilling,3,7
U04406,28,Canada,Graduate,Cloud,Advanced,Coursera,Promotion,24,13
U04407,33,Canada,Graduate,Design,Advanced,LinkedIn Learning,Career Switch,9,49
U04408,41,India,Postgraduate,Data Science,Advanced,Skillshare,College Project,7,37
U04409,49,USA,Graduate,Design,Beginner,Coursera,Career Switch,26,38
U04410,48,Canada,Postgraduate,Mobile,Advanced,FutureLearn,Certification,30,26
U04411,23,UK,Postgraduate,Soft Skills,Beginner,LinkedIn Learning,Promotion,17,29
U04412,54,Germany,Student,Web,Beginner,Coursera,Promotion,10,24
U04413,28,Germany,Student,Business,Intermediate,Coursera,College Project,9,37
U04414,36,Canada,Student,Cybersecurity,Beginner,LinkedIn Learning,Upskilling,8,24
U04415,24,Germany,Postgraduate,Cloud,Intermediate,Udemy,Upskilling,22,24
U04416,23,UK,Student,AI,Beginner,Udemy,Certification,14,31
U04417,40,Australia,Student,Business,Intermediate,Khan Academy,Certification,22,0
U04418,25,Canada,Graduate,Cloud,Advanced,Khan Academy,Career Switch,24,33
U04419,20,Australia,Student,Business,Beginner,edX,Career Switch,27,46
U04420,43,Canada,Student,Business,Advanced,Khan Academy,Upskilling,8,41
U04421,28,USA,Student,Web,Beginner,Udemy,Interview Prep,16,7
U04422,20,Canada,Graduate,Web,Beginner,Khan Academy,Promotion,4,24
U04423,29,USA,Graduate,Cybersecurity,Intermediate,Udemy,Interview Prep,26,18
U04424,42,Canada,Postgraduate,Design,Advanced,LinkedIn Learning,Interview Prep,9,37
U04425,55,Canada,Student,Web,Advanced,Khan Academy,Promotion,7,25
U04426,54,Germany,Student,Cybersecurity,Advanced,FutureLearn,Promotion,5,12
U04427,38,UK,Graduate,Data Science,Advanced,LinkedIn Learning,Career Switch,21,39
U04428,42,USA,Student,Cloud,Beginner,edX,Certification,13,19
U04429,28,Germany,Graduate,Business,Intermediate,Udemy,Career Switch,29,26
U04430,42,Germany,Graduate,Design,Intermediate,LinkedIn Learning,Certification,22,45
U04431,29,USA,Postgraduate,Design,Intermediate,LinkedIn Learning,Upskilling,24,23
U04432,46,UK,Graduate,Soft Skills,Intermediate,Coursera,Interview Prep,24,23
U04433,24,Germany,Graduate,AI,Intermediate,DataCamp,Promotion,2,45
U04434,42,Canada,Postgraduate,Soft Skills,Intermediate,Khan Academy,Career Switch,27,17
U04435,42,Germany,Student,Soft Skills,Advanced,Coursera,Promotion,4,28
U04436,34,Canada,Student,Cybersecurity,Beginner,DataCamp,Career Switch,12,8
U04437,22,Canada,Student,Cybersecurity,Intermediate,Khan Academy,Career Switch,14,16
U04438,38,Germany,Graduate,Mobile,Intermediate,Skillshare,Interview Prep,18,44
U04439,44,Australia,Graduate,Mobile,Beginner,LinkedIn Learning,College Project,29,42
U04440,21,UK,Postgraduate,Programming,Beginner,edX,Career Switch,8,42
U04441,26,Australia,Graduate,Design,Beginner,edX,College Project,9,26
U04442,37,UK,Graduate,Soft Skills,Beginner,Skillshare,Career Switch,14,21
U04443,18,UK,Postgraduate,Data Science,Intermediate,DataCamp,College Project,17,45
U04444,22,Germany,Graduate,Cloud,Advanced,Khan Academy,Upskilling,16,9
U04445,22,Australia,Postgraduate,AI,Intermediate,Coursera,Interview Prep,22,37
U04446,26,USA,Student,Business,Advanced,edX,Career Switch,13,25
U04447,44,Canada,Postgraduate,Design,Beginner,FutureLearn,Certification,19,32
U04448,53,Australia,Graduate,Programming,Beginner,LinkedIn Learning,Promotion,4,0
U04449,22,UK,Graduate,Mobile,Intermediate,Coursera,Career Switch,11,13
U04450,22,UK,Postgraduate,Business,Advanced,Coursera,Promotion,10,17
U04451,45,India,Student,Soft Skills,Intermediate,LinkedIn Learning,Upskilling,16,5
U04452,38,Canada,Graduate,Business,Beginner,LinkedIn Learning,Certification,18,20
U04453,53,USA,Postgraduate,Programming,Advanced,edX,Career Switch,11,6
U04454,43,Australia,Student,Data Science,Beginner,Skillshare,Certification,19,16
U04455,40,Australia,Postgraduate,Design,Advanced,edX,College Project,24,44
U04456,33,Germany,Graduate,Design,Beginner,Skillshare,Promotion,14,39
U04457,50,India,Postgraduate,AI,Beginner,FutureLearn,Certification,6,17
U04458,42,Germany,Postgraduate,Mobile,Intermediate,Khan Academy,Certification,29,32
U04459,40,India,Student,Web,Advanced,FutureLearn,Certification,27,41
U04460,26,Canada,Student,Programming,Beginner,LinkedIn Learning,Upskilling,21,16
U04461,28,India,Postgraduate,Design,Intermediate,Skillshare,Promotion,29,23
U04462,47,Australia,Graduate,Cloud,Intermediate,DataCamp,Upskilling,11,29
U04463,54,India,Postgraduate,Cybersecurity,Beginner,LinkedIn Learning,Upskilling,14,8
U04464,34,Australia,Graduate,Soft Skills,Advanced,Khan Academy,Career Switch,28,25
U04465,37,Canada,Student,Web,Intermediate,Khan Academy,Career Switch,27,9
U04466,43,USA,Student,Mobile,Intermediate,DataCamp,Certification,12,10
U04467,33,USA,Postgraduate,Data Science,Intermediate,Udemy,Interview Prep,6,19
U04468,36,Germany,Student,Design,Intermediate,Udemy,Upskilling,10,40
U04469,20,USA,Postgraduate,Programming,Intermediate,Udemy,Promotion,16,2
U04470,51,USA,Student,AI,Advanced,Udemy,Career Switch,21,28
U04471,42,USA,Postgraduate,Mobile,Intermediate,Udemy,Career Switch,29,19
U04472,52,USA,Postgraduate,Mobile,Beginner,Coursera,Career Switch,5,2
U04473,36,UK,Postgraduate,Data Science,Intermediate,Skillshare,Upskilling,10,20
U04474,25,Germany,Graduate,Programming,Intermediate,Skillshare,Promotion,26,26
U04475,25,India,Postgraduate,Web,Intermediate,Skillshare,Promotion,16,1
U04476,38,Germany,Graduate,Data Science,Intermediate,edX,Promotion,21,7
U04477,53,Canada,Student,Programming,Intermediate,Udemy,Career Switch,10,37
U04478,40,USA,Student,Mobile,Advanced,Skillshare,Upskilling,22,8
U04479,44,UK,Graduate,AI,Advanced,Coursera,Interview Prep,9,45
U04480,53,Germany,Student,Data Science,Advanced,DataCamp,Interview Prep,3,38
U04481,38,India,Student,Business,Beginner,Coursera,Certification,15,39
U04482,48,India,Postgraduate,Mobile,Advanced,LinkedIn Learning,Certification,27,34
U04483,18,India,Student,Design,Advanced,Khan Academy,Career Switch,21,32
U04484,28,India,Postgraduate,Cloud,Beginner,LinkedIn Learning,Interview Prep,5,28
U04485,34,Canada,Student,Business,Advanced,Udemy,Certification,30,6
U04486,22,UK,Student,AI,Intermediate,Skillshare,Interview Prep,17,21
U04487,31,USA,Student,Mobile,Intermediate,FutureLearn,Career Switch,14,35
U04488,55,USA,Student,Business,Advanced,FutureLearn,Certification,4,45
U04489,21,Canada,Student,AI,Intermediate,Coursera,Certification,12,25
U04490,51,India,Postgraduate,Web,Intermediate,Udemy,Upskilling,8,2
U04491,20,Australia,Student,Data Science,Beginner,Udemy,Career Switch,30,21
U04492,32,Canada,Graduate,Data Science,Beginner,Coursera,Promotion,22,27
U04493,29,UK,Graduate,Design,Intermediate,DataCamp,Certification,24,38
U04494,34,UK,Student,Web,Advanced,FutureLearn,Career Switch,4,40
U04495,36,Australia,Student,AI,Intermediate,FutureLearn,Upskilling,24,36
U04496,26,USA,Graduate,Cloud,Intermediate,Coursera,Promotion,22,9
U04497,21,Germany,Student,Data Science,Advanced,Coursera,Promotion,20,26
U04498,32,UK,Student,Web,Intermediate,DataCamp,Certification,13,19
U04499,55,Germany,Postgraduate,Soft Skills,Intermediate,Udemy,Career Switch,6,20
U04500,48,UK,Student,Business,Intermediate,Skillshare,Interview Prep,27,28
U04501,19,USA,Postgraduate,Web,Intermediate,edX,Career Switch,22,43
U04502,50,India,Postgraduate,Data Science,Intermediate,DataCamp,College Project,16,14
U04503,18,UK,Graduate,Business,Advanced,FutureLearn,Upskilling,29,43
U04504,31,Australia,Graduate,Programming,Beginner,Udemy,Career Switch,19,46
U04505,29,Germany,Graduate,Cybersecurity,Advanced,FutureLearn,Upskilling,2,8
U04506,36,Canada,Graduate,Web,Intermediate,Skillshare,Career Switch,18,36
U04507,55,Canada,Postgraduate,Programming,Advanced,Skillshare,Promotion,25,48
U04508,50,UK,Graduate,Data Science,Beginner,DataCamp,Certification,20,10
U04509,26,Australia,Graduate,Mobile,Intermediate,Skillshare,Interview Prep,21,9
U04510,48,India,Postgraduate,Business,Beginner,LinkedIn Learning,Career Switch,25,1
U04511,33,Canada,Postgraduate,Web,Beginner,Coursera,Certification,2,14
U04512,28,Australia,Student,Soft Skills,Beginner,edX,College Project,21,37
U04513,21,Canada,Postgraduate,Web,Intermediate,Coursera,Career Switch,23,42
U04514,34,India,Graduate,Programming,Beginner,edX,Promotion,15,10
U04515,49,USA,Postgraduate,Design,Advanced,DataCamp,Career Switch,17,23
U04516,26,Germany,Postgraduate,AI,Intermediate,Khan Academy,Certification,16,50
U04517,47,UK,Postgraduate,Design,Advanced,LinkedIn Learning,Upskilling,24,47
U04518,31,UK,Student,Cybersecurity,Beginner,edX,Career Switch,6,1
U04519,26,USA,Graduate,Web,Advanced,Khan Academy,Upskilling,15,17
U04520,52,Australia,Student,Programming,Advanced,FutureLearn,Upskilling,29,41
U04521,23,Australia,Student,Business,Beginner,DataCamp,Interview Prep,17,25
U04522,21,USA,Student,Web,Intermediate,Skillshare,Interview Prep,29,2
U04523,30,India,Graduate,Web,Advanced,Khan Academy,Upskilling,11,0
U04524,43,Germany,Graduate,Programming,Beginner,DataCamp,College Project,30,34
U04525,44,Australia,Graduate,Cloud,Advanced,Coursera,College Project,9,41
U04526,27,Australia,Student,Web,Beginner,FutureLearn,Certification,13,39
U04527,45,UK,Postgraduate,Mobile,Intermediate,LinkedIn Learning,Interview Prep,24,1
U04528,46,Germany,Postgraduate,Business,Intermediate,Khan Academy,Upskilling,12,14
U04529,18,Germany,Student,Programming,Advanced,Udemy,Interview Prep,4,27
U04530,52,India,Postgraduate,Design,Beginner,edX,Upskilling,6,10
U04531,24,Germany,Graduate,Design,Beginner,Udemy,Interview Prep,23,30
U04532,28,India,Postgraduate,Programming,Beginner,Coursera,Career Switch,30,32
U04533,26,India,Graduate,Web,Beginner,FutureLearn,Career Switch,19,35
U04534,36,UK,Student,Data Science,Beginner,edX,Promotion,9,4
U04535,33,Canada,Postgraduate,Design,Intermediate,Udemy,College Project,18,7
U04536,44,Germany,Student,Soft Skills,Intermediate,Skillshare,Career Switch,25,4
U04537,23,Canada,Student,Soft Skills,Advanced,LinkedIn Learning,Career Switch,6,30
U04538,32,Canada,Postgraduate,AI,Advanced,Skillshare,Certification,27,35
U04539,30,Canada,Graduate,AI,Advanced,FutureLearn,Career Switch,28,15
U04540,41,Germany,Graduate,Design,Beginner,FutureLearn,Interview Prep,8,26
U04541,52,Australia,Postgraduate,Cloud,Beginner,Khan Academy,College Project,18,48
U04542,25,UK,Postgraduate,Web,Advanced,Udemy,Certification,23,4
U04543,39,Canada,Student,Web,Advanced,Skillshare,Career Switch,4,44
U04544,47,India,Student,Soft Skills,Beginner,Skillshare,Certification,4,31
U04545,23,Australia,Postgraduate,Design,Beginner,LinkedIn Learning,Promotion,26,37
U04546,48,Canada,Postgraduate,AI,Intermediate,LinkedIn Learning,Certification,27,5
U04547,42,Germany,Graduate,Design,Intermediate,edX,Upskilling,21,44
U04548,25,Germany,Student,Programming,Intermediate,DataCamp,Promotion,15,10
U04549,20,Canada,Student,Soft Skills,Advanced,Khan Academy,Interview Prep,17,34
U04550,26,UK,Postgraduate,Data Science,Beginner,edX,Promotion,8,35
U04551,33,India,Graduate,Soft Skills,Beginner,FutureLearn,Interview Prep,28,42
U04552,37,Australia,Graduate,Business,Beginner,edX,Promotion,15,23
U04553,50,Australia,Postgraduate,Mobile,Advanced,LinkedIn Learning,Interview Prep,28,49
U04554,48,UK,Postgraduate,Business,Beginner,Coursera,Certification,18,46
U04555,35,USA,Student,Cloud,Intermediate,edX,Promotion,29,48
U04556,37,Germany,Postgraduate,AI,Intermediate,Skillshare,Interview Prep,23,14
U04557,36,Canada,Graduate,Soft Skills,Intermediate,Coursera,Upskilling,20,47
U04558,42,Germany,Postgraduate,AI,Beginner,Khan Academy,Interview Prep,28,21
U04559,38,UK,Postgraduate,Data Science,Intermediate,edX,College Project,8,17
U04560,33,Australia,Postgraduate,Data Science,Beginner,Skillshare,Upskilling,14,10
U04561,46,USA,Graduate,Cybersecurity,Beginner,edX,Upskilling,11,43
U04562,21,UK,Graduate,Cloud,Beginner,LinkedIn Learning,Promotion,11,25
U04563,41,Canada,Student,Mobile,Intermediate,Coursera,Certification,2,24
U04564,50,USA,Postgraduate,AI,Beginner,edX,College Project,27,29
U04565,44,India,Postgraduate,Data Science,Intermediate,edX,Certification,3,29
U04566,37,Germany,Student,Web,Intermediate,Skillshare,Career Switch,8,42
U04567,19,UK,Graduate,Mobile,Intermediate,FutureLearn,Promotion,18,29
U04568,37,UK,Student,Data Science,Advanced,LinkedIn Learning,Certification,28,5
U04569,35,UK,Graduate,Web,Beginner,Skillshare,Upskilling,22,24
U04570,34,Canada,Student,Design,Advanced,FutureLearn,Certification,7,1
U04571,37,Australia,Graduate,Design,Advanced,DataCamp,Interview Prep,16,19
U04572,49,Australia,Postgraduate,Programming,Advanced,Coursera,Upskilling,8,3
U04573,30,Australia,Graduate,Design,Advanced,Coursera,Career Switch,24,37
U04574,54,Germany,Student,Cybersecurity,Advanced,Coursera,College Project,23,24
U04575,45,Germany,Postgraduate,Programming,Advanced,edX,College Project,17,43
U04576,45,USA,Postgraduate,Programming,Beginner,LinkedIn Learning,Career Switch,2,17
U04577,35,UK,Postgraduate,Cloud,Beginner,Khan Academy,Upskilling,3,17
U04578,42,USA,Student,Web,Beginner,Coursera,Upskilling,20,10
U04579,35,Germany,Graduate,AI,Beginner,Skillshare,Career Switch,14,24
U04580,38,Canada,Graduate,Data Science,Intermediate,LinkedIn Learning,Upskilling,16,8
U04581,47,Germany,Student,Soft Skills,Beginner,edX,Interview Prep,19,37
U04582,35,India,Graduate,Programming,Advanced,FutureLearn,Interview Prep,8,14
U04583,24,Germany,Postgraduate,Soft Skills,Advanced,LinkedIn Learning,College Project,8,23
U04584,23,India,Student,Cloud,Advanced,edX,Interview Prep,16,23
U04585,25,Germany,Student,Soft Skills,Intermediate,Khan Academy,Career Switch,24,26
U04586,37,Germany,Student,Cloud,Beginner,edX,Interview Prep,26,0
U04587,49,Canada,Postgraduate,Programming,Beginner,edX,Interview Prep,25,48
U04588,33,USA,Student,Soft Skills,Advanced,Udemy,College Project,24,43
U04589,38,Canada,Postgraduate,Soft Skills,Advanced,edX,College Project,30,32
U04590,39,USA,Graduate,Programming,Advanced,Coursera,Promotion,25,5
U04591,23,UK,Postgraduate,Programming,Beginner,edX,Career Switch,14,16
U04592,45,Canada,Postgraduate,AI,Advanced,Khan Academy,Certification,30,8
U04593,40,Germany,Student,Business,Beginner,edX,College Project,8,38
U04594,44,Australia,Postgraduate,Business,Intermediate,Skillshare,Career Switch,27,4
U04595,52,Canada,Postgraduate,Cloud,Advanced,Khan Academy,Promotion,30,36
U04596,25,India,Postgraduate,Web,Advanced,LinkedIn Learning,College Project,20,5
U04597,53,Australia,Postgraduate,Cybersecurity,Intermediate,edX,Certification,7,9
U04598,38,UK,Postgraduate,Cloud,Beginner,edX,Career Switch,20,45
U04599,20,USA,Postgraduate,Design,Intermediate,Coursera,Certification,5,28
U04600,23,Canada,Graduate,Soft Skills,Intermediate,edX,Career Switch,25,16
U04601,35,Australia,Postgraduate,Cloud,Advanced,edX,College Project,3,42
U04602,55,India,Student,Design,Advanced,Udemy,Certification,14,50
U04603,41,Germany,Postgraduate,Cloud,Intermediate,LinkedIn Learning,Upskilling,10,24
U04604,51,Canada,Student,Cybersecurity,Advanced,LinkedIn Learning,Interview Prep,12,31
U04605,55,USA,Student,Business,Beginner,Khan Academy,Interview Prep,17,0
U04606,55,Australia,Postgraduate,Cybersecurity,Intermediate,Skillshare,College Project,23,34
U04607,51,USA,Postgraduate,Data Science,Advanced,LinkedIn Learning,Certification,20,23
U04608,39,India,Student,Business,Intermediate,Udemy,Career Switch,20,11
U04609,42,Canada,Student,Soft Skills,Intermediate,Khan Academy,Certification,8,9
U04610,23,Australia,Postgraduate,Web,Intermediate,edX,Certification,30,16
U04611,40,India,Postgraduate,Cloud,Beginner,Udemy,Upskilling,11,15
U04612,23,Canada,Graduate,Cybersecurity,Beginner,DataCamp,Certification,17,39
U04613,53,USA,Student,Design,Beginner,Khan Academy,Interview Prep,4,36
U04614,46,UK,Postgraduate,Business,Advanced,Skillshare,Upskilling,28,10
U04615,39,India,Postgraduate,Web,Intermediate,edX,Promotion,19,1
U04616,40,Germany,Postgraduate,Design,Beginner,Udemy,Interview Prep,20,45
U04617,20,Australia,Postgraduate,Data Science,Advanced,LinkedIn Learning,Upskilling,11,35
U04618,42,UK,Postgraduate,Design,Beginner,LinkedIn Learning,Interview Prep,28,41
U04619,41,Australia,Graduate,Business,Advanced,FutureLearn,Promotion,17,30
U04620,27,USA,Postgraduate,Data Science,Advanced,Khan Academy,Career Switch,28,40
U04621,21,UK,Postgraduate,Web,Beginner,FutureLearn,College Project,10,13
U04622,54,Australia,Student,Programming,Beginner,DataCamp,Career Switch,11,31
U04623,52,Canada,Postgraduate,Programming,Intermediate,FutureLearn,Interview Prep,18,42
U04624,19,UK,Postgraduate,Web,Advanced,LinkedIn Learning,Promotion,6,2
U04625,53,India,Graduate,Soft Skills,Intermediate,DataCamp,Career Switch,29,37
U04626,28,USA,Postgraduate,Mobile,Intermediate,edX,Interview Prep,30,33
U04627,35,USA,Postgraduate,Programming,Advanced,Skillshare,College Project,19,33
U04628,38,UK,Postgraduate,Cloud,Beginner,Khan Academy,Career Switch,17,31
U04629,31,USA,Student,Cybersecurity,Intermediate,Udemy,Interview Prep,24,49
U04630,22,Canada,Graduate,Mobile,Beginner,Skillshare,Upskilling,4,34
U04631,26,USA,Postgraduate,Soft Skills,Advanced,Coursera,Career Switch,17,5
U04632,42,UK,Graduate,Design,Intermediate,Khan Academy,Upskilling,12,42
U04633,21,UK,Graduate,Soft Skills,Beginner,Coursera,Interview Prep,13,26
U04634,36,India,Postgraduate,Cloud,Intermediate,Coursera,College Project,4,43
U04635,43,Canada,Student,Mobile,Beginner,LinkedIn Learning,College Project,23,32
U04636,42,UK,Student,AI,Beginner,LinkedIn Learning,Career Switch,7,7
U04637,47,Germany,Graduate,Web,Intermediate,Coursera,Promotion,29,24
U04638,44,Germany,Graduate,AI,Intermediate,Skillshare,Upskilling,18,10
U04639,23,Canada,Graduate,Design,Intermediate,Udemy,Interview Prep,30,21
U04640,18,USA,Postgraduate,Cybersecurity,Intermediate,Udemy,Upskilling,21,30
U04641,30,Germany,Graduate,Design,Beginner,LinkedIn Learning,College Project,5,38
U04642,22,Canada,Student,Soft Skills,Advanced,LinkedIn Learning,College Project,29,30
U04643,22,Australia,Graduate,Cloud,Intermediate,DataCamp,College Project,11,42
U04644,31,UK,Postgraduate,Mobile,Advanced,edX,College Project,8,35
U04645,52,Germany,Student,AI,Advanced,Coursera,Interview Prep,23,30
U04646,37,USA,Student,Data Science,Intermediate,FutureLearn,Upskilling,19,9
U04647,52,India,Postgraduate,Cloud,Beginner,LinkedIn Learning,Upskilling,15,16
U04648,42,Germany,Student,Cybersecurity,Intermediate,Skillshare,College Project,7,28
U04649,55,Canada,Graduate,Mobile,Intermediate,FutureLearn,College Project,7,42
U04650,48,Australia,Postgraduate,Design,Intermediate,FutureLearn,Promotion,13,41
U04651,43,Canada,Graduate,Cloud,Advanced,Khan Academy,Certification,9,34
U04652,49,India,Postgraduate,Design,Advanced,Udemy,Promotion,27,47
U04653,54,Canada,Postgraduate,Soft Skills,Beginner,Coursera,Upskilling,24,31
U04654,23,India,Graduate,Business,Intermediate,Khan Academy,College Project,30,49
U04655,30,Australia,Graduate,Data Science,Advanced,LinkedIn Learning,Career Switch,15,3
U04656,50,Germany,Graduate,Cybersecurity,Advanced,Udemy,Promotion,9,44
U04657,24,USA,Student,Soft Skills,Beginner,DataCamp,College Project,16,14
U04658,49,USA,Graduate,Cybersecurity,Advanced,Khan Academy,Upskilling,2,13
U04659,47,Australia,Student,Data Science,Advanced,Skillshare,Upskilling,23,38
U04660,45,USA,Graduate,AI,Beginner,LinkedIn Learning,Career Switch,29,5
U04661,53,USA,Postgraduate,Business,Beginner,LinkedIn Learning,Interview Prep,2,30
U04662,47,Canada,Student,Business,Advanced,FutureLearn,Interview Prep,3,4
U04663,33,USA,Graduate,Business,Intermediate,DataCamp,Interview Prep,13,20
U04664,42,Germany,Postgraduate,Design,Intermediate,edX,Promotion,5,48
U04665,39,India,Postgraduate,Business,Intermediate,Skillshare,Upskilling,2,37
U04666,50,UK,Graduate,Web,Advanced,LinkedIn Learning,Promotion,3,14
U04667,26,Canada,Postgraduate,Mobile,Advanced,FutureLearn,Career Switch,14,42
U04668,40,Canada,Student,AI,Advanced,Skillshare,College Project,24,22
U04669,52,India,Postgraduate,Web,Advanced,Udemy,Career Switch,9,21
U04670,18,UK,Graduate,Data Science,Beginner,Skillshare,Upskilling,5,46
U04671,55,USA,Student,Soft Skills,Advanced,Khan Academy,Certification,30,8
U04672,43,USA,Postgraduate,Business,Beginner,Coursera,Career Switch,14,40
U04673,52,Germany,Graduate,Cloud,Intermediate,Udemy,Interview Prep,11,36
U04674,49,India,Postgraduate,Web,Intermediate,Khan Academy,Career Switch,19,35
U04675,33,USA,Graduate,Mobile,Beginner,Skillshare,Career Switch,22,20
U04676,41,Canada,Postgraduate,Mobile,Beginner,LinkedIn Learning,Interview Prep,17,48
U04677,21,Germany,Graduate,Web,Beginner,LinkedIn Learning,Career Switch,23,4
U04678,25,UK,Graduate,Web,Intermediate,Udemy,Career Switch,20,19
U04679,28,Canada,Graduate,Soft Skills,Advanced,Udemy,College Project,6,45
U04680,24,Canada,Graduate,Design,Intermediate,Udemy,College Project,2,26
U04681,27,Australia,Student,Mobile,Beginner,Khan Academy,Upskilling,17,41
U04682,45,Canada,Student,Mobile,Advanced,Udemy,Career Switch,4,32
U04683,18,Germany,Postgraduate,Design,Beginner,DataCamp,Interview Prep,17,22
U04684,50,Germany,Student,Web,Advanced,Khan Academy,Promotion,25,18
U04685,28,Australia,Postgraduate,Cloud,Beginner,Skillshare,Career Switch,20,47
U04686,18,India,Postgraduate,Web,Beginner,Skillshare,College Project,16,20
U04687,47,USA,Graduate,Soft Skills,Intermediate,Udemy,College Project,8,43
U04688,29,UK,Graduate,Data Science,Intermediate,Coursera,Upskilling,5,39
U04689,21,USA,Postgraduate,Business,Advanced,Skillshare,Promotion,29,5
U04690,40,Canada,Student,Cybersecurity,Intermediate,Skillshare,Upskilling,6,11
U04691,53,Canada,Student,Soft Skills,Beginner,DataCamp,Certification,23,27
U04692,49,USA,Student,Design,Advanced,FutureLearn,Promotion,18,21
U04693,46,India,Graduate,Data Science,Beginner,LinkedIn Learning,Certification,30,25
U04694,18,USA,Student,Data Science,Beginner,Skillshare,Promotion,6,20
U04695,45,Australia,Student,Design,Beginner,LinkedIn Learning,Interview Prep,25,25
U04696,46,India,Graduate,Data Science,Advanced,FutureLearn,Promotion,13,21
U04697,30,Canada,Graduate,Soft Skills,Intermediate,Coursera,Career Switch,16,46
U04698,54,India,Student,Cybersecurity,Intermediate,Udemy,Certification,13,3
U04699,52,Germany,Graduate,Cybersecurity,Beginner,Udemy,Promotion,13,2
U04700,47,Canada,Graduate,Business,Advanced,Udemy,College Project,8,37
U04701,54,Germany,Student,Design,Advanced,LinkedIn Learning,Upskilling,24,15
U04702,51,UK,Graduate,Mobile,Intermediate,DataCamp,Certification,9,11
U04703,41,Canada,Student,Data Science,Advanced,DataCamp,Upskilling,27,29
U04704,29,Australia,Postgraduate,AI,Beginner,Udemy,College Project,19,8
U04705,27,India,Student,Business,Advanced,Udemy,Promotion,21,35
U04706,53,India,Postgraduate,Web,Advanced,Coursera,Promotion,9,50
U04707,45,UK,Student,Web,Advanced,FutureLearn,Upskilling,28,15
U04708,54,India,Graduate,Design,Advanced,DataCamp,Certification,21,44
U04709,49,Germany,Graduate,Soft Skills,Intermediate,Khan Academy,College Project,4,37
U04710,42,Australia,Student,Business,Advanced,DataCamp,Promotion,24,17
U04711,44,UK,Postgraduate,Data Science,Beginner,Skillshare,Certification,29,42
U04712,33,Australia,Graduate,Data Science,Intermediate,FutureLearn,Upskilling,2,47
U04713,39,Germany,Student,AI,Intermediate,Khan Academy,College Project,8,47
U04714,28,UK,Postgraduate,Programming,Intermediate,Skillshare,Promotion,20,0
U04715,30,Canada,Student,Design,Beginner,Coursera,Upskilling,5,9
U04716,21,UK,Graduate,Data Science,Intermediate,DataCamp,College Project,15,41
U04717,40,Canada,Student,AI,Intermediate,LinkedIn Learning,Promotion,30,9
U04718,40,India,Student,Mobile,Beginner,FutureLearn,College Project,8,8
U04719,41,USA,Student,Data Science,Beginner,DataCamp,Upskilling,21,49
U04720,45,USA,Student,AI,Intermediate,Khan Academy,Promotion,4,21
U04721,31,Australia,Student,Web,Intermediate,Coursera,Interview Prep,27,41
U04722,24,Canada,Student,AI,Advanced,DataCamp,Certification,4,39
U04723,21,India,Graduate,Cybersecurity,Beginner,DataCamp,Upskilling,23,23
U04724,47,Germany,Graduate,AI,Beginner,Coursera,Promotion,22,7
U04725,26,Germany,Postgraduate,Cloud,Advanced,FutureLearn,Certification,7,11
U04726,48,Canada,Graduate,Design,Intermediate,Coursera,Upskilling,11,17
U04727,54,USA,Graduate,Design,Beginner,edX,Upskilling,13,8
U04728,23,Australia,Student,Cloud,Advanced,Khan Academy,Upskilling,25,18
U04729,24,Australia,Student,Mobile,Advanced,Khan Academy,Career Switch,6,33
U04730,19,Canada,Student,Mobile,Intermediate,Khan Academy,Career Switch,6,19
U04731,30,Australia,Postgraduate,Design,Intermediate,FutureLearn,Promotion,26,45
U04732,51,UK,Graduate,Business,Beginner,DataCamp,College Project,22,38
U04733,21,India,Postgraduate,Web,Advanced,FutureLearn,Promotion,20,36
U04734,24,UK,Student,Mobile,Intermediate,Skillshare,Certification,7,43
U04735,40,USA,Student,Cloud,Beginner,Khan Academy,College Project,5,27
U04736,19,USA,Student,Design,Intermediate,DataCamp,College Project,30,7
U04737,50,Canada,Postgraduate,Business,Advanced,edX,Upskilling,24,34
U04738,30,Canada,Graduate,Programming,Advanced,edX,Career Switch,27,6
U04739,31,Germany,Graduate,Mobile,Advanced,Udemy,Promotion,18,47
U04740,23,Canada,Graduate,Mobile,Advanced,FutureLearn,Interview Prep,4,45
U04741,41,India,Student,Cloud,Beginner,DataCamp,Upskilling,4,48
U04742,43,USA,Student,Cloud,Advanced,Khan Academy,College Project,14,15
U04743,48,Canada,Postgraduate,Cybersecurity,Advanced,Khan Academy,Career Switch,11,20
U04744,44,USA,Postgraduate,Cybersecurity,Advanced,edX,Interview Prep,10,40
U04745,23,Germany,Postgraduate,Web,Intermediate,DataCamp,Upskilling,18,16
U04746,32,India,Postgraduate,Design,Advanced,Udemy,Certification,18,49
U04747,30,USA,Graduate,Design,Advanced,Udemy,Interview Prep,11,39
U04748,39,Germany,Postgraduate,Programming,Beginner,Khan Academy,Career Switch,27,32
U04749,21,USA,Postgraduate,Cybersecurity,Beginner,Skillshare,Interview Prep,23,25
U04750,47,UK,Graduate,Web,Beginner,Coursera,Career Switch,27,9
U04751,18,Australia,Graduate,Cybersecurity,Beginner,Udemy,Career Switch,13,26
U04752,50,UK,Postgraduate,Programming,Intermediate,DataCamp,Interview Prep,2,46
U04753,19,India,Student,AI,Advanced,Coursera,Promotion,16,40
U04754,33,UK,Postgraduate,Soft Skills,Advanced,DataCamp,Promotion,3,14
U04755,42,India,Postgraduate,Cloud,Intermediate,Udemy,College Project,7,35
U04756,26,USA,Student,Soft Skills,Beginner,Coursera,Promotion,27,48
U04757,55,UK,Graduate,Design,Beginner,Khan Academy,College Project,30,47
U04758,53,Australia,Graduate,Programming,Beginner,Khan Academy,Certification,5,28
U04759,35,Germany,Graduate,Soft Skills,Beginner,DataCamp,College Project,30,28
U04760,31,USA,Graduate,Soft Skills,Advanced,edX,College Project,23,43
U04761,32,USA,Student,Programming,Intermediate,Coursera,Upskilling,22,5
U04762,49,Germany,Postgraduate,Data Science,Advanced,FutureLearn,Career Switch,7,12
U04763,47,Germany,Postgraduate,Business,Beginner,Udemy,Upskilling,28,42
U04764,24,Australia,Graduate,Mobile,Intermediate,Coursera,Interview Prep,5,12
U04765,19,Canada,Postgraduate,AI,Intermediate,Coursera,College Project,21,13
U04766,51,Canada,Student,Data Science,Advanced,Udemy,Career Switch,21,16
U04767,21,Australia,Graduate,Web,Beginner,Coursera,Upskilling,3,12
U04768,23,Germany,Graduate,AI,Beginner,FutureLearn,Career Switch,20,43
U04769,39,USA,Student,AI,Advanced,edX,Interview Prep,9,50
U04770,24,USA,Student,Web,Intermediate,Khan Academy,Interview Prep,25,3
U04771,31,Canada,Graduate,AI,Beginner,LinkedIn Learning,Certification,14,42
U04772,49,Canada,Student,Mobile,Advanced,LinkedIn Learning,College Project,3,18
U04773,18,USA,Graduate,Design,Advanced,Skillshare,Promotion,28,32
U04774,21,India,Postgraduate,Business,Advanced,LinkedIn Learning,Certification,26,22
U04775,45,USA,Student,Mobile,Intermediate,Khan Academy,Promotion,3,34
U04776,38,UK,Postgraduate,Business,Advanced,FutureLearn,Certification,15,23
U04777,37,Germany,Graduate,Design,Advanced,Khan Academy,Certification,26,35
U04778,31,Canada,Student,Design,Intermediate,Udemy,Interview Prep,25,17
U04779,24,Canada,Postgraduate,Design,Intermediate,edX,Certification,30,26
U04780,34,India,Graduate,Web,Beginner,edX,College Project,11,5
U04781,55,USA,Graduate,Soft Skills,Beginner,Skillshare,Career Switch,10,23
U04782,19,USA,Graduate,Soft Skills,Advanced,Coursera,Promotion,12,28
U04783,35,India,Postgraduate,Programming,Advanced,Skillshare,Career Switch,11,24
U04784,50,Australia,Student,Cybersecurity,Beginner,FutureLearn,Upskilling,8,36
U04785,30,Canada,Postgraduate,AI,Intermediate,Khan Academy,Career Switch,11,41
U04786,23,UK,Postgraduate,Data Science,Intermediate,LinkedIn Learning,College Project,23,8
U04787,25,India,Student,Cybersecurity,Intermediate,edX,College Project,27,26
U04788,35,Australia,Graduate,Cloud,Advanced,LinkedIn Learning,Career Switch,2,5
U04789,27,UK,Graduate,Design,Beginner,FutureLearn,Upskilling,7,26
U04790,49,USA,Postgraduate,AI,Beginner,FutureLearn,Interview Prep,27,30
U04791,30,USA,Student,Data Science,Advanced,Khan Academy,Interview Prep,28,7
U04792,31,Australia,Student,Design,Intermediate,DataCamp,College Project,23,18
U04793,41,Australia,Graduate,Cloud,Advanced,Khan Academy,Promotion,26,5
U04794,35,USA,Graduate,Design,Beginner,Skillshare,College Project,15,17
U04795,36,USA,Graduate,Web,Beginner,FutureLearn,College Project,28,15
U04796,36,UK,Postgraduate,Soft Skills,Advanced,edX,Interview Prep,4,35
U04797,41,Germany,Graduate,Design,Advanced,Udemy,College Project,14,47
U04798,31,Canada,Graduate,Web,Beginner,Coursera,Certification,17,17
U04799,38,Canada,Graduate,Business,Intermediate,edX,Promotion,16,31
U04800,35,USA,Graduate,Mobile,Intermediate,LinkedIn Learning,Upskilling,16,38
U04801,43,UK,Student,Web,Beginner,LinkedIn Learning,Certification,7,10
U04802,50,Canada,Graduate,Design,Intermediate,Skillshare,Career Switch,18,24
U04803,23,Canada,Postgraduate,Mobile,Beginner,FutureLearn,College Project,29,34
U04804,35,Germany,Postgraduate,AI,Beginner,Skillshare,College Project,7,16
U04805,26,Australia,Postgraduate,Programming,Beginner,Skillshare,Promotion,12,16
U04806,26,Australia,Student,Business,Advanced,LinkedIn Learning,College Project,10,16
U04807,30,Germany,Graduate,Design,Advanced,LinkedIn Learning,Promotion,15,24
U04808,18,UK,Graduate,Data Science,Beginner,Coursera,Interview Prep,17,44
U04809,26,Germany,Student,AI,Advanced,Skillshare,Interview Prep,17,44
U04810,55,Australia,Postgraduate,Business,Beginner,FutureLearn,College Project,29,15
U04811,51,India,Graduate,Cloud,Intermediate,Coursera,College Project,21,1
U04812,25,India,Student,AI,Advanced,edX,Certification,13,28
U04813,20,Canada,Graduate,Data Science,Intermediate,Udemy,Promotion,14,21
U04814,41,UK,Postgraduate,Cloud,Advanced,Khan Academy,Interview Prep,14,26
U04815,32,USA,Student,Cybersecurity,Intermediate,Udemy,Promotion,20,8
U04816,37,Canada,Postgraduate,Soft Skills,Intermediate,DataCamp,Certification,6,32
U04817,43,Canada,Student,Mobile,Intermediate,Coursera,Upskilling,7,33
U04818,26,Canada,Graduate,Web,Intermediate,DataCamp,College Project,21,44
U04819,46,Australia,Graduate,Web,Beginner,FutureLearn,College Project,10,20
U04820,43,Germany,Graduate,Web,Intermediate,FutureLearn,Interview Prep,26,34
U04821,50,Germany,Postgraduate,Web,Advanced,Coursera,Promotion,9,2
U04822,46,Australia,Graduate,Design,Advanced,Skillshare,College Project,29,25
U04823,49,USA,Student,AI,Beginner,FutureLearn,Promotion,4,8
U04824,28,Australia,Postgraduate,Design,Advanced,Udemy,Career Switch,24,43
U04825,45,India,Graduate,Web,Beginner,edX,Career Switch,19,34
U04826,39,USA,Student,Design,Beginner,FutureLearn,Promotion,3,32
U04827,37,India,Postgraduate,Web,Intermediate,DataCamp,Interview Prep,22,26
U04828,48,UK,Graduate,Mobile,Beginner,Coursera,Promotion,25,33
U04829,39,India,Graduate,AI,Advanced,DataCamp,Upskilling,15,48
U04830,35,Germany,Graduate,Mobile,Beginner,FutureLearn,Upskilling,12,9
U04831,30,USA,Student,Programming,Intermediate,Skillshare,Career Switch,16,48
U04832,42,Australia,Student,Web,Beginner,DataCamp,Promotion,6,14
U04833,27,India,Graduate,Soft Skills,Intermediate,edX,Career Switch,28,39
U04834,37,India,Student,AI,Advanced,edX,Interview Prep,25,40
U04835,53,Canada,Postgraduate,Data Science,Advanced,DataCamp,Career Switch,17,6
U04836,36,USA,Graduate,Design,Beginner,Coursera,Upskilling,6,20
U04837,36,UK,Student,Cloud,Advanced,edX,Upskilling,16,35
U04838,45,UK,Postgraduate,Data Science,Intermediate,Skillshare,Interview Prep,22,11
U04839,47,Germany,Graduate,Programming,Advanced,Coursera,Promotion,23,48
U04840,41,Germany,Postgraduate,Soft Skills,Intermediate,Coursera,Career Switch,20,25
U04841,51,USA,Postgraduate,Mobile,Beginner,LinkedIn Learning,College Project,17,43
U04842,35,Germany,Graduate,Data Science,Beginner,Coursera,Interview Prep,22,46
U04843,35,USA,Student,Mobile,Intermediate,Udemy,Career Switch,21,37
U04844,18,USA,Graduate,Web,Beginner,edX,Promotion,28,4
U04845,40,Germany,Postgraduate,Business,Advanced,Coursera,Certification,24,34
U04846,30,USA,Graduate,Soft Skills,Beginner,LinkedIn Learning,Interview Prep,30,8
U04847,24,USA,Postgraduate,Mobile,Intermediate,edX,Upskilling,19,41
U04848,24,Canada,Postgraduate,Design,Advanced,Coursera,Interview Prep,6,37
U04849,20,USA,Postgraduate,Web,Advanced,Coursera,Upskilling,27,24
U04850,52,India,Student,AI,Intermediate,FutureLearn,Upskilling,29,42
U04851,27,USA,Graduate,Design,Advanced,Khan Academy,College Project,3,0
U04852,41,Canada,Student,Web,Intermediate,Coursera,Upskilling,7,16
U04853,51,USA,Graduate,Web,Beginner,Udemy,Promotion,5,31
U04854,31,India,Postgraduate,Soft Skills,Intermediate,Udemy,Career Switch,14,5
U04855,26,UK,Postgraduate,Design,Intermediate,Skillshare,Promotion,3,15
U04856,18,India,Postgraduate,Web,Advanced,Khan Academy,Upskilling,28,13
U04857,39,UK,Postgraduate,Data Science,Intermediate,FutureLearn,Promotion,26,30
U04858,39,USA,Student,Design,Advanced,LinkedIn Learning,Certification,10,20
U04859,23,USA,Graduate,Business,Advanced,Skillshare,Interview Prep,5,23
U04860,51,Canada,Graduate,Cloud,Advanced,DataCamp,College Project,12,2
U04861,40,USA,Graduate,Mobile,Advanced,DataCamp,Upskilling,8,11
U04862,49,Germany,Postgraduate,Soft Skills,Beginner,Skillshare,Certification,24,26
U04863,43,USA,Student,Business,Advanced,LinkedIn Learning,Interview Prep,18,35
U04864,23,USA,Student,Soft Skills,Advanced,Coursera,Certification,10,40
U04865,22,UK,Student,Design,Intermediate,FutureLearn,College Project,28,33
U04866,54,UK,Graduate,Cybersecurity,Advanced,DataCamp,College Project,23,24
U04867,20,India,Graduate,Web,Intermediate,Khan Academy,Promotion,15,32
U04868,27,Australia,Postgraduate,Business,Intermediate,DataCamp,Career Switch,18,1
U04869,41,USA,Graduate,Mobile,Intermediate,Skillshare,Career Switch,12,24
U04870,23,USA,Graduate,Programming,Beginner,Skillshare,Career Switch,7,11
U04871,43,India,Student,Soft Skills,Advanced,Udemy,Career Switch,5,50
U04872,19,Australia,Postgraduate,Design,Intermediate,Coursera,College Project,24,16
U04873,55,Australia,Student,Web,Intermediate,Coursera,Interview Prep,17,42
U04874,39,Australia,Graduate,Business,Intermediate,Udemy,College Project,12,32
U04875,39,Germany,Graduate,Cloud,Advanced,edX,Upskilling,8,18
U04876,50,Australia,Graduate,Data Science,Beginner,Coursera,Interview Prep,26,49
U04877,33,USA,Graduate,AI,Beginner,Udemy,Promotion,14,39
U04878,45,Canada,Postgraduate,Business,Beginner,Coursera,Interview Prep,6,27
U04879,48,India,Graduate,Data Science,Beginner,Coursera,Upskilling,30,4
U04880,55,Australia,Student,Business,Beginner,Coursera,Upskilling,28,31
U04881,28,USA,Student,Cybersecurity,Intermediate,DataCamp,Certification,26,15
U04882,22,Germany,Student,Business,Intermediate,edX,College Project,20,23
U04883,55,UK,Student,Mobile,Advanced,Skillshare,Interview Prep,18,21
U04884,54,Germany,Postgraduate,Programming,Beginner,Coursera,Upskilling,8,12
U04885,37,Australia,Postgraduate,Programming,Intermediate,Udemy,Promotion,22,47
U04886,47,Canada,Student,Cloud,Advanced,Udemy,College Project,27,21
U04887,18,USA,Graduate,Mobile,Intermediate,edX,Interview Prep,22,43
U04888,20,Australia,Graduate,Business,Beginner,Coursera,Interview Prep,17,37
U04889,41,Germany,Student,Design,Beginner,DataCamp,College Project,16,38
U04890,21,Canada,Postgraduate,Programming,Beginner,DataCamp,Certification,8,20
U04891,37,Australia,Graduate,Mobile,Beginner,DataCamp,Certification,18,50
U04892,34,India,Student,Programming,Intermediate,DataCamp,Upskilling,19,38
U04893,19,UK,Graduate,Business,Advanced,LinkedIn Learning,Career Switch,21,8
U04894,46,Australia,Postgraduate,Soft Skills,Beginner,Udemy,Promotion,24,26
U04895,55,Canada,Postgraduate,Data Science,Intermediate,edX,Career Switch,25,11
U04896,32,USA,Graduate,Cybersecurity,Beginner,DataCamp,College Project,27,41
U04897,48,Australia,Student,Cybersecurity,Advanced,LinkedIn Learning,Interview Prep,22,23
U04898,24,India,Graduate,Business,Advanced,Khan Academy,Promotion,6,12
U04899,24,UK,Student,Soft Skills,Advanced,LinkedIn Learning,Career Switch,12,10
U04900,51,India,Postgraduate,Design,Advanced,FutureLearn,Upskilling,17,15
U04901,52,UK,Graduate,Business,Beginner,FutureLearn,Career Switch,7,34
U04902,47,India,Postgraduate,Design,Intermediate,Khan Academy,Certification,3,24
U04903,48,Canada,Student,Mobile,Intermediate,LinkedIn Learning,Upskilling,23,12
U04904,26,USA,Graduate,Data Science,Intermediate,LinkedIn Learning,College Project,2,24
U04905,54,UK,Graduate,Cybersecurity,Advanced,Khan Academy,College Project,9,26
U04906,53,Germany,Graduate,Cybersecurity,Beginner,Udemy,Promotion,17,6
U04907,21,UK,Student,Business,Beginner,DataCamp,College Project,23,29
U04908,30,India,Graduate,Cloud,Advanced,Udemy,Upskilling,9,38
U04909,36,UK,Postgraduate,Cloud,Beginner,LinkedIn Learning,Certification,14,9
U04910,30,India,Graduate,AI,Intermediate,Khan Academy,Interview Prep,11,23
U04911,43,Germany,Student,Mobile,Intermediate,Coursera,Upskilling,8,29
U04912,39,UK,Graduate,Business,Advanced,Khan Academy,Certification,19,14
U04913,39,Germany,Postgraduate,Design,Beginner,LinkedIn Learning,Career Switch,28,34
U04914,23,India,Graduate,Web,Intermediate,Skillshare,Certification,3,42
U04915,26,USA,Student,Mobile,Intermediate,Khan Academy,Interview Prep,8,23
U04916,39,Australia,Graduate,Cybersecurity,Advanced,Udemy,Interview Prep,23,49
U04917,29,Canada,Postgraduate,Mobile,Intermediate,Skillshare,Upskilling,22,26
U04918,22,UK,Postgraduate,Data Science,Advanced,FutureLearn,Upskilling,6,50
U04919,55,Germany,Postgraduate,Cybersecurity,Intermediate,DataCamp,Career Switch,20,27
U04920,53,Australia,Graduate,Design,Advanced,Skillshare,Upskilling,7,15
U04921,18,Germany,Postgraduate,Soft Skills,Intermediate,DataCamp,Promotion,20,23
U04922,21,USA,Graduate,Mobile,Beginner,FutureLearn,Interview Prep,6,16
U04923,27,Canada,Graduate,Cloud,Beginner,DataCamp,Career Switch,9,24
U04924,52,UK,Student,Soft Skills,Advanced,LinkedIn Learning,Promotion,26,37
U04925,32,Australia,Postgraduate,Cybersecurity,Beginner,FutureLearn,Certification,25,11
U04926,25,Canada,Graduate,AI,Advanced,FutureLearn,Promotion,16,8
U04927,30,Germany,Student,AI,Advanced,DataCamp,Upskilling,20,33
U04928,55,Australia,Postgraduate,Web,Intermediate,edX,Career Switch,11,20
U04929,44,Australia,Student,Soft Skills,Beginner,edX,College Project,19,15
U04930,36,UK,Graduate,AI,Advanced,edX,Interview Prep,6,10
U04931,46,Germany,Postgraduate,Data Science,Intermediate,Coursera,Certification,26,2
U04932,36,USA,Graduate,Cloud,Intermediate,Khan Academy,Promotion,10,26
U04933,20,USA,Postgraduate,Data Science,Beginner,Skillshare,Certification,13,32
U04934,43,USA,Postgraduate,Programming,Beginner,DataCamp,Interview Prep,21,41
U04935,42,Australia,Student,Programming,Advanced,Udemy,Promotion,26,38
U04936,31,Australia,Graduate,Web,Advanced,Coursera,Certification,21,21
U04937,39,Australia,Student,Programming,Beginner,FutureLearn,Certification,4,12
U04938,21,UK,Graduate,Web,Intermediate,DataCamp,Certification,29,20
U04939,22,Canada,Student,Design,Intermediate,edX,Career Switch,6,22
U04940,45,USA,Graduate,Cloud,Beginner,FutureLearn,Interview Prep,5,43
U04941,43,UK,Postgraduate,Business,Intermediate,DataCamp,Upskilling,7,40
U04942,32,India,Graduate,Data Science,Intermediate,Udemy,Career Switch,6,32
U04943,21,USA,Student,Business,Beginner,Udemy,Interview Prep,7,5
U04944,41,UK,Postgraduate,Soft Skills,Beginner,DataCamp,Career Switch,18,28
U04945,26,Canada,Student,Design,Advanced,Khan Academy,Promotion,12,12
U04946,49,Germany,Graduate,Cloud,Advanced,FutureLearn,Promotion,16,25
U04947,36,Australia,Graduate,Programming,Beginner,Skillshare,Certification,23,35
U04948,28,India,Graduate,Mobile,Beginner,Skillshare,Promotion,13,17
U04949,53,UK,Student,Design,Beginner,DataCamp,Interview Prep,9,19
U04950,41,USA,Graduate,Design,Intermediate,LinkedIn Learning,Certification,25,38
U04951,20,Germany,Postgraduate,Design,Beginner,Khan Academy,Upskilling,23,3
U04952,35,UK,Graduate,Cybersecurity,Beginner,FutureLearn,Upskilling,27,6
U04953,35,Australia,Graduate,AI,Beginner,LinkedIn Learning,Certification,26,15
U04954,49,USA,Student,Cybersecurity,Beginner,Khan Academy,Promotion,7,26
U04955,40,USA,Student,Programming,Intermediate,Skillshare,Certification,18,32
U04956,43,USA,Student,Soft Skills,Advanced,Skillshare,Career Switch,15,40
U04957,22,UK,Student,Mobile,Intermediate,FutureLearn,Upskilling,15,5
U04958,34,Australia,Graduate,Mobile,Advanced,Khan Academy,Promotion,5,2
U04959,47,Australia,Postgraduate,Web,Advanced,DataCamp,Upskilling,15,48
U04960,24,USA,Graduate,Cloud,Advanced,FutureLearn,Upskilling,21,27
U04961,40,Canada,Graduate,Programming,Beginner,edX,Upskilling,6,37
U04962,28,USA,Graduate,Design,Intermediate,FutureLearn,Promotion,8,25
U04963,29,USA,Postgraduate,Web,Beginner,Skillshare,Interview Prep,12,3
U04964,39,Canada,Graduate,AI,Beginner,DataCamp,College Project,20,17
U04965,44,Canada,Student,Data Science,Intermediate,Udemy,Career Switch,3,10
U04966,35,India,Student,Cybersecurity,Beginner,edX,Interview Prep,7,16
U04967,40,Canada,Student,Cloud,Intermediate,Skillshare,Career Switch,27,48
U04968,18,Canada,Postgraduate,Mobile,Beginner,Udemy,Promotion,28,14
U04969,31,India,Postgraduate,Data Science,Beginner,Udemy,Certification,18,39
U04970,32,India,Graduate,Soft Skills,Intermediate,edX,Upskilling,13,9
U04971,45,USA,Postgraduate,Data Science,Intermediate,LinkedIn Learning,Certification,13,41
U04972,43,UK,Student,Design,Beginner,Coursera,College Project,24,13
U04973,30,Germany,Student,Cybersecurity,Intermediate,LinkedIn Learning,Promotion,18,36
U04974,25,UK,Graduate,Design,Beginner,Khan Academy,Career Switch,15,37
U04975,26,India,Student,Business,Advanced,Khan Academy,Certification,16,24
U04976,43,Canada,Student,Mobile,Intermediate,DataCamp,Career Switch,10,35
U04977,48,USA,Graduate,Design,Intermediate,Coursera,Upskilling,21,9
U04978,40,USA,Postgraduate,Cloud,Advanced,edX,Interview Prep,13,47
U04979,27,India,Student,Design,Beginner,LinkedIn Learning,College Project,16,32
U04980,26,UK,Graduate,Programming,Beginner,Udemy,Upskilling,2,4
U04981,53,USA,Graduate,Mobile,Intermediate,Khan Academy,Upskilling,15,14
U04982,24,India,Postgraduate,Mobile,Beginner,edX,Interview Prep,14,40
U04983,22,UK,Student,Data Science,Beginner,Coursera,Interview Prep,16,38
U04984,29,Australia,Postgraduate,Cloud,Beginner,Khan Academy,Promotion,18,18
U04985,25,India,Postgraduate,AI,Beginner,edX,Promotion,24,7
U04986,25,Australia,Graduate,Soft Skills,Beginner,DataCamp,Certification,9,29
U04987,27,India,Graduate,Programming,Advanced,LinkedIn Learning,College Project,27,19
U04988,52,USA,Graduate,Data Science,Intermediate,Udemy,Promotion,11,1
U04989,42,India,Student,Soft Skills,Beginner,edX,Certification,13,16
U04990,52,UK,Student,Programming,Beginner,Skillshare,Career Switch,29,10
U04991,37,Germany,Postgraduate,Design,Intermediate,Udemy,Promotion,4,33
U04992,40,UK,Postgraduate,Soft Skills,Intermediate,DataCamp,Career Switch,28,12
U04993,32,Germany,Postgraduate,Soft Skills,Beginner,FutureLearn,Certification,8,43
U04994,51,India,Postgraduate,Data Science,Advanced,edX,Interview Prep,15,42
U04995,34,Canada,Postgraduate,Mobile,Beginner,edX,Upskilling,18,21
U04996,39,USA,Graduate,Design,Intermediate,Coursera,College Project,23,22
U04997,19,India,Graduate,Programming,Beginner,Khan Academy,Certification,22,7
U04998,20,India,Graduate,Cloud,Advanced,edX,Promotion,16,14
U04999,52,India,Graduate,Cloud,Advanced,DataCamp,College Project,13,7
U05000,31,USA,Postgraduate,AI,Beginner,Coursera,College Project,3,38
